2026-05-25 12:07:11 | INFO     | src.utils.utils                | Logging initialized — level=INFO  file=logs\run_20260525_150711.log
2026-05-25 12:07:11 | INFO     | __main__                       | === gestionHvsA-adrsArgy | mode=live ===
2026-05-25 12:07:11 | INFO     | __main__                       | Live mode: 24 months | 2024-01 \u2192 2025-12
2026-05-25 12:07:11 | INFO     | src.utils.utils                | [START] live 2024-01
2026-05-25 12:07:11 | INFO     | src.data.loader                | Starting live-month download: 2024-01-01 \u2192 2024-01-31 (cutoff: 2024-01-31) | tickers: ['YPF', 'GGAL', 'BMA', 'PAM', 'TGS', 'CEPU', 'EDN', 'LOMA', 'CRESY', 'IRS']
2026-05-25 12:07:16 | INFO     | src.data.downloader            | [YPF] 5 weekly rows (2024-01-01 \u2192 2024-01-29)
2026-05-25 12:07:16 | INFO     | src.data.downloader            | [GGAL] 5 weekly rows (2024-01-01 \u2192 2024-01-29)
2026-05-25 12:07:16 | INFO     | src.data.downloader            | [BMA] 5 weekly rows (2024-01-01 \u2192 2024-01-29)
2026-05-25 12:07:16 | INFO     | src.data.downloader            | [PAM] 5 weekly rows (2024-01-01 \u2192 2024-01-29)
2026-05-25 12:07:16 | INFO     | src.data.downloader            | [TGS] 5 weekly rows (2024-01-01 \u2192 2024-01-29)
2026-05-25 12:07:16 | INFO     | src.data.downloader            | [CEPU] 5 weekly rows (2024-01-01 \u2192 2024-01-29)
2026-05-25 12:07:16 | INFO     | src.data.downloader            | [EDN] 5 weekly rows (2024-01-01 \u2192 2024-01-29)
2026-05-25 12:07:16 | INFO     | src.data.downloader            | [LOMA] 5 weekly rows (2024-01-01 \u2192 2024-01-29)
2026-05-25 12:07:16 | INFO     | src.data.downloader            | [CRESY] 5 weekly rows (2024-01-01 \u2192 2024-01-29)
2026-05-25 12:07:16 | INFO     | src.data.downloader            | [IRS] 5 weekly rows (2024-01-01 \u2192 2024-01-29)
2026-05-25 12:07:18 | ERROR    | yfinance                       | HTTP Error 404: {"quoteSummary":{"result":null,"error":{"code":"Not Found","description":"Quote not found for symbol: AL30D.BA"}}}
2026-05-25 12:07:19 | ERROR    | yfinance                       | $AL30D.BA: possibly delisted; no timezone found
2026-05-25 12:07:19 | WARNING  | src.data.scraper_al30d         | [AL30D.BA] all sources failed and no cache available
2026-05-25 12:07:19 | WARNING  | src.data.scraper_al30d         | sovereign_bond: all sources failed — returning empty series
2026-05-25 12:07:19 | INFO     | src.data.scraper_ccl           | CCL: GGAL ratio fallback used (5 observations)
2026-05-25 12:07:20 | INFO     | src.data.scraper_macro         | [macro/ipc] datos.gob.ar: 1 rows
2026-05-25 12:07:21 | WARNING  | src.data.scraper_macro         | [macro/embi] using cached fallback for 2024-01-01 \u2192 2024-01-31
2026-05-25 12:07:22 | INFO     | src.data.scraper_macro         | [macro/reservas] datos.gob.ar: 1 rows
2026-05-25 12:07:22 | INFO     | src.data.scraper_macro         | [macro/tc_oficial] datos.gob.ar: 1 rows
2026-05-25 12:07:22 | INFO     | src.data.validator             | Coverage report [prices]
2026-05-25 12:07:22 | INFO     | src.data.validator             | ----------------------------------------------------------------------------------
2026-05-25 12:07:22 | INFO     | src.data.validator             | asset                 first_date    last_date      rows    nan    nan%  status    
2026-05-25 12:07:22 | INFO     | src.data.validator             | ----------------------------------------------------------------------------------
2026-05-25 12:07:22 | INFO     | src.data.validator             | YPF                   2024-01-01    2024-01-29        5      0   0.00%  LATE +3287d
2026-05-25 12:07:22 | INFO     | src.data.validator             | GGAL                  2024-01-01    2024-01-29        5      0   0.00%  LATE +3287d
2026-05-25 12:07:22 | INFO     | src.data.validator             | BMA                   2024-01-01    2024-01-29        5      0   0.00%  LATE +3287d
2026-05-25 12:07:22 | INFO     | src.data.validator             | PAM                   2024-01-01    2024-01-29        5      0   0.00%  LATE +3287d
2026-05-25 12:07:22 | INFO     | src.data.validator             | TGS                   2024-01-01    2024-01-29        5      0   0.00%  LATE +3287d
2026-05-25 12:07:22 | INFO     | src.data.validator             | CEPU                  2024-01-01    2024-01-29        5      0   0.00%  LATE +3287d
2026-05-25 12:07:22 | INFO     | src.data.validator             | EDN                   2024-01-01    2024-01-29        5      0   0.00%  LATE +3287d
2026-05-25 12:07:22 | INFO     | src.data.validator             | LOMA                  2024-01-01    2024-01-29        5      0   0.00%  LATE +3287d
2026-05-25 12:07:22 | INFO     | src.data.validator             | CRESY                 2024-01-01    2024-01-29        5      0   0.00%  LATE +3287d
2026-05-25 12:07:22 | INFO     | src.data.validator             | IRS                   2024-01-01    2024-01-29        5      0   0.00%  LATE +3287d
2026-05-25 12:07:22 | ERROR    | src.data.validator             | sovereign_bond        MISSING       MISSING           0      0  100.00%  ERROR     
2026-05-25 12:07:22 | INFO     | src.data.validator             | merval                2024-01-01    2024-01-29        5      0   0.00%  LATE +3287d
2026-05-25 12:07:22 | INFO     | src.data.validator             | ccl                   2024-01-05    2024-02-02        5      0   0.00%  LATE +3291d
2026-05-25 12:07:22 | INFO     | src.data.validator             | ----------------------------------------------------------------------------------
2026-05-25 12:07:22 | INFO     | src.data.validator             | Coverage report [macro]
2026-05-25 12:07:22 | INFO     | src.data.validator             | ----------------------------------------------------------------------------------
2026-05-25 12:07:22 | INFO     | src.data.validator             | asset                 first_date    last_date      rows    nan    nan%  status    
2026-05-25 12:07:22 | INFO     | src.data.validator             | ----------------------------------------------------------------------------------
2026-05-25 12:07:22 | INFO     | src.data.validator             | ipc                   2024-01-31    2024-01-31        1      0   0.00%  LATE +3317d
2026-05-25 12:07:22 | ERROR    | src.data.validator             | embi                  MISSING       MISSING           1      1  100.00%  ERROR     
2026-05-25 12:07:22 | INFO     | src.data.validator             | reservas              2024-01-31    2024-01-31        1      0   0.00%  LATE +3317d
2026-05-25 12:07:22 | INFO     | src.data.validator             | tc_oficial            2024-01-31    2024-01-31        1      0   0.00%  LATE +3317d
2026-05-25 12:07:22 | INFO     | src.data.validator             | ----------------------------------------------------------------------------------
2026-05-25 12:07:22 | WARNING  | src.data.loader                | 17 validation warning(s) — data will still be appended.
2026-05-25 12:07:22 | INFO     | src.data.cache_manager         | Appending live month to cache
2026-05-25 12:07:23 | INFO     | src.data.cache_manager         | Live month appended. New last cached date: 2024-02-02
2026-05-25 12:07:23 | INFO     | src.data.loader                | Live month appended successfully. Cutoff: 2024-01-31
2026-05-25 12:07:23 | INFO     | src.features.features          | compute_features: 789 weekly rows | 10 tickers | warm-up = 30 rows
2026-05-25 12:07:28 | INFO     | src.nlp.nlp                    | Loaded from data\news\2024\01 — macro=2 docs, company=35 docs across 6 tickers
2026-05-25 12:07:39 | INFO     | src.nlp.nlp                    | Loading FinBERT (ProsusAI/finbert) on CPU — first call...
2026-05-25 12:07:40 | INFO     | httpx                          | HTTP Request: HEAD https://huggingface.co/ProsusAI/finbert/resolve/main/config.json "HTTP/1.1 307 Temporary Redirect"
2026-05-25 12:07:40 | INFO     | httpx                          | HTTP Request: HEAD https://huggingface.co/api/resolve-cache/models/ProsusAI/finbert/4556d13015211d73dccd3fdd39d39232506f3e43/config.json "HTTP/1.1 200 OK"
2026-05-25 12:07:40 | INFO     | httpx                          | HTTP Request: HEAD https://huggingface.co/ProsusAI/finbert/resolve/main/model.safetensors "HTTP/1.1 404 Not Found"
2026-05-25 12:07:40 | INFO     | httpx                          | HTTP Request: GET https://huggingface.co/api/models/ProsusAI/finbert "HTTP/1.1 200 OK"
2026-05-25 12:07:41 | INFO     | httpx                          | HTTP Request: GET https://huggingface.co/api/models/ProsusAI/finbert/commits/main "HTTP/1.1 200 OK"
2026-05-25 12:07:41 | INFO     | httpx                          | HTTP Request: GET https://huggingface.co/api/models/ProsusAI/finbert/discussions?p=0 "HTTP/1.1 200 OK"
Loading weights:   0%|          | 0/201 [00:00<?, ?it/s]Loading weights: 100%|##########| 201/201 [00:00<00:00, 32016.37it/s]
2026-05-25 12:07:41 | INFO     | httpx                          | HTTP Request: GET https://huggingface.co/api/models/ProsusAI/finbert/commits/refs%2Fpr%2F29 "HTTP/1.1 200 OK"
2026-05-25 12:07:41 | INFO     | httpx                          | HTTP Request: GET https://huggingface.co/api/models/ProsusAI/finbert/tree/main/additional_chat_templates?recursive=false&expand=false "HTTP/1.1 404 Not Found"
2026-05-25 12:07:41 | INFO     | httpx                          | HTTP Request: HEAD https://huggingface.co/ProsusAI/finbert/resolve/refs%2Fpr%2F29/model.safetensors.index.json "HTTP/1.1 404 Not Found"
2026-05-25 12:07:41 | INFO     | httpx                          | HTTP Request: GET https://huggingface.co/api/models/ProsusAI/finbert/tree/main?recursive=true&expand=false "HTTP/1.1 200 OK"
2026-05-25 12:07:41 | INFO     | src.nlp.nlp                    | FinBERT loaded.
[transformers] Token indices sequence length is longer than the specified maximum sequence length for this model (1574 > 512). Running this sequence through the model will result in indexing errors
2026-05-25 12:07:41 | INFO     | httpx                          | HTTP Request: HEAD https://huggingface.co/ProsusAI/finbert/resolve/refs%2Fpr%2F29/model.safetensors "HTTP/1.1 302 Found"
2026-05-25 12:08:50 | INFO     | src.nlp.nlp                    | Monthly sentiment 2024-01 — macro=-0.0211 | company=[BMA=0.000 CEPU=0.006 CRESY=-0.024 EDN=-0.010 GGAL=0.000 IRS=-0.014 LOMA=-0.027 PAM=0.000 TGS=0.000 YPF=0.002]
2026-05-25 12:08:50 | WARNING  | src.signals.regime             | _build_monthly_feature_matrix: 'embi' is entirely NaN — filling with 0.0
2026-05-25 12:08:50 | INFO     | src.signals.regime             | Regime prediction: risk_off (p=0.431) | month=2024-01 | nlp_score=-0.0211
2026-05-25 12:08:50 | INFO     | src.allocation.allocator       | compute_weights: risk_off (p=0.431) | active=[BMA(sma=1.495,score=0.4859), CEPU(sma=1.506,score=0.8198), EDN(sma=1.448,score=0.4885), GGAL(sma=1.509,score=0.5128), IRS(sma=1.311,score=0.3982)] | excluded=[CRESY=1.269, LOMA=1.126, PAM=1.172, TGS=1.238, YPF=1.300] | BMA=0.1796 CEPU=0.3031 EDN=0.1806 GGAL=0.1895 IRS=0.1472
2026-05-25 12:08:50 | INFO     | __main__                       | 2024-01 | risk_off (p=0.431) | nlp_macro=-0.0211 | active=5 excluded=5
2026-05-25 12:08:50 | INFO     | src.utils.utils                | [DONE]  live 2024-01 — 98.39s
2026-05-25 12:08:50 | INFO     | src.utils.utils                | [START] live 2024-02
2026-05-25 12:08:50 | INFO     | src.data.loader                | Starting live-month download: 2024-02-03 \u2192 2024-02-29 (cutoff: 2024-02-29) | tickers: ['YPF', 'GGAL', 'BMA', 'PAM', 'TGS', 'CEPU', 'EDN', 'LOMA', 'CRESY', 'IRS']
2026-05-25 12:08:53 | INFO     | src.data.downloader            | [YPF] 4 weekly rows (2024-02-05 \u2192 2024-02-26)
2026-05-25 12:08:53 | INFO     | src.data.downloader            | [GGAL] 4 weekly rows (2024-02-05 \u2192 2024-02-26)
2026-05-25 12:08:53 | INFO     | src.data.downloader            | [BMA] 4 weekly rows (2024-02-05 \u2192 2024-02-26)
2026-05-25 12:08:53 | INFO     | src.data.downloader            | [PAM] 4 weekly rows (2024-02-05 \u2192 2024-02-26)
2026-05-25 12:08:53 | INFO     | src.data.downloader            | [TGS] 4 weekly rows (2024-02-05 \u2192 2024-02-26)
2026-05-25 12:08:53 | INFO     | src.data.downloader            | [CEPU] 4 weekly rows (2024-02-05 \u2192 2024-02-26)
2026-05-25 12:08:53 | INFO     | src.data.downloader            | [EDN] 4 weekly rows (2024-02-05 \u2192 2024-02-26)
2026-05-25 12:08:53 | INFO     | src.data.downloader            | [LOMA] 4 weekly rows (2024-02-05 \u2192 2024-02-26)
2026-05-25 12:08:53 | INFO     | src.data.downloader            | [CRESY] 4 weekly rows (2024-02-05 \u2192 2024-02-26)
2026-05-25 12:08:53 | INFO     | src.data.downloader            | [IRS] 4 weekly rows (2024-02-05 \u2192 2024-02-26)
2026-05-25 12:08:53 | ERROR    | yfinance                       | HTTP Error 404: {"quoteSummary":{"result":null,"error":{"code":"Not Found","description":"Quote not found for symbol: AL30D.BA"}}}
2026-05-25 12:08:54 | ERROR    | yfinance                       | $AL30D.BA: possibly delisted; no timezone found
2026-05-25 12:08:54 | WARNING  | src.data.scraper_al30d         | [AL30D.BA] all sources failed and no cache available
2026-05-25 12:08:54 | WARNING  | src.data.scraper_al30d         | sovereign_bond: all sources failed — returning empty series
2026-05-25 12:08:55 | INFO     | src.data.scraper_ccl           | CCL: GGAL ratio fallback used (4 observations)
2026-05-25 12:08:56 | WARNING  | src.data.scraper_macro         | [macro/ipc] using cached fallback for 2024-02-03 \u2192 2024-02-29
2026-05-25 12:08:56 | WARNING  | src.data.scraper_macro         | [macro/embi] using cached fallback for 2024-02-03 \u2192 2024-02-29
2026-05-25 12:08:57 | WARNING  | src.data.scraper_macro         | [macro/reservas] using cached fallback for 2024-02-03 \u2192 2024-02-29
2026-05-25 12:08:58 | INFO     | src.data.scraper_macro         | [macro/tc_oficial] datos.gob.ar: 1 rows
2026-05-25 12:08:58 | INFO     | src.data.validator             | Coverage report [prices]
2026-05-25 12:08:58 | INFO     | src.data.validator             | ----------------------------------------------------------------------------------
2026-05-25 12:08:58 | INFO     | src.data.validator             | asset                 first_date    last_date      rows    nan    nan%  status    
2026-05-25 12:08:58 | INFO     | src.data.validator             | ----------------------------------------------------------------------------------
2026-05-25 12:08:58 | INFO     | src.data.validator             | YPF                   2024-02-05    2024-02-26        4      0   0.00%  LATE +3322d
2026-05-25 12:08:58 | INFO     | src.data.validator             | GGAL                  2024-02-05    2024-02-26        4      0   0.00%  LATE +3322d
2026-05-25 12:08:58 | INFO     | src.data.validator             | BMA                   2024-02-05    2024-02-26        4      0   0.00%  LATE +3322d
2026-05-25 12:08:58 | INFO     | src.data.validator             | PAM                   2024-02-05    2024-02-26        4      0   0.00%  LATE +3322d
2026-05-25 12:08:58 | INFO     | src.data.validator             | TGS                   2024-02-05    2024-02-26        4      0   0.00%  LATE +3322d
2026-05-25 12:08:58 | INFO     | src.data.validator             | CEPU                  2024-02-05    2024-02-26        4      0   0.00%  LATE +3322d
2026-05-25 12:08:58 | INFO     | src.data.validator             | EDN                   2024-02-05    2024-02-26        4      0   0.00%  LATE +3322d
2026-05-25 12:08:58 | INFO     | src.data.validator             | LOMA                  2024-02-05    2024-02-26        4      0   0.00%  LATE +3322d
2026-05-25 12:08:58 | INFO     | src.data.validator             | CRESY                 2024-02-05    2024-02-26        4      0   0.00%  LATE +3322d
2026-05-25 12:08:58 | INFO     | src.data.validator             | IRS                   2024-02-05    2024-02-26        4      0   0.00%  LATE +3322d
2026-05-25 12:08:58 | ERROR    | src.data.validator             | sovereign_bond        MISSING       MISSING           0      0  100.00%  ERROR     
2026-05-25 12:08:58 | INFO     | src.data.validator             | merval                2024-02-05    2024-02-26        4      0   0.00%  LATE +3322d
2026-05-25 12:08:58 | INFO     | src.data.validator             | ccl                   2024-02-09    2024-03-01        4      0   0.00%  LATE +3326d
2026-05-25 12:08:58 | INFO     | src.data.validator             | ----------------------------------------------------------------------------------
2026-05-25 12:08:58 | INFO     | src.data.validator             | Coverage report [macro]
2026-05-25 12:08:58 | INFO     | src.data.validator             | ----------------------------------------------------------------------------------
2026-05-25 12:08:58 | INFO     | src.data.validator             | asset                 first_date    last_date      rows    nan    nan%  status    
2026-05-25 12:08:58 | INFO     | src.data.validator             | ----------------------------------------------------------------------------------
2026-05-25 12:08:58 | INFO     | src.data.validator             | ipc                   2024-02-29    2024-02-29        1      0   0.00%  LATE +3346d
2026-05-25 12:08:58 | ERROR    | src.data.validator             | embi                  MISSING       MISSING           1      1  100.00%  ERROR     
2026-05-25 12:08:58 | INFO     | src.data.validator             | reservas              2024-02-29    2024-02-29        1      0   0.00%  LATE +3346d
2026-05-25 12:08:58 | INFO     | src.data.validator             | tc_oficial            2024-02-29    2024-02-29        1      0   0.00%  LATE +3346d
2026-05-25 12:08:58 | INFO     | src.data.validator             | ----------------------------------------------------------------------------------
2026-05-25 12:08:58 | WARNING  | src.data.loader                | 17 validation warning(s) — data will still be appended.
2026-05-25 12:08:58 | INFO     | src.data.cache_manager         | Appending live month to cache
2026-05-25 12:08:58 | INFO     | src.data.cache_manager         | Live month appended. New last cached date: 2024-03-01
2026-05-25 12:08:58 | INFO     | src.data.loader                | Live month appended successfully. Cutoff: 2024-02-29
2026-05-25 12:08:58 | INFO     | src.features.features          | compute_features: 793 weekly rows | 10 tickers | warm-up = 30 rows
2026-05-25 12:09:54 | INFO     | src.nlp.nlp                    | Loaded from data\news\2024\02 — macro=2 docs, company=33 docs across 7 tickers
2026-05-25 12:10:57 | INFO     | src.nlp.nlp                    | Monthly sentiment 2024-02 — macro=0.0340 | company=[BMA=0.001 CEPU=0.072 CRESY=-0.022 EDN=-0.015 GGAL=0.000 IRS=-0.016 LOMA=-0.031 PAM=0.000 TGS=0.000 YPF=0.001]
2026-05-25 12:10:57 | WARNING  | src.signals.regime             | _build_monthly_feature_matrix: 'embi' is entirely NaN — filling with 0.0
2026-05-25 12:10:57 | INFO     | src.signals.regime             | Regime prediction: risk_on (p=0.973) | month=2024-02 | nlp_score=0.0340
2026-05-25 12:10:57 | INFO     | src.allocation.allocator       | compute_weights: risk_on (p=0.973) | active=[BMA(sma=1.672,score=0.6277), CEPU(sma=1.200,score=0.5696), CRESY(sma=1.052,score=0.3091), EDN(sma=1.166,score=0.3160), GGAL(sma=1.464,score=0.4231), IRS(sma=1.123,score=0.4685), LOMA(sma=1.032,score=0.3839), PAM(sma=1.002,score=0.3616), TGS(sma=1.072,score=0.3150), YPF(sma=1.247,score=0.4991)] | excluded=[none] | BMA=0.1469 CEPU=0.1333 CRESY=0.0723 EDN=0.0739 GGAL=0.0990 IRS=0.1096 LOMA=0.0898 PAM=0.0846 TGS=0.0737 YPF=0.1168
2026-05-25 12:10:57 | INFO     | __main__                       | 2024-02 | risk_on (p=0.973) | nlp_macro=0.0340 | active=10 excluded=0
2026-05-25 12:10:57 | INFO     | src.utils.utils                | [DONE]  live 2024-02 — 126.89s
2026-05-25 12:10:57 | INFO     | src.utils.utils                | [START] live 2024-03
2026-05-25 12:10:57 | INFO     | src.data.loader                | Starting live-month download: 2024-03-02 \u2192 2024-03-31 (cutoff: 2024-03-31) | tickers: ['YPF', 'GGAL', 'BMA', 'PAM', 'TGS', 'CEPU', 'EDN', 'LOMA', 'CRESY', 'IRS']
2026-05-25 12:11:02 | INFO     | src.data.downloader            | [YPF] 4 weekly rows (2024-03-04 \u2192 2024-03-25)
2026-05-25 12:11:02 | INFO     | src.data.downloader            | [GGAL] 4 weekly rows (2024-03-04 \u2192 2024-03-25)
2026-05-25 12:11:02 | INFO     | src.data.downloader            | [BMA] 4 weekly rows (2024-03-04 \u2192 2024-03-25)
2026-05-25 12:11:02 | INFO     | src.data.downloader            | [PAM] 4 weekly rows (2024-03-04 \u2192 2024-03-25)
2026-05-25 12:11:02 | INFO     | src.data.downloader            | [TGS] 4 weekly rows (2024-03-04 \u2192 2024-03-25)
2026-05-25 12:11:02 | INFO     | src.data.downloader            | [CEPU] 4 weekly rows (2024-03-04 \u2192 2024-03-25)
2026-05-25 12:11:02 | INFO     | src.data.downloader            | [EDN] 4 weekly rows (2024-03-04 \u2192 2024-03-25)
2026-05-25 12:11:02 | INFO     | src.data.downloader            | [LOMA] 4 weekly rows (2024-03-04 \u2192 2024-03-25)
2026-05-25 12:11:02 | INFO     | src.data.downloader            | [CRESY] 4 weekly rows (2024-03-04 \u2192 2024-03-25)
2026-05-25 12:11:02 | INFO     | src.data.downloader            | [IRS] 4 weekly rows (2024-03-04 \u2192 2024-03-25)
2026-05-25 12:11:03 | ERROR    | yfinance                       | $AL30D.BA: possibly delisted; no timezone found
2026-05-25 12:11:03 | WARNING  | src.data.scraper_al30d         | [AL30D.BA] all sources failed and no cache available
2026-05-25 12:11:03 | WARNING  | src.data.scraper_al30d         | sovereign_bond: all sources failed — returning empty series
2026-05-25 12:11:04 | INFO     | src.data.scraper_ccl           | CCL: GGAL ratio fallback used (4 observations)
2026-05-25 12:11:05 | WARNING  | src.data.scraper_macro         | [macro/ipc] using cached fallback for 2024-03-02 \u2192 2024-03-31
2026-05-25 12:11:05 | WARNING  | src.data.scraper_macro         | [macro/embi] using cached fallback for 2024-03-02 \u2192 2024-03-31
2026-05-25 12:11:06 | WARNING  | src.data.scraper_macro         | [macro/reservas] using cached fallback for 2024-03-02 \u2192 2024-03-31
2026-05-25 12:11:07 | INFO     | src.data.scraper_macro         | [macro/tc_oficial] datos.gob.ar: 1 rows
2026-05-25 12:11:07 | INFO     | src.data.validator             | Coverage report [prices]
2026-05-25 12:11:07 | INFO     | src.data.validator             | ----------------------------------------------------------------------------------
2026-05-25 12:11:07 | INFO     | src.data.validator             | asset                 first_date    last_date      rows    nan    nan%  status    
2026-05-25 12:11:07 | INFO     | src.data.validator             | ----------------------------------------------------------------------------------
2026-05-25 12:11:07 | INFO     | src.data.validator             | YPF                   2024-03-04    2024-03-25        4      0   0.00%  LATE +3350d
2026-05-25 12:11:07 | INFO     | src.data.validator             | GGAL                  2024-03-04    2024-03-25        4      0   0.00%  LATE +3350d
2026-05-25 12:11:07 | INFO     | src.data.validator             | BMA                   2024-03-04    2024-03-25        4      0   0.00%  LATE +3350d
2026-05-25 12:11:07 | INFO     | src.data.validator             | PAM                   2024-03-04    2024-03-25        4      0   0.00%  LATE +3350d
2026-05-25 12:11:07 | INFO     | src.data.validator             | TGS                   2024-03-04    2024-03-25        4      0   0.00%  LATE +3350d
2026-05-25 12:11:07 | INFO     | src.data.validator             | CEPU                  2024-03-04    2024-03-25        4      0   0.00%  LATE +3350d
2026-05-25 12:11:07 | INFO     | src.data.validator             | EDN                   2024-03-04    2024-03-25        4      0   0.00%  LATE +3350d
2026-05-25 12:11:07 | INFO     | src.data.validator             | LOMA                  2024-03-04    2024-03-25        4      0   0.00%  LATE +3350d
2026-05-25 12:11:07 | INFO     | src.data.validator             | CRESY                 2024-03-04    2024-03-25        4      0   0.00%  LATE +3350d
2026-05-25 12:11:07 | INFO     | src.data.validator             | IRS                   2024-03-04    2024-03-25        4      0   0.00%  LATE +3350d
2026-05-25 12:11:07 | ERROR    | src.data.validator             | sovereign_bond        MISSING       MISSING           0      0  100.00%  ERROR     
2026-05-25 12:11:07 | INFO     | src.data.validator             | merval                2024-03-04    2024-03-25        4      0   0.00%  LATE +3350d
2026-05-25 12:11:07 | INFO     | src.data.validator             | ccl                   2024-03-08    2024-03-29        4      0   0.00%  LATE +3354d
2026-05-25 12:11:07 | INFO     | src.data.validator             | ----------------------------------------------------------------------------------
2026-05-25 12:11:07 | INFO     | src.data.validator             | Coverage report [macro]
2026-05-25 12:11:07 | INFO     | src.data.validator             | ----------------------------------------------------------------------------------
2026-05-25 12:11:07 | INFO     | src.data.validator             | asset                 first_date    last_date      rows    nan    nan%  status    
2026-05-25 12:11:07 | INFO     | src.data.validator             | ----------------------------------------------------------------------------------
2026-05-25 12:11:07 | INFO     | src.data.validator             | ipc                   2024-03-31    2024-03-31        1      0   0.00%  LATE +3377d
2026-05-25 12:11:07 | ERROR    | src.data.validator             | embi                  MISSING       MISSING           1      1  100.00%  ERROR     
2026-05-25 12:11:07 | INFO     | src.data.validator             | reservas              2024-03-31    2024-03-31        1      0   0.00%  LATE +3377d
2026-05-25 12:11:07 | INFO     | src.data.validator             | tc_oficial            2024-03-31    2024-03-31        1      0   0.00%  LATE +3377d
2026-05-25 12:11:07 | INFO     | src.data.validator             | ----------------------------------------------------------------------------------
2026-05-25 12:11:07 | WARNING  | src.data.loader                | 17 validation warning(s) — data will still be appended.
2026-05-25 12:11:07 | INFO     | src.data.cache_manager         | Appending live month to cache
2026-05-25 12:11:07 | INFO     | src.data.cache_manager         | Live month appended. New last cached date: 2024-03-31
2026-05-25 12:11:07 | INFO     | src.data.loader                | Live month appended successfully. Cutoff: 2024-03-31
2026-05-25 12:11:07 | INFO     | src.features.features          | compute_features: 797 weekly rows | 10 tickers | warm-up = 30 rows
2026-05-25 12:12:04 | INFO     | src.nlp.nlp                    | Loaded from data\news\2024\03 — macro=3 docs, company=61 docs across 10 tickers
2026-05-25 12:14:24 | INFO     | src.nlp.nlp                    | Monthly sentiment 2024-03 — macro=-0.0158 | company=[BMA=0.008 CEPU=0.007 CRESY=-0.019 EDN=-0.011 GGAL=-0.060 IRS=-0.013 LOMA=-0.028 PAM=0.007 TGS=0.055 YPF=0.003]
2026-05-25 12:14:24 | WARNING  | src.signals.regime             | _build_monthly_feature_matrix: 'embi' is entirely NaN — filling with 0.0
2026-05-25 12:14:24 | INFO     | src.signals.regime             | Regime prediction: risk_on (p=0.980) | month=2024-03 | nlp_score=-0.0158
2026-05-25 12:14:24 | INFO     | src.allocation.allocator       | compute_weights: risk_on (p=0.980) | active=[BMA(sma=1.762,score=0.5870), CEPU(sma=1.282,score=0.3100), CRESY(sma=1.146,score=0.5122), EDN(sma=1.180,score=0.2419), GGAL(sma=1.535,score=0.4814), IRS(sma=1.288,score=0.4804), LOMA(sma=1.032,score=0.4671), PAM(sma=1.017,score=0.3350), TGS(sma=1.178,score=0.2917), YPF(sma=1.339,score=0.4985)] | excluded=[none] | BMA=0.1396 CEPU=0.0737 CRESY=0.1218 EDN=0.0575 GGAL=0.1145 IRS=0.1142 LOMA=0.1111 PAM=0.0797 TGS=0.0694 YPF=0.1185
2026-05-25 12:14:24 | INFO     | __main__                       | 2024-03 | risk_on (p=0.980) | nlp_macro=-0.0158 | active=10 excluded=0
2026-05-25 12:14:24 | INFO     | src.utils.utils                | [DONE]  live 2024-03 — 206.91s
2026-05-25 12:14:24 | INFO     | src.utils.utils                | [START] live 2024-04
2026-05-25 12:14:24 | INFO     | src.data.loader                | Starting live-month download: 2024-04-01 \u2192 2024-04-30 (cutoff: 2024-04-30) | tickers: ['YPF', 'GGAL', 'BMA', 'PAM', 'TGS', 'CEPU', 'EDN', 'LOMA', 'CRESY', 'IRS']
2026-05-25 12:14:28 | INFO     | src.data.downloader            | [YPF] 5 weekly rows (2024-04-01 \u2192 2024-04-29)
2026-05-25 12:14:28 | INFO     | src.data.downloader            | [GGAL] 5 weekly rows (2024-04-01 \u2192 2024-04-29)
2026-05-25 12:14:28 | INFO     | src.data.downloader            | [BMA] 5 weekly rows (2024-04-01 \u2192 2024-04-29)
2026-05-25 12:14:28 | INFO     | src.data.downloader            | [PAM] 5 weekly rows (2024-04-01 \u2192 2024-04-29)
2026-05-25 12:14:28 | INFO     | src.data.downloader            | [TGS] 5 weekly rows (2024-04-01 \u2192 2024-04-29)
2026-05-25 12:14:28 | INFO     | src.data.downloader            | [CEPU] 5 weekly rows (2024-04-01 \u2192 2024-04-29)
2026-05-25 12:14:28 | INFO     | src.data.downloader            | [EDN] 5 weekly rows (2024-04-01 \u2192 2024-04-29)
2026-05-25 12:14:28 | INFO     | src.data.downloader            | [LOMA] 5 weekly rows (2024-04-01 \u2192 2024-04-29)
2026-05-25 12:14:28 | INFO     | src.data.downloader            | [CRESY] 5 weekly rows (2024-04-01 \u2192 2024-04-29)
2026-05-25 12:14:28 | INFO     | src.data.downloader            | [IRS] 5 weekly rows (2024-04-01 \u2192 2024-04-29)
2026-05-25 12:14:28 | ERROR    | yfinance                       | $AL30D.BA: possibly delisted; no timezone found
2026-05-25 12:14:28 | WARNING  | src.data.scraper_al30d         | [AL30D.BA] all sources failed and no cache available
2026-05-25 12:14:28 | WARNING  | src.data.scraper_al30d         | sovereign_bond: all sources failed — returning empty series
2026-05-25 12:14:29 | INFO     | src.data.scraper_ccl           | CCL: GGAL ratio fallback used (5 observations)
2026-05-25 12:14:30 | INFO     | src.data.scraper_macro         | [macro/ipc] datos.gob.ar: 1 rows
2026-05-25 12:14:30 | WARNING  | src.data.scraper_macro         | [macro/embi] using cached fallback for 2024-04-01 \u2192 2024-04-30
2026-05-25 12:14:31 | INFO     | src.data.scraper_macro         | [macro/reservas] datos.gob.ar: 1 rows
2026-05-25 12:14:32 | INFO     | src.data.scraper_macro         | [macro/tc_oficial] datos.gob.ar: 1 rows
2026-05-25 12:14:32 | INFO     | src.data.validator             | Coverage report [prices]
2026-05-25 12:14:32 | INFO     | src.data.validator             | ----------------------------------------------------------------------------------
2026-05-25 12:14:32 | INFO     | src.data.validator             | asset                 first_date    last_date      rows    nan    nan%  status    
2026-05-25 12:14:32 | INFO     | src.data.validator             | ----------------------------------------------------------------------------------
2026-05-25 12:14:32 | INFO     | src.data.validator             | YPF                   2024-04-01    2024-04-29        5      0   0.00%  LATE +3378d
2026-05-25 12:14:32 | INFO     | src.data.validator             | GGAL                  2024-04-01    2024-04-29        5      0   0.00%  LATE +3378d
2026-05-25 12:14:32 | INFO     | src.data.validator             | BMA                   2024-04-01    2024-04-29        5      0   0.00%  LATE +3378d
2026-05-25 12:14:32 | INFO     | src.data.validator             | PAM                   2024-04-01    2024-04-29        5      0   0.00%  LATE +3378d
2026-05-25 12:14:32 | INFO     | src.data.validator             | TGS                   2024-04-01    2024-04-29        5      0   0.00%  LATE +3378d
2026-05-25 12:14:32 | INFO     | src.data.validator             | CEPU                  2024-04-01    2024-04-29        5      0   0.00%  LATE +3378d
2026-05-25 12:14:32 | INFO     | src.data.validator             | EDN                   2024-04-01    2024-04-29        5      0   0.00%  LATE +3378d
2026-05-25 12:14:32 | INFO     | src.data.validator             | LOMA                  2024-04-01    2024-04-29        5      0   0.00%  LATE +3378d
2026-05-25 12:14:32 | INFO     | src.data.validator             | CRESY                 2024-04-01    2024-04-29        5      0   0.00%  LATE +3378d
2026-05-25 12:14:32 | INFO     | src.data.validator             | IRS                   2024-04-01    2024-04-29        5      0   0.00%  LATE +3378d
2026-05-25 12:14:32 | ERROR    | src.data.validator             | sovereign_bond        MISSING       MISSING           0      0  100.00%  ERROR     
2026-05-25 12:14:32 | INFO     | src.data.validator             | merval                2024-04-01    2024-04-29        5      0   0.00%  LATE +3378d
2026-05-25 12:14:32 | INFO     | src.data.validator             | ccl                   2024-04-05    2024-05-03        5      0   0.00%  LATE +3382d
2026-05-25 12:14:32 | INFO     | src.data.validator             | ----------------------------------------------------------------------------------
2026-05-25 12:14:32 | INFO     | src.data.validator             | Coverage report [macro]
2026-05-25 12:14:32 | INFO     | src.data.validator             | ----------------------------------------------------------------------------------
2026-05-25 12:14:32 | INFO     | src.data.validator             | asset                 first_date    last_date      rows    nan    nan%  status    
2026-05-25 12:14:32 | INFO     | src.data.validator             | ----------------------------------------------------------------------------------
2026-05-25 12:14:32 | INFO     | src.data.validator             | ipc                   2024-04-30    2024-04-30        1      0   0.00%  LATE +3407d
2026-05-25 12:14:32 | ERROR    | src.data.validator             | embi                  MISSING       MISSING           1      1  100.00%  ERROR     
2026-05-25 12:14:32 | INFO     | src.data.validator             | reservas              2024-04-30    2024-04-30        1      0   0.00%  LATE +3407d
2026-05-25 12:14:32 | INFO     | src.data.validator             | tc_oficial            2024-04-30    2024-04-30        1      0   0.00%  LATE +3407d
2026-05-25 12:14:32 | INFO     | src.data.validator             | ----------------------------------------------------------------------------------
2026-05-25 12:14:32 | WARNING  | src.data.loader                | 17 validation warning(s) — data will still be appended.
2026-05-25 12:14:32 | INFO     | src.data.cache_manager         | Appending live month to cache
2026-05-25 12:14:32 | INFO     | src.data.cache_manager         | Live month appended. New last cached date: 2024-05-03
2026-05-25 12:14:32 | INFO     | src.data.loader                | Live month appended successfully. Cutoff: 2024-04-30
2026-05-25 12:14:32 | INFO     | src.features.features          | compute_features: 802 weekly rows | 10 tickers | warm-up = 30 rows
2026-05-25 12:15:27 | INFO     | src.nlp.nlp                    | Loaded from data\news\2024\04 — macro=2 docs, company=50 docs across 10 tickers
2026-05-25 12:17:21 | INFO     | src.nlp.nlp                    | Monthly sentiment 2024-04 — macro=0.0319 | company=[BMA=0.003 CEPU=-0.028 CRESY=-0.020 EDN=-0.026 GGAL=-0.040 IRS=-0.013 LOMA=-0.045 PAM=-0.001 TGS=0.015 YPF=0.003]
2026-05-25 12:17:21 | WARNING  | src.signals.regime             | _build_monthly_feature_matrix: 'embi' is entirely NaN — filling with 0.0
2026-05-25 12:17:21 | INFO     | src.signals.regime             | Regime prediction: risk_on (p=0.971) | month=2024-04 | nlp_score=0.0319
2026-05-25 12:17:21 | INFO     | src.allocation.allocator       | compute_weights: risk_on (p=0.971) | active=[BMA(sma=1.647,score=0.6447), CEPU(sma=1.308,score=0.2915), CRESY(sma=1.168,score=0.5106), EDN(sma=1.076,score=0.1429), GGAL(sma=1.665,score=0.7908), IRS(sma=1.216,score=0.4494), LOMA(sma=1.085,score=0.5315), PAM(sma=1.034,score=0.2822), TGS(sma=1.292,score=0.2960), YPF(sma=1.358,score=0.4575)] | excluded=[none] | BMA=0.1466 CEPU=0.0663 CRESY=0.1161 EDN=0.0325 GGAL=0.1798 IRS=0.1022 LOMA=0.1209 PAM=0.0642 TGS=0.0673 YPF=0.1040
2026-05-25 12:17:21 | INFO     | __main__                       | 2024-04 | risk_on (p=0.971) | nlp_macro=0.0319 | active=10 excluded=0
2026-05-25 12:17:21 | INFO     | src.utils.utils                | [DONE]  live 2024-04 — 177.09s
2026-05-25 12:17:21 | INFO     | src.utils.utils                | [START] live 2024-05
2026-05-25 12:17:21 | INFO     | src.data.loader                | Starting live-month download: 2024-05-04 \u2192 2024-05-31 (cutoff: 2024-05-31) | tickers: ['YPF', 'GGAL', 'BMA', 'PAM', 'TGS', 'CEPU', 'EDN', 'LOMA', 'CRESY', 'IRS']
2026-05-25 12:17:26 | INFO     | src.data.downloader            | [YPF] 4 weekly rows (2024-05-06 \u2192 2024-05-27)
2026-05-25 12:17:26 | INFO     | src.data.downloader            | [GGAL] 4 weekly rows (2024-05-06 \u2192 2024-05-27)
2026-05-25 12:17:26 | INFO     | src.data.downloader            | [BMA] 4 weekly rows (2024-05-06 \u2192 2024-05-27)
2026-05-25 12:17:26 | INFO     | src.data.downloader            | [PAM] 4 weekly rows (2024-05-06 \u2192 2024-05-27)
2026-05-25 12:17:26 | INFO     | src.data.downloader            | [TGS] 4 weekly rows (2024-05-06 \u2192 2024-05-27)
2026-05-25 12:17:26 | INFO     | src.data.downloader            | [CEPU] 4 weekly rows (2024-05-06 \u2192 2024-05-27)
2026-05-25 12:17:26 | INFO     | src.data.downloader            | [EDN] 4 weekly rows (2024-05-06 \u2192 2024-05-27)
2026-05-25 12:17:26 | INFO     | src.data.downloader            | [LOMA] 4 weekly rows (2024-05-06 \u2192 2024-05-27)
2026-05-25 12:17:26 | INFO     | src.data.downloader            | [CRESY] 4 weekly rows (2024-05-06 \u2192 2024-05-27)
2026-05-25 12:17:26 | INFO     | src.data.downloader            | [IRS] 4 weekly rows (2024-05-06 \u2192 2024-05-27)
2026-05-25 12:17:27 | ERROR    | yfinance                       | $AL30D.BA: possibly delisted; no timezone found
2026-05-25 12:17:27 | WARNING  | src.data.scraper_al30d         | [AL30D.BA] all sources failed and no cache available
2026-05-25 12:17:27 | WARNING  | src.data.scraper_al30d         | sovereign_bond: all sources failed — returning empty series
2026-05-25 12:17:28 | INFO     | src.data.scraper_ccl           | CCL: GGAL ratio fallback used (4 observations)
2026-05-25 12:17:29 | WARNING  | src.data.scraper_macro         | [macro/ipc] using cached fallback for 2024-05-04 \u2192 2024-05-31
2026-05-25 12:17:30 | WARNING  | src.data.scraper_macro         | [macro/embi] using cached fallback for 2024-05-04 \u2192 2024-05-31
2026-05-25 12:17:30 | WARNING  | src.data.scraper_macro         | [macro/reservas] using cached fallback for 2024-05-04 \u2192 2024-05-31
2026-05-25 12:17:31 | INFO     | src.data.scraper_macro         | [macro/tc_oficial] datos.gob.ar: 1 rows
2026-05-25 12:17:31 | INFO     | src.data.validator             | Coverage report [prices]
2026-05-25 12:17:31 | INFO     | src.data.validator             | ----------------------------------------------------------------------------------
2026-05-25 12:17:31 | INFO     | src.data.validator             | asset                 first_date    last_date      rows    nan    nan%  status    
2026-05-25 12:17:31 | INFO     | src.data.validator             | ----------------------------------------------------------------------------------
2026-05-25 12:17:31 | INFO     | src.data.validator             | YPF                   2024-05-06    2024-05-27        4      0   0.00%  LATE +3413d
2026-05-25 12:17:31 | INFO     | src.data.validator             | GGAL                  2024-05-06    2024-05-27        4      0   0.00%  LATE +3413d
2026-05-25 12:17:31 | INFO     | src.data.validator             | BMA                   2024-05-06    2024-05-27        4      0   0.00%  LATE +3413d
2026-05-25 12:17:31 | INFO     | src.data.validator             | PAM                   2024-05-06    2024-05-27        4      0   0.00%  LATE +3413d
2026-05-25 12:17:31 | INFO     | src.data.validator             | TGS                   2024-05-06    2024-05-27        4      0   0.00%  LATE +3413d
2026-05-25 12:17:31 | INFO     | src.data.validator             | CEPU                  2024-05-06    2024-05-27        4      0   0.00%  LATE +3413d
2026-05-25 12:17:31 | INFO     | src.data.validator             | EDN                   2024-05-06    2024-05-27        4      0   0.00%  LATE +3413d
2026-05-25 12:17:31 | INFO     | src.data.validator             | LOMA                  2024-05-06    2024-05-27        4      0   0.00%  LATE +3413d
2026-05-25 12:17:31 | INFO     | src.data.validator             | CRESY                 2024-05-06    2024-05-27        4      0   0.00%  LATE +3413d
2026-05-25 12:17:31 | INFO     | src.data.validator             | IRS                   2024-05-06    2024-05-27        4      0   0.00%  LATE +3413d
2026-05-25 12:17:31 | ERROR    | src.data.validator             | sovereign_bond        MISSING       MISSING           0      0  100.00%  ERROR     
2026-05-25 12:17:31 | INFO     | src.data.validator             | merval                2024-05-06    2024-05-27        4      0   0.00%  LATE +3413d
2026-05-25 12:17:31 | INFO     | src.data.validator             | ccl                   2024-05-10    2024-05-31        4      0   0.00%  LATE +3417d
2026-05-25 12:17:31 | INFO     | src.data.validator             | ----------------------------------------------------------------------------------
2026-05-25 12:17:31 | INFO     | src.data.validator             | Coverage report [macro]
2026-05-25 12:17:31 | INFO     | src.data.validator             | ----------------------------------------------------------------------------------
2026-05-25 12:17:31 | INFO     | src.data.validator             | asset                 first_date    last_date      rows    nan    nan%  status    
2026-05-25 12:17:31 | INFO     | src.data.validator             | ----------------------------------------------------------------------------------
2026-05-25 12:17:31 | INFO     | src.data.validator             | ipc                   2024-05-31    2024-05-31        1      0   0.00%  LATE +3438d
2026-05-25 12:17:31 | ERROR    | src.data.validator             | embi                  MISSING       MISSING           1      1  100.00%  ERROR     
2026-05-25 12:17:31 | INFO     | src.data.validator             | reservas              2024-05-31    2024-05-31        1      0   0.00%  LATE +3438d
2026-05-25 12:17:31 | INFO     | src.data.validator             | tc_oficial            2024-05-31    2024-05-31        1      0   0.00%  LATE +3438d
2026-05-25 12:17:31 | INFO     | src.data.validator             | ----------------------------------------------------------------------------------
2026-05-25 12:17:31 | WARNING  | src.data.loader                | 17 validation warning(s) — data will still be appended.
2026-05-25 12:17:31 | INFO     | src.data.cache_manager         | Appending live month to cache
2026-05-25 12:17:31 | INFO     | src.data.cache_manager         | Live month appended. New last cached date: 2024-05-31
2026-05-25 12:17:31 | INFO     | src.data.loader                | Live month appended successfully. Cutoff: 2024-05-31
2026-05-25 12:17:32 | INFO     | src.features.features          | compute_features: 806 weekly rows | 10 tickers | warm-up = 30 rows
2026-05-25 12:18:27 | INFO     | src.nlp.nlp                    | Loaded from data\news\2024\05 — macro=3 docs, company=54 docs across 10 tickers
2026-05-25 12:20:24 | INFO     | src.nlp.nlp                    | Monthly sentiment 2024-05 — macro=0.0036 | company=[BMA=0.012 CEPU=0.006 CRESY=-0.019 EDN=-0.018 GGAL=-0.032 IRS=-0.016 LOMA=-0.027 PAM=0.008 TGS=0.051 YPF=0.001]
2026-05-25 12:20:24 | WARNING  | src.signals.regime             | _build_monthly_feature_matrix: 'embi' is entirely NaN — filling with 0.0
2026-05-25 12:20:24 | INFO     | src.signals.regime             | Regime prediction: risk_on (p=0.844) | month=2024-05 | nlp_score=0.0036
2026-05-25 12:20:24 | INFO     | src.allocation.allocator       | compute_weights: risk_on (p=0.844) | active=[BMA(sma=1.710,score=0.5919), CEPU(sma=1.170,score=0.2718), CRESY(sma=1.151,score=0.4576), EDN(sma=1.077,score=0.1027), GGAL(sma=1.589,score=0.6295), IRS(sma=1.353,score=0.4945), LOMA(sma=1.103,score=0.4782), PAM(sma=1.117,score=0.4236), TGS(sma=1.337,score=0.4181), YPF(sma=1.305,score=0.4110)] | excluded=[none] | BMA=0.1383 CEPU=0.0635 CRESY=0.1069 EDN=0.0240 GGAL=0.1471 IRS=0.1156 LOMA=0.1118 PAM=0.0990 TGS=0.0977 YPF=0.0961
2026-05-25 12:20:24 | INFO     | __main__                       | 2024-05 | risk_on (p=0.844) | nlp_macro=0.0036 | active=10 excluded=0
2026-05-25 12:20:24 | INFO     | src.utils.utils                | [DONE]  live 2024-05 — 183.67s
2026-05-25 12:20:24 | INFO     | src.utils.utils                | [START] live 2024-06
2026-05-25 12:20:24 | INFO     | src.data.loader                | Starting live-month download: 2024-06-01 \u2192 2024-06-30 (cutoff: 2024-06-30) | tickers: ['YPF', 'GGAL', 'BMA', 'PAM', 'TGS', 'CEPU', 'EDN', 'LOMA', 'CRESY', 'IRS']
2026-05-25 12:20:31 | INFO     | src.data.downloader            | [YPF] 4 weekly rows (2024-06-03 \u2192 2024-06-24)
2026-05-25 12:20:31 | INFO     | src.data.downloader            | [GGAL] 4 weekly rows (2024-06-03 \u2192 2024-06-24)
2026-05-25 12:20:31 | INFO     | src.data.downloader            | [BMA] 4 weekly rows (2024-06-03 \u2192 2024-06-24)
2026-05-25 12:20:31 | INFO     | src.data.downloader            | [PAM] 4 weekly rows (2024-06-03 \u2192 2024-06-24)
2026-05-25 12:20:31 | INFO     | src.data.downloader            | [TGS] 4 weekly rows (2024-06-03 \u2192 2024-06-24)
2026-05-25 12:20:31 | INFO     | src.data.downloader            | [CEPU] 4 weekly rows (2024-06-03 \u2192 2024-06-24)
2026-05-25 12:20:31 | INFO     | src.data.downloader            | [EDN] 4 weekly rows (2024-06-03 \u2192 2024-06-24)
2026-05-25 12:20:31 | INFO     | src.data.downloader            | [LOMA] 4 weekly rows (2024-06-03 \u2192 2024-06-24)
2026-05-25 12:20:31 | INFO     | src.data.downloader            | [CRESY] 4 weekly rows (2024-06-03 \u2192 2024-06-24)
2026-05-25 12:20:31 | INFO     | src.data.downloader            | [IRS] 4 weekly rows (2024-06-03 \u2192 2024-06-24)
2026-05-25 12:20:31 | ERROR    | yfinance                       | $AL30D.BA: possibly delisted; no timezone found
2026-05-25 12:20:31 | WARNING  | src.data.scraper_al30d         | [AL30D.BA] all sources failed and no cache available
2026-05-25 12:20:31 | WARNING  | src.data.scraper_al30d         | sovereign_bond: all sources failed — returning empty series
2026-05-25 12:20:32 | INFO     | src.data.scraper_ccl           | CCL: GGAL ratio fallback used (4 observations)
2026-05-25 12:20:33 | INFO     | src.data.scraper_macro         | [macro/ipc] datos.gob.ar: 1 rows
2026-05-25 12:20:34 | WARNING  | src.data.scraper_macro         | [macro/embi] using cached fallback for 2024-06-01 \u2192 2024-06-30
2026-05-25 12:20:34 | INFO     | src.data.scraper_macro         | [macro/reservas] datos.gob.ar: 1 rows
2026-05-25 12:20:35 | INFO     | src.data.scraper_macro         | [macro/tc_oficial] datos.gob.ar: 1 rows
2026-05-25 12:20:35 | INFO     | src.data.validator             | Coverage report [prices]
2026-05-25 12:20:35 | INFO     | src.data.validator             | ----------------------------------------------------------------------------------
2026-05-25 12:20:35 | INFO     | src.data.validator             | asset                 first_date    last_date      rows    nan    nan%  status    
2026-05-25 12:20:35 | INFO     | src.data.validator             | ----------------------------------------------------------------------------------
2026-05-25 12:20:35 | INFO     | src.data.validator             | YPF                   2024-06-03    2024-06-24        4      0   0.00%  LATE +3441d
2026-05-25 12:20:35 | INFO     | src.data.validator             | GGAL                  2024-06-03    2024-06-24        4      0   0.00%  LATE +3441d
2026-05-25 12:20:35 | INFO     | src.data.validator             | BMA                   2024-06-03    2024-06-24        4      0   0.00%  LATE +3441d
2026-05-25 12:20:35 | INFO     | src.data.validator             | PAM                   2024-06-03    2024-06-24        4      0   0.00%  LATE +3441d
2026-05-25 12:20:35 | INFO     | src.data.validator             | TGS                   2024-06-03    2024-06-24        4      0   0.00%  LATE +3441d
2026-05-25 12:20:35 | INFO     | src.data.validator             | CEPU                  2024-06-03    2024-06-24        4      0   0.00%  LATE +3441d
2026-05-25 12:20:35 | INFO     | src.data.validator             | EDN                   2024-06-03    2024-06-24        4      0   0.00%  LATE +3441d
2026-05-25 12:20:35 | INFO     | src.data.validator             | LOMA                  2024-06-03    2024-06-24        4      0   0.00%  LATE +3441d
2026-05-25 12:20:35 | INFO     | src.data.validator             | CRESY                 2024-06-03    2024-06-24        4      0   0.00%  LATE +3441d
2026-05-25 12:20:35 | INFO     | src.data.validator             | IRS                   2024-06-03    2024-06-24        4      0   0.00%  LATE +3441d
2026-05-25 12:20:35 | ERROR    | src.data.validator             | sovereign_bond        MISSING       MISSING           0      0  100.00%  ERROR     
2026-05-25 12:20:35 | INFO     | src.data.validator             | merval                2024-06-03    2024-06-24        4      0   0.00%  LATE +3441d
2026-05-25 12:20:35 | INFO     | src.data.validator             | ccl                   2024-06-07    2024-06-28        4      0   0.00%  LATE +3445d
2026-05-25 12:20:35 | INFO     | src.data.validator             | ----------------------------------------------------------------------------------
2026-05-25 12:20:35 | INFO     | src.data.validator             | Coverage report [macro]
2026-05-25 12:20:35 | INFO     | src.data.validator             | ----------------------------------------------------------------------------------
2026-05-25 12:20:35 | INFO     | src.data.validator             | asset                 first_date    last_date      rows    nan    nan%  status    
2026-05-25 12:20:35 | INFO     | src.data.validator             | ----------------------------------------------------------------------------------
2026-05-25 12:20:35 | INFO     | src.data.validator             | ipc                   2024-06-30    2024-06-30        1      0   0.00%  LATE +3468d
2026-05-25 12:20:35 | ERROR    | src.data.validator             | embi                  MISSING       MISSING           1      1  100.00%  ERROR     
2026-05-25 12:20:35 | INFO     | src.data.validator             | reservas              2024-06-30    2024-06-30        1      0   0.00%  LATE +3468d
2026-05-25 12:20:35 | INFO     | src.data.validator             | tc_oficial            2024-06-30    2024-06-30        1      0   0.00%  LATE +3468d
2026-05-25 12:20:35 | INFO     | src.data.validator             | ----------------------------------------------------------------------------------
2026-05-25 12:20:35 | WARNING  | src.data.loader                | 17 validation warning(s) — data will still be appended.
2026-05-25 12:20:35 | INFO     | src.data.cache_manager         | Appending live month to cache
2026-05-25 12:20:35 | INFO     | src.data.cache_manager         | Live month appended. New last cached date: 2024-06-30
2026-05-25 12:20:35 | INFO     | src.data.loader                | Live month appended successfully. Cutoff: 2024-06-30
2026-05-25 12:20:36 | INFO     | src.features.features          | compute_features: 810 weekly rows | 10 tickers | warm-up = 30 rows
2026-05-25 12:21:27 | INFO     | src.nlp.nlp                    | Loaded from data\news\2024\06 — macro=3 docs, company=22 docs across 7 tickers
2026-05-25 12:22:15 | INFO     | src.nlp.nlp                    | Monthly sentiment 2024-06 — macro=-0.0075 | company=[BMA=0.006 CEPU=0.006 CRESY=-0.020 EDN=0.000 GGAL=-0.041 IRS=-0.015 LOMA=0.000 PAM=0.008 TGS=0.049 YPF=0.000]
2026-05-25 12:22:15 | WARNING  | src.signals.regime             | _build_monthly_feature_matrix: 'embi' is entirely NaN — filling with 0.0
2026-05-25 12:22:15 | INFO     | src.signals.regime             | Regime prediction: risk_on (p=0.996) | month=2024-06 | nlp_score=-0.0075
2026-05-25 12:22:15 | INFO     | src.allocation.allocator       | compute_weights: risk_on (p=0.996) | active=[BMA(sma=1.340,score=0.5625), CEPU(sma=1.008,score=0.4733), GGAL(sma=1.247,score=0.5374), IRS(sma=1.051,score=0.2498), TGS(sma=1.208,score=0.5793), YPF(sma=1.060,score=0.4275)] | excluded=[CRESY=0.981, EDN=0.937, LOMA=0.982, PAM=0.980] | BMA=0.1988 CEPU=0.1673 GGAL=0.1899 IRS=0.0883 TGS=0.2047 YPF=0.1511
2026-05-25 12:22:15 | INFO     | __main__                       | 2024-06 | risk_on (p=0.996) | nlp_macro=-0.0075 | active=6 excluded=4
2026-05-25 12:22:15 | INFO     | src.utils.utils                | [DONE]  live 2024-06 — 110.34s
2026-05-25 12:22:15 | INFO     | src.utils.utils                | [START] live 2024-07
2026-05-25 12:22:15 | INFO     | src.data.loader                | Starting live-month download: 2024-07-01 \u2192 2024-07-31 (cutoff: 2024-07-31) | tickers: ['YPF', 'GGAL', 'BMA', 'PAM', 'TGS', 'CEPU', 'EDN', 'LOMA', 'CRESY', 'IRS']
2026-05-25 12:22:20 | INFO     | src.data.downloader            | [YPF] 5 weekly rows (2024-07-01 \u2192 2024-07-29)
2026-05-25 12:22:20 | INFO     | src.data.downloader            | [GGAL] 5 weekly rows (2024-07-01 \u2192 2024-07-29)
2026-05-25 12:22:20 | INFO     | src.data.downloader            | [BMA] 5 weekly rows (2024-07-01 \u2192 2024-07-29)
2026-05-25 12:22:20 | INFO     | src.data.downloader            | [PAM] 5 weekly rows (2024-07-01 \u2192 2024-07-29)
2026-05-25 12:22:20 | INFO     | src.data.downloader            | [TGS] 5 weekly rows (2024-07-01 \u2192 2024-07-29)
2026-05-25 12:22:20 | INFO     | src.data.downloader            | [CEPU] 5 weekly rows (2024-07-01 \u2192 2024-07-29)
2026-05-25 12:22:20 | INFO     | src.data.downloader            | [EDN] 5 weekly rows (2024-07-01 \u2192 2024-07-29)
2026-05-25 12:22:20 | INFO     | src.data.downloader            | [LOMA] 5 weekly rows (2024-07-01 \u2192 2024-07-29)
2026-05-25 12:22:20 | INFO     | src.data.downloader            | [CRESY] 5 weekly rows (2024-07-01 \u2192 2024-07-29)
2026-05-25 12:22:20 | INFO     | src.data.downloader            | [IRS] 5 weekly rows (2024-07-01 \u2192 2024-07-29)
2026-05-25 12:22:21 | ERROR    | yfinance                       | $AL30D.BA: possibly delisted; no timezone found
2026-05-25 12:22:21 | WARNING  | src.data.scraper_al30d         | [AL30D.BA] all sources failed and no cache available
2026-05-25 12:22:21 | WARNING  | src.data.scraper_al30d         | sovereign_bond: all sources failed — returning empty series
2026-05-25 12:22:22 | INFO     | src.data.scraper_ccl           | CCL: GGAL ratio fallback used (5 observations)
2026-05-25 12:22:23 | INFO     | src.data.scraper_macro         | [macro/ipc] datos.gob.ar: 1 rows
2026-05-25 12:22:23 | WARNING  | src.data.scraper_macro         | [macro/embi] using cached fallback for 2024-07-01 \u2192 2024-07-31
2026-05-25 12:22:24 | INFO     | src.data.scraper_macro         | [macro/reservas] datos.gob.ar: 1 rows
2026-05-25 12:22:25 | INFO     | src.data.scraper_macro         | [macro/tc_oficial] datos.gob.ar: 1 rows
2026-05-25 12:22:25 | INFO     | src.data.validator             | Coverage report [prices]
2026-05-25 12:22:25 | INFO     | src.data.validator             | ----------------------------------------------------------------------------------
2026-05-25 12:22:25 | INFO     | src.data.validator             | asset                 first_date    last_date      rows    nan    nan%  status    
2026-05-25 12:22:25 | INFO     | src.data.validator             | ----------------------------------------------------------------------------------
2026-05-25 12:22:25 | INFO     | src.data.validator             | YPF                   2024-07-01    2024-07-29        5      0   0.00%  LATE +3469d
2026-05-25 12:22:25 | INFO     | src.data.validator             | GGAL                  2024-07-01    2024-07-29        5      0   0.00%  LATE +3469d
2026-05-25 12:22:25 | INFO     | src.data.validator             | BMA                   2024-07-01    2024-07-29        5      0   0.00%  LATE +3469d
2026-05-25 12:22:25 | INFO     | src.data.validator             | PAM                   2024-07-01    2024-07-29        5      0   0.00%  LATE +3469d
2026-05-25 12:22:25 | INFO     | src.data.validator             | TGS                   2024-07-01    2024-07-29        5      0   0.00%  LATE +3469d
2026-05-25 12:22:25 | INFO     | src.data.validator             | CEPU                  2024-07-01    2024-07-29        5      0   0.00%  LATE +3469d
2026-05-25 12:22:25 | INFO     | src.data.validator             | EDN                   2024-07-01    2024-07-29        5      0   0.00%  LATE +3469d
2026-05-25 12:22:25 | INFO     | src.data.validator             | LOMA                  2024-07-01    2024-07-29        5      0   0.00%  LATE +3469d
2026-05-25 12:22:25 | INFO     | src.data.validator             | CRESY                 2024-07-01    2024-07-29        5      0   0.00%  LATE +3469d
2026-05-25 12:22:25 | INFO     | src.data.validator             | IRS                   2024-07-01    2024-07-29        5      0   0.00%  LATE +3469d
2026-05-25 12:22:25 | ERROR    | src.data.validator             | sovereign_bond        MISSING       MISSING           0      0  100.00%  ERROR     
2026-05-25 12:22:25 | INFO     | src.data.validator             | merval                2024-07-01    2024-07-29        5      0   0.00%  LATE +3469d
2026-05-25 12:22:25 | INFO     | src.data.validator             | ccl                   2024-07-05    2024-08-02        5      0   0.00%  LATE +3473d
2026-05-25 12:22:25 | INFO     | src.data.validator             | ----------------------------------------------------------------------------------
2026-05-25 12:22:25 | INFO     | src.data.validator             | Coverage report [macro]
2026-05-25 12:22:25 | INFO     | src.data.validator             | ----------------------------------------------------------------------------------
2026-05-25 12:22:25 | INFO     | src.data.validator             | asset                 first_date    last_date      rows    nan    nan%  status    
2026-05-25 12:22:25 | INFO     | src.data.validator             | ----------------------------------------------------------------------------------
2026-05-25 12:22:25 | INFO     | src.data.validator             | ipc                   2024-07-31    2024-07-31        1      0   0.00%  LATE +3499d
2026-05-25 12:22:25 | ERROR    | src.data.validator             | embi                  MISSING       MISSING           1      1  100.00%  ERROR     
2026-05-25 12:22:25 | INFO     | src.data.validator             | reservas              2024-07-31    2024-07-31        1      0   0.00%  LATE +3499d
2026-05-25 12:22:25 | INFO     | src.data.validator             | tc_oficial            2024-07-31    2024-07-31        1      0   0.00%  LATE +3499d
2026-05-25 12:22:25 | INFO     | src.data.validator             | ----------------------------------------------------------------------------------
2026-05-25 12:22:25 | WARNING  | src.data.loader                | 17 validation warning(s) — data will still be appended.
2026-05-25 12:22:25 | INFO     | src.data.cache_manager         | Appending live month to cache
2026-05-25 12:22:25 | INFO     | src.data.cache_manager         | Live month appended. New last cached date: 2024-08-02
2026-05-25 12:22:25 | INFO     | src.data.loader                | Live month appended successfully. Cutoff: 2024-07-31
2026-05-25 12:22:25 | INFO     | src.features.features          | compute_features: 815 weekly rows | 10 tickers | warm-up = 30 rows
2026-05-25 12:23:21 | INFO     | src.nlp.nlp                    | Loaded from data\news\2024\07 — macro=4 docs, company=30 docs across 9 tickers
2026-05-25 12:24:22 | INFO     | src.nlp.nlp                    | Monthly sentiment 2024-07 — macro=0.0065 | company=[BMA=0.007 CEPU=0.009 CRESY=-0.020 EDN=0.000 GGAL=-0.010 IRS=-0.014 LOMA=-0.026 PAM=0.008 TGS=0.027 YPF=0.003]
2026-05-25 12:24:22 | WARNING  | src.signals.regime             | _build_monthly_feature_matrix: 'embi' is entirely NaN — filling with 0.0
2026-05-25 12:24:22 | INFO     | src.signals.regime             | Regime prediction: risk_on (p=0.979) | month=2024-07 | nlp_score=0.0065
2026-05-25 12:24:22 | INFO     | src.allocation.allocator       | compute_weights: risk_on (p=0.979) | active=[BMA(sma=1.148,score=0.6239), GGAL(sma=1.113,score=0.5767), IRS(sma=1.089,score=0.3318), PAM(sma=1.006,score=0.4497), TGS(sma=1.077,score=0.5490), YPF(sma=1.016,score=0.3851)] | excluded=[CEPU=0.927, CRESY=0.913, EDN=0.944, LOMA=0.936] | BMA=0.2140 GGAL=0.1978 IRS=0.1138 PAM=0.1542 TGS=0.1882 YPF=0.1321
2026-05-25 12:24:22 | INFO     | __main__                       | 2024-07 | risk_on (p=0.979) | nlp_macro=0.0065 | active=6 excluded=4
2026-05-25 12:24:22 | INFO     | src.utils.utils                | [DONE]  live 2024-07 — 127.66s
2026-05-25 12:24:22 | INFO     | src.utils.utils                | [START] live 2024-08
2026-05-25 12:24:22 | INFO     | src.data.loader                | Starting live-month download: 2024-08-03 \u2192 2024-08-31 (cutoff: 2024-08-31) | tickers: ['YPF', 'GGAL', 'BMA', 'PAM', 'TGS', 'CEPU', 'EDN', 'LOMA', 'CRESY', 'IRS']
2026-05-25 12:24:29 | INFO     | src.data.downloader            | [YPF] 4 weekly rows (2024-08-05 \u2192 2024-08-26)
2026-05-25 12:24:29 | INFO     | src.data.downloader            | [GGAL] 4 weekly rows (2024-08-05 \u2192 2024-08-26)
2026-05-25 12:24:29 | INFO     | src.data.downloader            | [BMA] 4 weekly rows (2024-08-05 \u2192 2024-08-26)
2026-05-25 12:24:29 | INFO     | src.data.downloader            | [PAM] 4 weekly rows (2024-08-05 \u2192 2024-08-26)
2026-05-25 12:24:29 | INFO     | src.data.downloader            | [TGS] 4 weekly rows (2024-08-05 \u2192 2024-08-26)
2026-05-25 12:24:29 | INFO     | src.data.downloader            | [CEPU] 4 weekly rows (2024-08-05 \u2192 2024-08-26)
2026-05-25 12:24:29 | INFO     | src.data.downloader            | [EDN] 4 weekly rows (2024-08-05 \u2192 2024-08-26)
2026-05-25 12:24:29 | INFO     | src.data.downloader            | [LOMA] 4 weekly rows (2024-08-05 \u2192 2024-08-26)
2026-05-25 12:24:29 | INFO     | src.data.downloader            | [CRESY] 4 weekly rows (2024-08-05 \u2192 2024-08-26)
2026-05-25 12:24:29 | INFO     | src.data.downloader            | [IRS] 4 weekly rows (2024-08-05 \u2192 2024-08-26)
2026-05-25 12:24:29 | ERROR    | yfinance                       | $AL30D.BA: possibly delisted; no timezone found
2026-05-25 12:24:29 | WARNING  | src.data.scraper_al30d         | [AL30D.BA] all sources failed and no cache available
2026-05-25 12:24:29 | WARNING  | src.data.scraper_al30d         | sovereign_bond: all sources failed — returning empty series
2026-05-25 12:24:30 | INFO     | src.data.scraper_ccl           | CCL: GGAL ratio fallback used (4 observations)
2026-05-25 12:24:31 | WARNING  | src.data.scraper_macro         | [macro/ipc] using cached fallback for 2024-08-03 \u2192 2024-08-31
2026-05-25 12:24:31 | WARNING  | src.data.scraper_macro         | [macro/embi] using cached fallback for 2024-08-03 \u2192 2024-08-31
2026-05-25 12:24:32 | WARNING  | src.data.scraper_macro         | [macro/reservas] using cached fallback for 2024-08-03 \u2192 2024-08-31
2026-05-25 12:24:33 | INFO     | src.data.scraper_macro         | [macro/tc_oficial] datos.gob.ar: 1 rows
2026-05-25 12:24:33 | INFO     | src.data.validator             | Coverage report [prices]
2026-05-25 12:24:33 | INFO     | src.data.validator             | ----------------------------------------------------------------------------------
2026-05-25 12:24:33 | INFO     | src.data.validator             | asset                 first_date    last_date      rows    nan    nan%  status    
2026-05-25 12:24:33 | INFO     | src.data.validator             | ----------------------------------------------------------------------------------
2026-05-25 12:24:33 | INFO     | src.data.validator             | YPF                   2024-08-05    2024-08-26        4      0   0.00%  LATE +3504d
2026-05-25 12:24:33 | INFO     | src.data.validator             | GGAL                  2024-08-05    2024-08-26        4      0   0.00%  LATE +3504d
2026-05-25 12:24:33 | INFO     | src.data.validator             | BMA                   2024-08-05    2024-08-26        4      0   0.00%  LATE +3504d
2026-05-25 12:24:33 | INFO     | src.data.validator             | PAM                   2024-08-05    2024-08-26        4      0   0.00%  LATE +3504d
2026-05-25 12:24:33 | INFO     | src.data.validator             | TGS                   2024-08-05    2024-08-26        4      0   0.00%  LATE +3504d
2026-05-25 12:24:33 | INFO     | src.data.validator             | CEPU                  2024-08-05    2024-08-26        4      0   0.00%  LATE +3504d
2026-05-25 12:24:33 | INFO     | src.data.validator             | EDN                   2024-08-05    2024-08-26        4      0   0.00%  LATE +3504d
2026-05-25 12:24:33 | INFO     | src.data.validator             | LOMA                  2024-08-05    2024-08-26        4      0   0.00%  LATE +3504d
2026-05-25 12:24:33 | INFO     | src.data.validator             | CRESY                 2024-08-05    2024-08-26        4      0   0.00%  LATE +3504d
2026-05-25 12:24:33 | INFO     | src.data.validator             | IRS                   2024-08-05    2024-08-26        4      0   0.00%  LATE +3504d
2026-05-25 12:24:33 | ERROR    | src.data.validator             | sovereign_bond        MISSING       MISSING           0      0  100.00%  ERROR     
2026-05-25 12:24:33 | INFO     | src.data.validator             | merval                2024-08-05    2024-08-26        4      0   0.00%  LATE +3504d
2026-05-25 12:24:33 | INFO     | src.data.validator             | ccl                   2024-08-09    2024-08-30        4      0   0.00%  LATE +3508d
2026-05-25 12:24:33 | INFO     | src.data.validator             | ----------------------------------------------------------------------------------
2026-05-25 12:24:33 | INFO     | src.data.validator             | Coverage report [macro]
2026-05-25 12:24:33 | INFO     | src.data.validator             | ----------------------------------------------------------------------------------
2026-05-25 12:24:33 | INFO     | src.data.validator             | asset                 first_date    last_date      rows    nan    nan%  status    
2026-05-25 12:24:33 | INFO     | src.data.validator             | ----------------------------------------------------------------------------------
2026-05-25 12:24:33 | INFO     | src.data.validator             | ipc                   2024-08-31    2024-08-31        1      0   0.00%  LATE +3530d
2026-05-25 12:24:33 | ERROR    | src.data.validator             | embi                  MISSING       MISSING           1      1  100.00%  ERROR     
2026-05-25 12:24:33 | INFO     | src.data.validator             | reservas              2024-08-31    2024-08-31        1      0   0.00%  LATE +3530d
2026-05-25 12:24:33 | INFO     | src.data.validator             | tc_oficial            2024-08-31    2024-08-31        1      0   0.00%  LATE +3530d
2026-05-25 12:24:33 | INFO     | src.data.validator             | ----------------------------------------------------------------------------------
2026-05-25 12:24:33 | WARNING  | src.data.loader                | 17 validation warning(s) — data will still be appended.
2026-05-25 12:24:33 | INFO     | src.data.cache_manager         | Appending live month to cache
2026-05-25 12:24:33 | INFO     | src.data.cache_manager         | Live month appended. New last cached date: 2024-08-31
2026-05-25 12:24:33 | INFO     | src.data.loader                | Live month appended successfully. Cutoff: 2024-08-31
2026-05-25 12:24:33 | INFO     | src.features.features          | compute_features: 819 weekly rows | 10 tickers | warm-up = 30 rows
2026-05-25 12:25:30 | INFO     | src.nlp.nlp                    | Loaded from data\news\2024\08 — macro=3 docs, company=61 docs across 10 tickers
2026-05-25 12:27:32 | INFO     | src.nlp.nlp                    | Monthly sentiment 2024-08 — macro=0.0349 | company=[BMA=0.006 CEPU=0.009 CRESY=-0.021 EDN=-0.016 GGAL=-0.025 IRS=-0.014 LOMA=-0.028 PAM=0.007 TGS=0.049 YPF=0.003]
2026-05-25 12:27:32 | WARNING  | src.signals.regime             | _build_monthly_feature_matrix: 'embi' is entirely NaN — filling with 0.0
2026-05-25 12:27:32 | INFO     | src.signals.regime             | Regime prediction: risk_on (p=0.980) | month=2024-08 | nlp_score=0.0349
2026-05-25 12:27:32 | INFO     | src.allocation.allocator       | compute_weights: risk_on (p=0.980) | active=[BMA(sma=1.219,score=0.4367), EDN(sma=1.116,score=0.3239), GGAL(sma=1.407,score=0.5172), IRS(sma=1.103,score=0.2990), LOMA(sma=1.027,score=0.4719), PAM(sma=1.192,score=0.3473), TGS(sma=1.142,score=0.3172), YPF(sma=1.166,score=0.3536)] | excluded=[CEPU=1.000, CRESY=0.965] | BMA=0.1424 EDN=0.1056 GGAL=0.1686 IRS=0.0975 LOMA=0.1539 PAM=0.1132 TGS=0.1034 YPF=0.1153
2026-05-25 12:27:32 | INFO     | __main__                       | 2024-08 | risk_on (p=0.980) | nlp_macro=0.0349 | active=8 excluded=2
2026-05-25 12:27:32 | INFO     | src.utils.utils                | [DONE]  live 2024-08 — 189.34s
2026-05-25 12:27:32 | INFO     | src.utils.utils                | [START] live 2024-09
2026-05-25 12:27:32 | INFO     | src.data.loader                | Starting live-month download: 2024-09-01 \u2192 2024-09-30 (cutoff: 2024-09-30) | tickers: ['YPF', 'GGAL', 'BMA', 'PAM', 'TGS', 'CEPU', 'EDN', 'LOMA', 'CRESY', 'IRS']
2026-05-25 12:27:37 | INFO     | src.data.downloader            | [YPF] 4 weekly rows (2024-09-02 \u2192 2024-09-23)
2026-05-25 12:27:37 | INFO     | src.data.downloader            | [GGAL] 4 weekly rows (2024-09-02 \u2192 2024-09-23)
2026-05-25 12:27:37 | INFO     | src.data.downloader            | [BMA] 4 weekly rows (2024-09-02 \u2192 2024-09-23)
2026-05-25 12:27:37 | INFO     | src.data.downloader            | [PAM] 4 weekly rows (2024-09-02 \u2192 2024-09-23)
2026-05-25 12:27:37 | INFO     | src.data.downloader            | [TGS] 4 weekly rows (2024-09-02 \u2192 2024-09-23)
2026-05-25 12:27:37 | INFO     | src.data.downloader            | [CEPU] 4 weekly rows (2024-09-02 \u2192 2024-09-23)
2026-05-25 12:27:37 | INFO     | src.data.downloader            | [EDN] 4 weekly rows (2024-09-02 \u2192 2024-09-23)
2026-05-25 12:27:37 | INFO     | src.data.downloader            | [LOMA] 4 weekly rows (2024-09-02 \u2192 2024-09-23)
2026-05-25 12:27:37 | INFO     | src.data.downloader            | [CRESY] 4 weekly rows (2024-09-02 \u2192 2024-09-23)
2026-05-25 12:27:37 | INFO     | src.data.downloader            | [IRS] 4 weekly rows (2024-09-02 \u2192 2024-09-23)
2026-05-25 12:27:38 | ERROR    | yfinance                       | $AL30D.BA: possibly delisted; no timezone found
2026-05-25 12:27:38 | WARNING  | src.data.scraper_al30d         | [AL30D.BA] all sources failed and no cache available
2026-05-25 12:27:38 | WARNING  | src.data.scraper_al30d         | sovereign_bond: all sources failed — returning empty series
2026-05-25 12:27:39 | INFO     | src.data.scraper_ccl           | CCL: GGAL ratio fallback used (4 observations)
2026-05-25 12:27:40 | INFO     | src.data.scraper_macro         | [macro/ipc] datos.gob.ar: 1 rows
2026-05-25 12:27:40 | WARNING  | src.data.scraper_macro         | [macro/embi] using cached fallback for 2024-09-01 \u2192 2024-09-30
2026-05-25 12:27:41 | INFO     | src.data.scraper_macro         | [macro/reservas] datos.gob.ar: 1 rows
2026-05-25 12:27:42 | INFO     | src.data.scraper_macro         | [macro/tc_oficial] datos.gob.ar: 1 rows
2026-05-25 12:27:42 | INFO     | src.data.validator             | Coverage report [prices]
2026-05-25 12:27:42 | INFO     | src.data.validator             | ----------------------------------------------------------------------------------
2026-05-25 12:27:42 | INFO     | src.data.validator             | asset                 first_date    last_date      rows    nan    nan%  status    
2026-05-25 12:27:42 | INFO     | src.data.validator             | ----------------------------------------------------------------------------------
2026-05-25 12:27:42 | INFO     | src.data.validator             | YPF                   2024-09-02    2024-09-23        4      0   0.00%  LATE +3532d
2026-05-25 12:27:42 | INFO     | src.data.validator             | GGAL                  2024-09-02    2024-09-23        4      0   0.00%  LATE +3532d
2026-05-25 12:27:42 | INFO     | src.data.validator             | BMA                   2024-09-02    2024-09-23        4      0   0.00%  LATE +3532d
2026-05-25 12:27:42 | INFO     | src.data.validator             | PAM                   2024-09-02    2024-09-23        4      0   0.00%  LATE +3532d
2026-05-25 12:27:42 | INFO     | src.data.validator             | TGS                   2024-09-02    2024-09-23        4      0   0.00%  LATE +3532d
2026-05-25 12:27:42 | INFO     | src.data.validator             | CEPU                  2024-09-02    2024-09-23        4      0   0.00%  LATE +3532d
2026-05-25 12:27:42 | INFO     | src.data.validator             | EDN                   2024-09-02    2024-09-23        4      0   0.00%  LATE +3532d
2026-05-25 12:27:42 | INFO     | src.data.validator             | LOMA                  2024-09-02    2024-09-23        4      0   0.00%  LATE +3532d
2026-05-25 12:27:42 | INFO     | src.data.validator             | CRESY                 2024-09-02    2024-09-23        4      0   0.00%  LATE +3532d
2026-05-25 12:27:42 | INFO     | src.data.validator             | IRS                   2024-09-02    2024-09-23        4      0   0.00%  LATE +3532d
2026-05-25 12:27:42 | ERROR    | src.data.validator             | sovereign_bond        MISSING       MISSING           0      0  100.00%  ERROR     
2026-05-25 12:27:42 | INFO     | src.data.validator             | merval                2024-09-02    2024-09-23        4      0   0.00%  LATE +3532d
2026-05-25 12:27:42 | INFO     | src.data.validator             | ccl                   2024-09-06    2024-09-27        4      0   0.00%  LATE +3536d
2026-05-25 12:27:42 | INFO     | src.data.validator             | ----------------------------------------------------------------------------------
2026-05-25 12:27:42 | INFO     | src.data.validator             | Coverage report [macro]
2026-05-25 12:27:42 | INFO     | src.data.validator             | ----------------------------------------------------------------------------------
2026-05-25 12:27:42 | INFO     | src.data.validator             | asset                 first_date    last_date      rows    nan    nan%  status    
2026-05-25 12:27:42 | INFO     | src.data.validator             | ----------------------------------------------------------------------------------
2026-05-25 12:27:42 | INFO     | src.data.validator             | ipc                   2024-09-30    2024-09-30        1      0   0.00%  LATE +3560d
2026-05-25 12:27:42 | ERROR    | src.data.validator             | embi                  MISSING       MISSING           1      1  100.00%  ERROR     
2026-05-25 12:27:42 | INFO     | src.data.validator             | reservas              2024-09-30    2024-09-30        1      0   0.00%  LATE +3560d
2026-05-25 12:27:42 | INFO     | src.data.validator             | tc_oficial            2024-09-30    2024-09-30        1      0   0.00%  LATE +3560d
2026-05-25 12:27:42 | INFO     | src.data.validator             | ----------------------------------------------------------------------------------
2026-05-25 12:27:42 | WARNING  | src.data.loader                | 17 validation warning(s) — data will still be appended.
2026-05-25 12:27:42 | INFO     | src.data.cache_manager         | Appending live month to cache
2026-05-25 12:27:42 | INFO     | src.data.cache_manager         | Live month appended. New last cached date: 2024-09-30
2026-05-25 12:27:42 | INFO     | src.data.loader                | Live month appended successfully. Cutoff: 2024-09-30
2026-05-25 12:27:42 | INFO     | src.features.features          | compute_features: 824 weekly rows | 10 tickers | warm-up = 30 rows
2026-05-25 12:28:39 | INFO     | src.nlp.nlp                    | Loaded from data\news\2024\09 — macro=4 docs, company=32 docs across 10 tickers
2026-05-25 12:29:43 | INFO     | src.nlp.nlp                    | Monthly sentiment 2024-09 — macro=0.0111 | company=[BMA=0.009 CEPU=0.007 CRESY=-0.020 EDN=-0.014 GGAL=-0.012 IRS=-0.015 LOMA=-0.023 PAM=0.007 TGS=0.034 YPF=0.001]
2026-05-25 12:29:43 | WARNING  | src.signals.regime             | _build_monthly_feature_matrix: 'embi' is entirely NaN — filling with 0.0
2026-05-25 12:29:43 | INFO     | src.signals.regime             | Regime prediction: risk_on (p=0.955) | month=2024-09 | nlp_score=0.0111
2026-05-25 12:29:43 | INFO     | src.allocation.allocator       | compute_weights: risk_on (p=0.955) | active=[BMA(sma=1.257,score=0.4130), CEPU(sma=1.055,score=0.1924), CRESY(sma=1.055,score=0.4415), EDN(sma=1.229,score=0.4185), GGAL(sma=1.364,score=0.5071), IRS(sma=1.233,score=0.5019), LOMA(sma=1.140,score=0.4024), PAM(sma=1.299,score=0.5892), TGS(sma=1.081,score=0.2344), YPF(sma=1.047,score=0.2596)] | excluded=[none] | BMA=0.1043 CEPU=0.0486 CRESY=0.1115 EDN=0.1057 GGAL=0.1280 IRS=0.1267 LOMA=0.1016 PAM=0.1488 TGS=0.0592 YPF=0.0656
2026-05-25 12:29:43 | INFO     | __main__                       | 2024-09 | risk_on (p=0.955) | nlp_macro=0.0111 | active=10 excluded=0
2026-05-25 12:29:43 | INFO     | src.utils.utils                | [DONE]  live 2024-09 — 131.72s
2026-05-25 12:29:43 | INFO     | src.utils.utils                | [START] live 2024-10
2026-05-25 12:29:43 | INFO     | src.data.loader                | Starting live-month download: 2024-10-01 \u2192 2024-10-31 (cutoff: 2024-10-31) | tickers: ['YPF', 'GGAL', 'BMA', 'PAM', 'TGS', 'CEPU', 'EDN', 'LOMA', 'CRESY', 'IRS']
2026-05-25 12:29:49 | INFO     | src.data.downloader            | [YPF] 5 weekly rows (2024-09-30 \u2192 2024-10-28)
2026-05-25 12:29:49 | INFO     | src.data.downloader            | [GGAL] 5 weekly rows (2024-09-30 \u2192 2024-10-28)
2026-05-25 12:29:49 | INFO     | src.data.downloader            | [BMA] 5 weekly rows (2024-09-30 \u2192 2024-10-28)
2026-05-25 12:29:49 | INFO     | src.data.downloader            | [PAM] 5 weekly rows (2024-09-30 \u2192 2024-10-28)
2026-05-25 12:29:49 | INFO     | src.data.downloader            | [TGS] 5 weekly rows (2024-09-30 \u2192 2024-10-28)
2026-05-25 12:29:49 | INFO     | src.data.downloader            | [CEPU] 5 weekly rows (2024-09-30 \u2192 2024-10-28)
2026-05-25 12:29:49 | INFO     | src.data.downloader            | [EDN] 5 weekly rows (2024-09-30 \u2192 2024-10-28)
2026-05-25 12:29:49 | INFO     | src.data.downloader            | [LOMA] 5 weekly rows (2024-09-30 \u2192 2024-10-28)
2026-05-25 12:29:49 | INFO     | src.data.downloader            | [CRESY] 5 weekly rows (2024-09-30 \u2192 2024-10-28)
2026-05-25 12:29:49 | INFO     | src.data.downloader            | [IRS] 5 weekly rows (2024-09-30 \u2192 2024-10-28)
2026-05-25 12:29:50 | ERROR    | yfinance                       | $AL30D.BA: possibly delisted; no timezone found
2026-05-25 12:29:50 | WARNING  | src.data.scraper_al30d         | [AL30D.BA] all sources failed and no cache available
2026-05-25 12:29:50 | WARNING  | src.data.scraper_al30d         | sovereign_bond: all sources failed — returning empty series
2026-05-25 12:29:51 | INFO     | src.data.scraper_ccl           | CCL: GGAL ratio fallback used (5 observations)
2026-05-25 12:29:51 | INFO     | src.data.scraper_macro         | [macro/ipc] datos.gob.ar: 1 rows
2026-05-25 12:29:52 | WARNING  | src.data.scraper_macro         | [macro/embi] using cached fallback for 2024-10-01 \u2192 2024-10-31
2026-05-25 12:29:53 | INFO     | src.data.scraper_macro         | [macro/reservas] datos.gob.ar: 1 rows
2026-05-25 12:29:54 | INFO     | src.data.scraper_macro         | [macro/tc_oficial] datos.gob.ar: 1 rows
2026-05-25 12:29:54 | INFO     | src.data.validator             | Coverage report [prices]
2026-05-25 12:29:54 | INFO     | src.data.validator             | ----------------------------------------------------------------------------------
2026-05-25 12:29:54 | INFO     | src.data.validator             | asset                 first_date    last_date      rows    nan    nan%  status    
2026-05-25 12:29:54 | INFO     | src.data.validator             | ----------------------------------------------------------------------------------
2026-05-25 12:29:54 | INFO     | src.data.validator             | YPF                   2024-09-30    2024-10-28        5      0   0.00%  LATE +3560d
2026-05-25 12:29:54 | INFO     | src.data.validator             | GGAL                  2024-09-30    2024-10-28        5      0   0.00%  LATE +3560d
2026-05-25 12:29:54 | INFO     | src.data.validator             | BMA                   2024-09-30    2024-10-28        5      0   0.00%  LATE +3560d
2026-05-25 12:29:54 | INFO     | src.data.validator             | PAM                   2024-09-30    2024-10-28        5      0   0.00%  LATE +3560d
2026-05-25 12:29:54 | INFO     | src.data.validator             | TGS                   2024-09-30    2024-10-28        5      0   0.00%  LATE +3560d
2026-05-25 12:29:54 | INFO     | src.data.validator             | CEPU                  2024-09-30    2024-10-28        5      0   0.00%  LATE +3560d
2026-05-25 12:29:54 | INFO     | src.data.validator             | EDN                   2024-09-30    2024-10-28        5      0   0.00%  LATE +3560d
2026-05-25 12:29:54 | INFO     | src.data.validator             | LOMA                  2024-09-30    2024-10-28        5      0   0.00%  LATE +3560d
2026-05-25 12:29:54 | INFO     | src.data.validator             | CRESY                 2024-09-30    2024-10-28        5      0   0.00%  LATE +3560d
2026-05-25 12:29:54 | INFO     | src.data.validator             | IRS                   2024-09-30    2024-10-28        5      0   0.00%  LATE +3560d
2026-05-25 12:29:54 | ERROR    | src.data.validator             | sovereign_bond        MISSING       MISSING           0      0  100.00%  ERROR     
2026-05-25 12:29:54 | INFO     | src.data.validator             | merval                2024-09-30    2024-10-28        5      0   0.00%  LATE +3560d
2026-05-25 12:29:54 | INFO     | src.data.validator             | ccl                   2024-10-04    2024-11-01        5      0   0.00%  LATE +3564d
2026-05-25 12:29:54 | INFO     | src.data.validator             | ----------------------------------------------------------------------------------
2026-05-25 12:29:54 | INFO     | src.data.validator             | Coverage report [macro]
2026-05-25 12:29:54 | INFO     | src.data.validator             | ----------------------------------------------------------------------------------
2026-05-25 12:29:54 | INFO     | src.data.validator             | asset                 first_date    last_date      rows    nan    nan%  status    
2026-05-25 12:29:54 | INFO     | src.data.validator             | ----------------------------------------------------------------------------------
2026-05-25 12:29:54 | INFO     | src.data.validator             | ipc                   2024-10-31    2024-10-31        1      0   0.00%  LATE +3591d
2026-05-25 12:29:54 | ERROR    | src.data.validator             | embi                  MISSING       MISSING           1      1  100.00%  ERROR     
2026-05-25 12:29:54 | INFO     | src.data.validator             | reservas              2024-10-31    2024-10-31        1      0   0.00%  LATE +3591d
2026-05-25 12:29:54 | INFO     | src.data.validator             | tc_oficial            2024-10-31    2024-10-31        1      0   0.00%  LATE +3591d
2026-05-25 12:29:54 | INFO     | src.data.validator             | ----------------------------------------------------------------------------------
2026-05-25 12:29:54 | WARNING  | src.data.loader                | 17 validation warning(s) — data will still be appended.
2026-05-25 12:29:54 | INFO     | src.data.cache_manager         | Appending live month to cache
2026-05-25 12:29:54 | INFO     | src.data.cache_manager         | Live month appended. New last cached date: 2024-11-01
2026-05-25 12:29:54 | INFO     | src.data.loader                | Live month appended successfully. Cutoff: 2024-10-31
2026-05-25 12:29:54 | INFO     | src.features.features          | compute_features: 828 weekly rows | 10 tickers | warm-up = 30 rows
2026-05-25 12:30:51 | INFO     | src.nlp.nlp                    | Loaded from data\news\2024\10 — macro=3 docs, company=31 docs across 10 tickers
2026-05-25 12:31:54 | INFO     | src.nlp.nlp                    | Monthly sentiment 2024-10 — macro=0.0379 | company=[BMA=0.005 CEPU=-0.002 CRESY=-0.031 EDN=-0.013 GGAL=-0.011 IRS=-0.024 LOMA=-0.016 PAM=0.005 TGS=0.045 YPF=0.004]
2026-05-25 12:31:54 | WARNING  | src.signals.regime             | _build_monthly_feature_matrix: 'embi' is entirely NaN — filling with 0.0
2026-05-25 12:31:54 | INFO     | src.signals.regime             | Regime prediction: risk_on (p=0.902) | month=2024-10 | nlp_score=0.0379
2026-05-25 12:31:54 | INFO     | src.allocation.allocator       | compute_weights: risk_on (p=0.902) | active=[BMA(sma=1.341,score=0.3391), CEPU(sma=1.178,score=0.3026), CRESY(sma=1.101,score=0.3567), EDN(sma=1.512,score=0.5535), GGAL(sma=1.480,score=0.5090), IRS(sma=1.251,score=0.3968), LOMA(sma=1.236,score=0.3318), PAM(sma=1.294,score=0.6628), TGS(sma=1.183,score=0.3774), YPF(sma=1.117,score=0.2289)] | excluded=[none] | BMA=0.0836 CEPU=0.0746 CRESY=0.0879 EDN=0.1364 GGAL=0.1254 IRS=0.0978 LOMA=0.0818 PAM=0.1633 TGS=0.0930 YPF=0.0564
2026-05-25 12:31:54 | INFO     | __main__                       | 2024-10 | risk_on (p=0.902) | nlp_macro=0.0379 | active=10 excluded=0
2026-05-25 12:31:54 | INFO     | src.utils.utils                | [DONE]  live 2024-10 — 130.72s
2026-05-25 12:31:54 | INFO     | src.utils.utils                | [START] live 2024-11
2026-05-25 12:31:54 | INFO     | src.data.loader                | Starting live-month download: 2024-11-02 \u2192 2024-11-30 (cutoff: 2024-11-30) | tickers: ['YPF', 'GGAL', 'BMA', 'PAM', 'TGS', 'CEPU', 'EDN', 'LOMA', 'CRESY', 'IRS']
2026-05-25 12:32:00 | INFO     | src.data.downloader            | [YPF] 4 weekly rows (2024-11-04 \u2192 2024-11-25)
2026-05-25 12:32:00 | INFO     | src.data.downloader            | [GGAL] 4 weekly rows (2024-11-04 \u2192 2024-11-25)
2026-05-25 12:32:00 | INFO     | src.data.downloader            | [BMA] 4 weekly rows (2024-11-04 \u2192 2024-11-25)
2026-05-25 12:32:00 | INFO     | src.data.downloader            | [PAM] 4 weekly rows (2024-11-04 \u2192 2024-11-25)
2026-05-25 12:32:00 | INFO     | src.data.downloader            | [TGS] 4 weekly rows (2024-11-04 \u2192 2024-11-25)
2026-05-25 12:32:00 | INFO     | src.data.downloader            | [CEPU] 4 weekly rows (2024-11-04 \u2192 2024-11-25)
2026-05-25 12:32:00 | INFO     | src.data.downloader            | [EDN] 4 weekly rows (2024-11-04 \u2192 2024-11-25)
2026-05-25 12:32:00 | INFO     | src.data.downloader            | [LOMA] 4 weekly rows (2024-11-04 \u2192 2024-11-25)
2026-05-25 12:32:00 | INFO     | src.data.downloader            | [CRESY] 4 weekly rows (2024-11-04 \u2192 2024-11-25)
2026-05-25 12:32:00 | INFO     | src.data.downloader            | [IRS] 4 weekly rows (2024-11-04 \u2192 2024-11-25)
2026-05-25 12:32:00 | ERROR    | yfinance                       | $AL30D.BA: possibly delisted; no timezone found
2026-05-25 12:32:00 | WARNING  | src.data.scraper_al30d         | [AL30D.BA] all sources failed and no cache available
2026-05-25 12:32:00 | WARNING  | src.data.scraper_al30d         | sovereign_bond: all sources failed — returning empty series
2026-05-25 12:32:01 | INFO     | src.data.scraper_ccl           | CCL: GGAL ratio fallback used (4 observations)
2026-05-25 12:32:02 | WARNING  | src.data.scraper_macro         | [macro/ipc] using cached fallback for 2024-11-02 \u2192 2024-11-30
2026-05-25 12:32:02 | WARNING  | src.data.scraper_macro         | [macro/embi] using cached fallback for 2024-11-02 \u2192 2024-11-30
2026-05-25 12:32:03 | WARNING  | src.data.scraper_macro         | [macro/reservas] using cached fallback for 2024-11-02 \u2192 2024-11-30
2026-05-25 12:32:04 | INFO     | src.data.scraper_macro         | [macro/tc_oficial] datos.gob.ar: 1 rows
2026-05-25 12:32:04 | INFO     | src.data.validator             | Coverage report [prices]
2026-05-25 12:32:04 | INFO     | src.data.validator             | ----------------------------------------------------------------------------------
2026-05-25 12:32:04 | INFO     | src.data.validator             | asset                 first_date    last_date      rows    nan    nan%  status    
2026-05-25 12:32:04 | INFO     | src.data.validator             | ----------------------------------------------------------------------------------
2026-05-25 12:32:04 | INFO     | src.data.validator             | YPF                   2024-11-04    2024-11-25        4      0   0.00%  LATE +3595d
2026-05-25 12:32:04 | INFO     | src.data.validator             | GGAL                  2024-11-04    2024-11-25        4      0   0.00%  LATE +3595d
2026-05-25 12:32:04 | INFO     | src.data.validator             | BMA                   2024-11-04    2024-11-25        4      0   0.00%  LATE +3595d
2026-05-25 12:32:04 | INFO     | src.data.validator             | PAM                   2024-11-04    2024-11-25        4      0   0.00%  LATE +3595d
2026-05-25 12:32:04 | INFO     | src.data.validator             | TGS                   2024-11-04    2024-11-25        4      0   0.00%  LATE +3595d
2026-05-25 12:32:04 | INFO     | src.data.validator             | CEPU                  2024-11-04    2024-11-25        4      0   0.00%  LATE +3595d
2026-05-25 12:32:04 | INFO     | src.data.validator             | EDN                   2024-11-04    2024-11-25        4      0   0.00%  LATE +3595d
2026-05-25 12:32:04 | INFO     | src.data.validator             | LOMA                  2024-11-04    2024-11-25        4      0   0.00%  LATE +3595d
2026-05-25 12:32:04 | INFO     | src.data.validator             | CRESY                 2024-11-04    2024-11-25        4      0   0.00%  LATE +3595d
2026-05-25 12:32:04 | INFO     | src.data.validator             | IRS                   2024-11-04    2024-11-25        4      0   0.00%  LATE +3595d
2026-05-25 12:32:04 | ERROR    | src.data.validator             | sovereign_bond        MISSING       MISSING           0      0  100.00%  ERROR     
2026-05-25 12:32:04 | INFO     | src.data.validator             | merval                2024-11-04    2024-11-25        4      0   0.00%  LATE +3595d
2026-05-25 12:32:04 | INFO     | src.data.validator             | ccl                   2024-11-08    2024-11-29        4      0   0.00%  LATE +3599d
2026-05-25 12:32:04 | INFO     | src.data.validator             | ----------------------------------------------------------------------------------
2026-05-25 12:32:04 | INFO     | src.data.validator             | Coverage report [macro]
2026-05-25 12:32:04 | INFO     | src.data.validator             | ----------------------------------------------------------------------------------
2026-05-25 12:32:04 | INFO     | src.data.validator             | asset                 first_date    last_date      rows    nan    nan%  status    
2026-05-25 12:32:04 | INFO     | src.data.validator             | ----------------------------------------------------------------------------------
2026-05-25 12:32:04 | INFO     | src.data.validator             | ipc                   2024-11-30    2024-11-30        1      0   0.00%  LATE +3621d
2026-05-25 12:32:04 | ERROR    | src.data.validator             | embi                  MISSING       MISSING           1      1  100.00%  ERROR     
2026-05-25 12:32:04 | INFO     | src.data.validator             | reservas              2024-11-30    2024-11-30        1      0   0.00%  LATE +3621d
2026-05-25 12:32:04 | INFO     | src.data.validator             | tc_oficial            2024-11-30    2024-11-30        1      0   0.00%  LATE +3621d
2026-05-25 12:32:04 | INFO     | src.data.validator             | ----------------------------------------------------------------------------------
2026-05-25 12:32:04 | WARNING  | src.data.loader                | 17 validation warning(s) — data will still be appended.
2026-05-25 12:32:04 | INFO     | src.data.cache_manager         | Appending live month to cache
2026-05-25 12:32:04 | INFO     | src.data.cache_manager         | Live month appended. New last cached date: 2024-11-30
2026-05-25 12:32:04 | INFO     | src.data.loader                | Live month appended successfully. Cutoff: 2024-11-30
2026-05-25 12:32:04 | INFO     | src.features.features          | compute_features: 832 weekly rows | 10 tickers | warm-up = 30 rows
2026-05-25 12:33:03 | INFO     | src.nlp.nlp                    | Loaded from data\news\2024\11 — macro=4 docs, company=48 docs across 10 tickers
2026-05-25 12:34:44 | INFO     | src.nlp.nlp                    | Monthly sentiment 2024-11 — macro=0.0091 | company=[BMA=0.011 CEPU=-0.001 CRESY=-0.019 EDN=-0.015 GGAL=-0.096 IRS=-0.020 LOMA=-0.022 PAM=0.006 TGS=0.048 YPF=0.007]
2026-05-25 12:34:44 | WARNING  | src.signals.regime             | _build_monthly_feature_matrix: 'embi' is entirely NaN — filling with 0.0
2026-05-25 12:34:44 | INFO     | src.signals.regime             | Regime prediction: risk_off (p=0.484) | month=2024-11 | nlp_score=0.0091
2026-05-25 12:34:44 | INFO     | src.allocation.allocator       | compute_weights: risk_off (p=0.484) | active=[CRESY(sma=1.446,score=0.2837), EDN(sma=1.839,score=0.6299), IRS(sma=1.521,score=0.4764), PAM(sma=1.518,score=0.4934), YPF(sma=1.687,score=0.3617)] | excluded=[BMA=1.350, CEPU=1.358, GGAL=1.437, LOMA=1.503, TGS=1.459] | CRESY=0.1264 EDN=0.2806 IRS=0.2122 PAM=0.2198 YPF=0.1611
2026-05-25 12:34:44 | INFO     | __main__                       | 2024-11 | risk_off (p=0.484) | nlp_macro=0.0091 | active=5 excluded=5
2026-05-25 12:34:44 | INFO     | src.utils.utils                | [DONE]  live 2024-11 — 170.25s
2026-05-25 12:34:44 | INFO     | src.utils.utils                | [START] live 2024-12
2026-05-25 12:34:44 | INFO     | src.data.loader                | Starting live-month download: 2024-12-01 \u2192 2024-12-31 (cutoff: 2024-12-31) | tickers: ['YPF', 'GGAL', 'BMA', 'PAM', 'TGS', 'CEPU', 'EDN', 'LOMA', 'CRESY', 'IRS']
2026-05-25 12:34:50 | INFO     | src.data.downloader            | [YPF] 5 weekly rows (2024-12-02 \u2192 2024-12-30)
2026-05-25 12:34:50 | INFO     | src.data.downloader            | [GGAL] 5 weekly rows (2024-12-02 \u2192 2024-12-30)
2026-05-25 12:34:50 | INFO     | src.data.downloader            | [BMA] 5 weekly rows (2024-12-02 \u2192 2024-12-30)
2026-05-25 12:34:50 | INFO     | src.data.downloader            | [PAM] 5 weekly rows (2024-12-02 \u2192 2024-12-30)
2026-05-25 12:34:50 | INFO     | src.data.downloader            | [TGS] 5 weekly rows (2024-12-02 \u2192 2024-12-30)
2026-05-25 12:34:50 | INFO     | src.data.downloader            | [CEPU] 5 weekly rows (2024-12-02 \u2192 2024-12-30)
2026-05-25 12:34:50 | INFO     | src.data.downloader            | [EDN] 5 weekly rows (2024-12-02 \u2192 2024-12-30)
2026-05-25 12:34:50 | INFO     | src.data.downloader            | [LOMA] 5 weekly rows (2024-12-02 \u2192 2024-12-30)
2026-05-25 12:34:50 | INFO     | src.data.downloader            | [CRESY] 5 weekly rows (2024-12-02 \u2192 2024-12-30)
2026-05-25 12:34:50 | INFO     | src.data.downloader            | [IRS] 5 weekly rows (2024-12-02 \u2192 2024-12-30)
2026-05-25 12:34:50 | ERROR    | yfinance                       | $AL30D.BA: possibly delisted; no timezone found
2026-05-25 12:34:50 | WARNING  | src.data.scraper_al30d         | [AL30D.BA] all sources failed and no cache available
2026-05-25 12:34:50 | WARNING  | src.data.scraper_al30d         | sovereign_bond: all sources failed — returning empty series
2026-05-25 12:34:51 | INFO     | src.data.scraper_ccl           | CCL: GGAL ratio fallback used (5 observations)
2026-05-25 12:34:52 | INFO     | src.data.scraper_macro         | [macro/ipc] datos.gob.ar: 1 rows
2026-05-25 12:34:53 | WARNING  | src.data.scraper_macro         | [macro/embi] using cached fallback for 2024-12-01 \u2192 2024-12-31
2026-05-25 12:34:53 | INFO     | src.data.scraper_macro         | [macro/reservas] datos.gob.ar: 1 rows
2026-05-25 12:34:54 | INFO     | src.data.scraper_macro         | [macro/tc_oficial] datos.gob.ar: 1 rows
2026-05-25 12:34:54 | INFO     | src.data.validator             | Coverage report [prices]
2026-05-25 12:34:54 | INFO     | src.data.validator             | ----------------------------------------------------------------------------------
2026-05-25 12:34:54 | INFO     | src.data.validator             | asset                 first_date    last_date      rows    nan    nan%  status    
2026-05-25 12:34:54 | INFO     | src.data.validator             | ----------------------------------------------------------------------------------
2026-05-25 12:34:54 | INFO     | src.data.validator             | YPF                   2024-12-02    2024-12-30        5      0   0.00%  LATE +3623d
2026-05-25 12:34:54 | INFO     | src.data.validator             | GGAL                  2024-12-02    2024-12-30        5      0   0.00%  LATE +3623d
2026-05-25 12:34:54 | INFO     | src.data.validator             | BMA                   2024-12-02    2024-12-30        5      0   0.00%  LATE +3623d
2026-05-25 12:34:54 | INFO     | src.data.validator             | PAM                   2024-12-02    2024-12-30        5      0   0.00%  LATE +3623d
2026-05-25 12:34:54 | INFO     | src.data.validator             | TGS                   2024-12-02    2024-12-30        5      0   0.00%  LATE +3623d
2026-05-25 12:34:54 | INFO     | src.data.validator             | CEPU                  2024-12-02    2024-12-30        5      0   0.00%  LATE +3623d
2026-05-25 12:34:54 | INFO     | src.data.validator             | EDN                   2024-12-02    2024-12-30        5      0   0.00%  LATE +3623d
2026-05-25 12:34:54 | INFO     | src.data.validator             | LOMA                  2024-12-02    2024-12-30        5      0   0.00%  LATE +3623d
2026-05-25 12:34:54 | INFO     | src.data.validator             | CRESY                 2024-12-02    2024-12-30        5      0   0.00%  LATE +3623d
2026-05-25 12:34:54 | INFO     | src.data.validator             | IRS                   2024-12-02    2024-12-30        5      0   0.00%  LATE +3623d
2026-05-25 12:34:54 | ERROR    | src.data.validator             | sovereign_bond        MISSING       MISSING           0      0  100.00%  ERROR     
2026-05-25 12:34:54 | INFO     | src.data.validator             | merval                2024-12-02    2024-12-30        5      0   0.00%  LATE +3623d
2026-05-25 12:34:54 | INFO     | src.data.validator             | ccl                   2024-12-06    2025-01-03        5      0   0.00%  LATE +3627d
2026-05-25 12:34:54 | INFO     | src.data.validator             | ----------------------------------------------------------------------------------
2026-05-25 12:34:54 | INFO     | src.data.validator             | Coverage report [macro]
2026-05-25 12:34:54 | INFO     | src.data.validator             | ----------------------------------------------------------------------------------
2026-05-25 12:34:54 | INFO     | src.data.validator             | asset                 first_date    last_date      rows    nan    nan%  status    
2026-05-25 12:34:54 | INFO     | src.data.validator             | ----------------------------------------------------------------------------------
2026-05-25 12:34:54 | INFO     | src.data.validator             | ipc                   2024-12-31    2024-12-31        1      0   0.00%  LATE +3652d
2026-05-25 12:34:54 | ERROR    | src.data.validator             | embi                  MISSING       MISSING           1      1  100.00%  ERROR     
2026-05-25 12:34:54 | INFO     | src.data.validator             | reservas              2024-12-31    2024-12-31        1      0   0.00%  LATE +3652d
2026-05-25 12:34:54 | INFO     | src.data.validator             | tc_oficial            2024-12-31    2024-12-31        1      0   0.00%  LATE +3652d
2026-05-25 12:34:54 | INFO     | src.data.validator             | ----------------------------------------------------------------------------------
2026-05-25 12:34:54 | WARNING  | src.data.loader                | 17 validation warning(s) — data will still be appended.
2026-05-25 12:34:54 | INFO     | src.data.cache_manager         | Appending live month to cache
2026-05-25 12:34:54 | INFO     | src.data.cache_manager         | Live month appended. New last cached date: 2025-01-03
2026-05-25 12:34:54 | INFO     | src.data.loader                | Live month appended successfully. Cutoff: 2024-12-31
2026-05-25 12:34:54 | INFO     | src.features.features          | compute_features: 837 weekly rows | 10 tickers | warm-up = 30 rows
2026-05-25 12:35:49 | INFO     | src.nlp.nlp                    | Loaded from data\news\2024\12 — macro=4 docs, company=40 docs across 8 tickers
2026-05-25 12:37:12 | INFO     | src.nlp.nlp                    | Monthly sentiment 2024-12 — macro=0.0193 | company=[BMA=0.000 CEPU=-0.001 CRESY=-0.023 EDN=0.000 GGAL=-0.013 IRS=-0.016 LOMA=-0.021 PAM=0.005 TGS=0.042 YPF=0.008]
2026-05-25 12:37:13 | WARNING  | src.signals.regime             | _build_monthly_feature_matrix: 'embi' is entirely NaN — filling with 0.0
2026-05-25 12:37:13 | INFO     | src.signals.regime             | Regime prediction: risk_on (p=0.683) | month=2024-12 | nlp_score=0.0193
2026-05-25 12:37:13 | INFO     | src.allocation.allocator       | compute_weights: risk_on (p=0.683) | active=[BMA(sma=1.397,score=0.5397), CEPU(sma=1.367,score=0.2791), CRESY(sma=1.371,score=0.2526), EDN(sma=1.634,score=0.5384), GGAL(sma=1.405,score=0.6166), IRS(sma=1.287,score=0.2361), LOMA(sma=1.368,score=0.2364), PAM(sma=1.391,score=0.4335), TGS(sma=1.323,score=0.2562), YPF(sma=1.562,score=0.4787)] | excluded=[none] | BMA=0.1396 CEPU=0.0722 CRESY=0.0653 EDN=0.1392 GGAL=0.1594 IRS=0.0610 LOMA=0.0611 PAM=0.1121 TGS=0.0662 YPF=0.1238
2026-05-25 12:37:13 | INFO     | __main__                       | 2024-12 | risk_on (p=0.683) | nlp_macro=0.0193 | active=10 excluded=0
2026-05-25 12:37:13 | INFO     | src.utils.utils                | [DONE]  live 2024-12 — 148.08s
2026-05-25 12:37:13 | INFO     | src.utils.utils                | [START] live 2025-01
2026-05-25 12:37:13 | INFO     | src.data.loader                | Starting live-month download: 2025-01-04 \u2192 2025-01-31 (cutoff: 2025-01-31) | tickers: ['YPF', 'GGAL', 'BMA', 'PAM', 'TGS', 'CEPU', 'EDN', 'LOMA', 'CRESY', 'IRS']
2026-05-25 12:37:18 | INFO     | src.data.downloader            | [YPF] 5 weekly rows (2025-01-01 \u2192 2025-01-29)
2026-05-25 12:37:18 | INFO     | src.data.downloader            | [GGAL] 5 weekly rows (2025-01-01 \u2192 2025-01-29)
2026-05-25 12:37:18 | INFO     | src.data.downloader            | [BMA] 5 weekly rows (2025-01-01 \u2192 2025-01-29)
2026-05-25 12:37:18 | INFO     | src.data.downloader            | [PAM] 5 weekly rows (2025-01-01 \u2192 2025-01-29)
2026-05-25 12:37:18 | INFO     | src.data.downloader            | [TGS] 5 weekly rows (2025-01-01 \u2192 2025-01-29)
2026-05-25 12:37:18 | INFO     | src.data.downloader            | [CEPU] 5 weekly rows (2025-01-01 \u2192 2025-01-29)
2026-05-25 12:37:18 | INFO     | src.data.downloader            | [EDN] 5 weekly rows (2025-01-01 \u2192 2025-01-29)
2026-05-25 12:37:18 | INFO     | src.data.downloader            | [LOMA] 5 weekly rows (2025-01-01 \u2192 2025-01-29)
2026-05-25 12:37:18 | INFO     | src.data.downloader            | [CRESY] 5 weekly rows (2025-01-01 \u2192 2025-01-29)
2026-05-25 12:37:18 | INFO     | src.data.downloader            | [IRS] 5 weekly rows (2025-01-01 \u2192 2025-01-29)
2026-05-25 12:37:18 | ERROR    | yfinance                       | $AL30D.BA: possibly delisted; no timezone found
2026-05-25 12:37:18 | WARNING  | src.data.scraper_al30d         | [AL30D.BA] all sources failed and no cache available
2026-05-25 12:37:18 | WARNING  | src.data.scraper_al30d         | sovereign_bond: all sources failed — returning empty series
2026-05-25 12:37:19 | INFO     | src.data.scraper_ccl           | CCL: GGAL ratio fallback used (5 observations)
2026-05-25 12:37:20 | WARNING  | src.data.scraper_macro         | [macro/ipc] using cached fallback for 2025-01-04 \u2192 2025-01-31
2026-05-25 12:37:21 | WARNING  | src.data.scraper_macro         | [macro/embi] using cached fallback for 2025-01-04 \u2192 2025-01-31
2026-05-25 12:37:22 | WARNING  | src.data.scraper_macro         | [macro/reservas] using cached fallback for 2025-01-04 \u2192 2025-01-31
2026-05-25 12:37:22 | INFO     | src.data.scraper_macro         | [macro/tc_oficial] datos.gob.ar: 1 rows
2026-05-25 12:37:23 | INFO     | src.data.validator             | Coverage report [prices]
2026-05-25 12:37:23 | INFO     | src.data.validator             | ----------------------------------------------------------------------------------
2026-05-25 12:37:23 | INFO     | src.data.validator             | asset                 first_date    last_date      rows    nan    nan%  status    
2026-05-25 12:37:23 | INFO     | src.data.validator             | ----------------------------------------------------------------------------------
2026-05-25 12:37:23 | INFO     | src.data.validator             | YPF                   2025-01-01    2025-01-29        5      0   0.00%  LATE +3653d
2026-05-25 12:37:23 | INFO     | src.data.validator             | GGAL                  2025-01-01    2025-01-29        5      0   0.00%  LATE +3653d
2026-05-25 12:37:23 | INFO     | src.data.validator             | BMA                   2025-01-01    2025-01-29        5      0   0.00%  LATE +3653d
2026-05-25 12:37:23 | INFO     | src.data.validator             | PAM                   2025-01-01    2025-01-29        5      0   0.00%  LATE +3653d
2026-05-25 12:37:23 | INFO     | src.data.validator             | TGS                   2025-01-01    2025-01-29        5      0   0.00%  LATE +3653d
2026-05-25 12:37:23 | INFO     | src.data.validator             | CEPU                  2025-01-01    2025-01-29        5      0   0.00%  LATE +3653d
2026-05-25 12:37:23 | INFO     | src.data.validator             | EDN                   2025-01-01    2025-01-29        5      0   0.00%  LATE +3653d
2026-05-25 12:37:23 | INFO     | src.data.validator             | LOMA                  2025-01-01    2025-01-29        5      0   0.00%  LATE +3653d
2026-05-25 12:37:23 | INFO     | src.data.validator             | CRESY                 2025-01-01    2025-01-29        5      0   0.00%  LATE +3653d
2026-05-25 12:37:23 | INFO     | src.data.validator             | IRS                   2025-01-01    2025-01-29        5      0   0.00%  LATE +3653d
2026-05-25 12:37:23 | ERROR    | src.data.validator             | sovereign_bond        MISSING       MISSING           0      0  100.00%  ERROR     
2026-05-25 12:37:23 | INFO     | src.data.validator             | merval                2025-01-01    2025-01-29        5      0   0.00%  LATE +3653d
2026-05-25 12:37:23 | INFO     | src.data.validator             | ccl                   2025-01-03    2025-01-31        5      0   0.00%  LATE +3655d
2026-05-25 12:37:23 | INFO     | src.data.validator             | ----------------------------------------------------------------------------------
2026-05-25 12:37:23 | INFO     | src.data.validator             | Coverage report [macro]
2026-05-25 12:37:23 | INFO     | src.data.validator             | ----------------------------------------------------------------------------------
2026-05-25 12:37:23 | INFO     | src.data.validator             | asset                 first_date    last_date      rows    nan    nan%  status    
2026-05-25 12:37:23 | INFO     | src.data.validator             | ----------------------------------------------------------------------------------
2026-05-25 12:37:23 | INFO     | src.data.validator             | ipc                   2025-01-31    2025-01-31        1      0   0.00%  LATE +3683d
2026-05-25 12:37:23 | ERROR    | src.data.validator             | embi                  MISSING       MISSING           1      1  100.00%  ERROR     
2026-05-25 12:37:23 | INFO     | src.data.validator             | reservas              2025-01-31    2025-01-31        1      0   0.00%  LATE +3683d
2026-05-25 12:37:23 | INFO     | src.data.validator             | tc_oficial            2025-01-31    2025-01-31        1      0   0.00%  LATE +3683d
2026-05-25 12:37:23 | INFO     | src.data.validator             | ----------------------------------------------------------------------------------
2026-05-25 12:37:23 | WARNING  | src.data.loader                | 17 validation warning(s) — data will still be appended.
2026-05-25 12:37:23 | INFO     | src.data.cache_manager         | Appending live month to cache
2026-05-25 12:37:23 | INFO     | src.data.cache_manager         | Live month appended. New last cached date: 2025-01-31
2026-05-25 12:37:23 | INFO     | src.data.loader                | Live month appended successfully. Cutoff: 2025-01-31
2026-05-25 12:37:23 | INFO     | src.features.features          | compute_features: 842 weekly rows | 10 tickers | warm-up = 30 rows
2026-05-25 12:38:19 | INFO     | src.nlp.nlp                    | Loaded from data\news\2025\01 — macro=4 docs, company=23 docs across 8 tickers
2026-05-25 12:39:10 | INFO     | src.nlp.nlp                    | Monthly sentiment 2025-01 — macro=0.0061 | company=[BMA=0.004 CEPU=0.009 CRESY=-0.018 EDN=-0.013 GGAL=-0.011 IRS=-0.015 LOMA=0.000 PAM=0.007 TGS=0.000 YPF=0.003]
2026-05-25 12:39:10 | WARNING  | src.signals.regime             | _build_monthly_feature_matrix: 'embi' is entirely NaN — filling with 0.0
2026-05-25 12:39:10 | INFO     | src.signals.regime             | Regime prediction: risk_on (p=0.981) | month=2025-01 | nlp_score=0.0061
2026-05-25 12:39:10 | INFO     | src.allocation.allocator       | compute_weights: risk_on (p=0.981) | active=[BMA(sma=1.270,score=0.5032), CEPU(sma=1.259,score=0.4342), CRESY(sma=1.273,score=0.5429), EDN(sma=1.306,score=0.5520), GGAL(sma=1.323,score=0.7665), IRS(sma=1.165,score=0.4995), LOMA(sma=1.265,score=0.4430), PAM(sma=1.267,score=0.5646), TGS(sma=1.179,score=0.2576), YPF(sma=1.278,score=0.4450)] | excluded=[none] | BMA=0.1005 CEPU=0.0867 CRESY=0.1084 EDN=0.1102 GGAL=0.1530 IRS=0.0997 LOMA=0.0885 PAM=0.1127 TGS=0.0514 YPF=0.0888
2026-05-25 12:39:10 | INFO     | __main__                       | 2025-01 | risk_on (p=0.981) | nlp_macro=0.0061 | active=10 excluded=0
2026-05-25 12:39:10 | INFO     | src.utils.utils                | [DONE]  live 2025-01 — 117.59s
2026-05-25 12:39:10 | INFO     | src.utils.utils                | [START] live 2025-02
2026-05-25 12:39:10 | INFO     | src.data.loader                | Starting live-month download: 2025-02-01 \u2192 2025-02-28 (cutoff: 2025-02-28) | tickers: ['YPF', 'GGAL', 'BMA', 'PAM', 'TGS', 'CEPU', 'EDN', 'LOMA', 'CRESY', 'IRS']
2026-05-25 12:39:15 | INFO     | src.data.downloader            | [YPF] 4 weekly rows (2025-02-03 \u2192 2025-02-24)
2026-05-25 12:39:15 | INFO     | src.data.downloader            | [GGAL] 4 weekly rows (2025-02-03 \u2192 2025-02-24)
2026-05-25 12:39:15 | INFO     | src.data.downloader            | [BMA] 4 weekly rows (2025-02-03 \u2192 2025-02-24)
2026-05-25 12:39:15 | INFO     | src.data.downloader            | [PAM] 4 weekly rows (2025-02-03 \u2192 2025-02-24)
2026-05-25 12:39:15 | INFO     | src.data.downloader            | [TGS] 4 weekly rows (2025-02-03 \u2192 2025-02-24)
2026-05-25 12:39:15 | INFO     | src.data.downloader            | [CEPU] 4 weekly rows (2025-02-03 \u2192 2025-02-24)
2026-05-25 12:39:15 | INFO     | src.data.downloader            | [EDN] 4 weekly rows (2025-02-03 \u2192 2025-02-24)
2026-05-25 12:39:15 | INFO     | src.data.downloader            | [LOMA] 4 weekly rows (2025-02-03 \u2192 2025-02-24)
2026-05-25 12:39:15 | INFO     | src.data.downloader            | [CRESY] 4 weekly rows (2025-02-03 \u2192 2025-02-24)
2026-05-25 12:39:15 | INFO     | src.data.downloader            | [IRS] 4 weekly rows (2025-02-03 \u2192 2025-02-24)
2026-05-25 12:39:16 | ERROR    | yfinance                       | $AL30D.BA: possibly delisted; no timezone found
2026-05-25 12:39:16 | WARNING  | src.data.scraper_al30d         | [AL30D.BA] all sources failed and no cache available
2026-05-25 12:39:16 | WARNING  | src.data.scraper_al30d         | sovereign_bond: all sources failed — returning empty series
2026-05-25 12:39:17 | INFO     | src.data.scraper_ccl           | CCL: GGAL ratio fallback used (4 observations)
2026-05-25 12:39:17 | INFO     | src.data.scraper_macro         | [macro/ipc] datos.gob.ar: 1 rows
2026-05-25 12:39:18 | WARNING  | src.data.scraper_macro         | [macro/embi] using cached fallback for 2025-02-01 \u2192 2025-02-28
2026-05-25 12:39:19 | INFO     | src.data.scraper_macro         | [macro/reservas] datos.gob.ar: 1 rows
2026-05-25 12:39:20 | INFO     | src.data.scraper_macro         | [macro/tc_oficial] datos.gob.ar: 1 rows
2026-05-25 12:39:20 | INFO     | src.data.validator             | Coverage report [prices]
2026-05-25 12:39:20 | INFO     | src.data.validator             | ----------------------------------------------------------------------------------
2026-05-25 12:39:20 | INFO     | src.data.validator             | asset                 first_date    last_date      rows    nan    nan%  status    
2026-05-25 12:39:20 | INFO     | src.data.validator             | ----------------------------------------------------------------------------------
2026-05-25 12:39:20 | INFO     | src.data.validator             | YPF                   2025-02-03    2025-02-24        4      0   0.00%  LATE +3686d
2026-05-25 12:39:20 | INFO     | src.data.validator             | GGAL                  2025-02-03    2025-02-24        4      0   0.00%  LATE +3686d
2026-05-25 12:39:20 | INFO     | src.data.validator             | BMA                   2025-02-03    2025-02-24        4      0   0.00%  LATE +3686d
2026-05-25 12:39:20 | INFO     | src.data.validator             | PAM                   2025-02-03    2025-02-24        4      0   0.00%  LATE +3686d
2026-05-25 12:39:20 | INFO     | src.data.validator             | TGS                   2025-02-03    2025-02-24        4      0   0.00%  LATE +3686d
2026-05-25 12:39:20 | INFO     | src.data.validator             | CEPU                  2025-02-03    2025-02-24        4      0   0.00%  LATE +3686d
2026-05-25 12:39:20 | INFO     | src.data.validator             | EDN                   2025-02-03    2025-02-24        4      0   0.00%  LATE +3686d
2026-05-25 12:39:20 | INFO     | src.data.validator             | LOMA                  2025-02-03    2025-02-24        4      0   0.00%  LATE +3686d
2026-05-25 12:39:20 | INFO     | src.data.validator             | CRESY                 2025-02-03    2025-02-24        4      0   0.00%  LATE +3686d
2026-05-25 12:39:20 | INFO     | src.data.validator             | IRS                   2025-02-03    2025-02-24        4      0   0.00%  LATE +3686d
2026-05-25 12:39:20 | ERROR    | src.data.validator             | sovereign_bond        MISSING       MISSING           0      0  100.00%  ERROR     
2026-05-25 12:39:20 | INFO     | src.data.validator             | merval                2025-02-03    2025-02-24        4      0   0.00%  LATE +3686d
2026-05-25 12:39:20 | INFO     | src.data.validator             | ccl                   2025-02-07    2025-02-28        4      0   0.00%  LATE +3690d
2026-05-25 12:39:20 | INFO     | src.data.validator             | ----------------------------------------------------------------------------------
2026-05-25 12:39:20 | INFO     | src.data.validator             | Coverage report [macro]
2026-05-25 12:39:20 | INFO     | src.data.validator             | ----------------------------------------------------------------------------------
2026-05-25 12:39:20 | INFO     | src.data.validator             | asset                 first_date    last_date      rows    nan    nan%  status    
2026-05-25 12:39:20 | INFO     | src.data.validator             | ----------------------------------------------------------------------------------
2026-05-25 12:39:20 | INFO     | src.data.validator             | ipc                   2025-02-28    2025-02-28        1      0   0.00%  LATE +3711d
2026-05-25 12:39:20 | ERROR    | src.data.validator             | embi                  MISSING       MISSING           1      1  100.00%  ERROR     
2026-05-25 12:39:20 | INFO     | src.data.validator             | reservas              2025-02-28    2025-02-28        1      0   0.00%  LATE +3711d
2026-05-25 12:39:20 | INFO     | src.data.validator             | tc_oficial            2025-02-28    2025-02-28        1      0   0.00%  LATE +3711d
2026-05-25 12:39:20 | INFO     | src.data.validator             | ----------------------------------------------------------------------------------
2026-05-25 12:39:20 | WARNING  | src.data.loader                | 17 validation warning(s) — data will still be appended.
2026-05-25 12:39:20 | INFO     | src.data.cache_manager         | Appending live month to cache
2026-05-25 12:39:20 | INFO     | src.data.cache_manager         | Live month appended. New last cached date: 2025-02-28
2026-05-25 12:39:20 | INFO     | src.data.loader                | Live month appended successfully. Cutoff: 2025-02-28
2026-05-25 12:39:20 | INFO     | src.features.features          | compute_features: 846 weekly rows | 10 tickers | warm-up = 30 rows
2026-05-25 12:40:18 | INFO     | src.nlp.nlp                    | Loaded from data\news\2025\02 — macro=3 docs, company=28 docs across 8 tickers
2026-05-25 12:41:16 | INFO     | src.nlp.nlp                    | Monthly sentiment 2025-02 — macro=0.0576 | company=[BMA=0.013 CEPU=0.000 CRESY=-0.022 EDN=-0.018 GGAL=-0.008 IRS=-0.018 LOMA=0.000 PAM=0.007 TGS=0.050 YPF=0.008]
2026-05-25 12:41:16 | WARNING  | src.signals.regime             | _build_monthly_feature_matrix: 'embi' is entirely NaN — filling with 0.0
2026-05-25 12:41:16 | INFO     | src.signals.regime             | Regime prediction: risk_off (p=0.484) | month=2025-02 | nlp_score=0.0576
2026-05-25 12:41:16 | INFO     | src.allocation.allocator       | compute_weights: risk_off (p=0.484) | active=[EDN(sma=1.057,score=0.5766), GGAL(sma=1.039,score=0.4124), LOMA(sma=1.034,score=0.3209), PAM(sma=1.025,score=0.2366), YPF(sma=1.059,score=0.8110)] | excluded=[BMA=1.003, CEPU=0.980, CRESY=1.002, IRS=0.996, TGS=1.011] | EDN=0.2446 GGAL=0.1749 LOMA=0.1361 PAM=0.1004 YPF=0.3440
2026-05-25 12:41:16 | INFO     | __main__                       | 2025-02 | risk_off (p=0.484) | nlp_macro=0.0576 | active=5 excluded=5
2026-05-25 12:41:16 | INFO     | src.utils.utils                | [DONE]  live 2025-02 — 126.09s
2026-05-25 12:41:16 | INFO     | src.utils.utils                | [START] live 2025-03
2026-05-25 12:41:16 | INFO     | src.data.loader                | Starting live-month download: 2025-03-01 \u2192 2025-03-31 (cutoff: 2025-03-31) | tickers: ['YPF', 'GGAL', 'BMA', 'PAM', 'TGS', 'CEPU', 'EDN', 'LOMA', 'CRESY', 'IRS']
2026-05-25 12:41:20 | INFO     | src.data.downloader            | [YPF] 4 weekly rows (2025-03-03 \u2192 2025-03-24)
2026-05-25 12:41:20 | INFO     | src.data.downloader            | [GGAL] 4 weekly rows (2025-03-03 \u2192 2025-03-24)
2026-05-25 12:41:20 | INFO     | src.data.downloader            | [BMA] 4 weekly rows (2025-03-03 \u2192 2025-03-24)
2026-05-25 12:41:20 | INFO     | src.data.downloader            | [PAM] 4 weekly rows (2025-03-03 \u2192 2025-03-24)
2026-05-25 12:41:20 | INFO     | src.data.downloader            | [TGS] 4 weekly rows (2025-03-03 \u2192 2025-03-24)
2026-05-25 12:41:20 | INFO     | src.data.downloader            | [CEPU] 4 weekly rows (2025-03-03 \u2192 2025-03-24)
2026-05-25 12:41:20 | INFO     | src.data.downloader            | [EDN] 4 weekly rows (2025-03-03 \u2192 2025-03-24)
2026-05-25 12:41:20 | INFO     | src.data.downloader            | [LOMA] 4 weekly rows (2025-03-03 \u2192 2025-03-24)
2026-05-25 12:41:20 | INFO     | src.data.downloader            | [CRESY] 4 weekly rows (2025-03-03 \u2192 2025-03-24)
2026-05-25 12:41:20 | INFO     | src.data.downloader            | [IRS] 4 weekly rows (2025-03-03 \u2192 2025-03-24)
2026-05-25 12:41:20 | ERROR    | yfinance                       | $AL30D.BA: possibly delisted; no timezone found
2026-05-25 12:41:20 | WARNING  | src.data.scraper_al30d         | [AL30D.BA] all sources failed and no cache available
2026-05-25 12:41:20 | WARNING  | src.data.scraper_al30d         | sovereign_bond: all sources failed — returning empty series
2026-05-25 12:41:21 | INFO     | src.data.scraper_ccl           | CCL: GGAL ratio fallback used (4 observations)
2026-05-25 12:41:22 | INFO     | src.data.scraper_macro         | [macro/ipc] datos.gob.ar: 1 rows
2026-05-25 12:41:22 | WARNING  | src.data.scraper_macro         | [macro/embi] using cached fallback for 2025-03-01 \u2192 2025-03-31
2026-05-25 12:41:23 | INFO     | src.data.scraper_macro         | [macro/reservas] datos.gob.ar: 1 rows
2026-05-25 12:41:24 | INFO     | src.data.scraper_macro         | [macro/tc_oficial] datos.gob.ar: 1 rows
2026-05-25 12:41:24 | INFO     | src.data.validator             | Coverage report [prices]
2026-05-25 12:41:24 | INFO     | src.data.validator             | ----------------------------------------------------------------------------------
2026-05-25 12:41:24 | INFO     | src.data.validator             | asset                 first_date    last_date      rows    nan    nan%  status    
2026-05-25 12:41:24 | INFO     | src.data.validator             | ----------------------------------------------------------------------------------
2026-05-25 12:41:24 | INFO     | src.data.validator             | YPF                   2025-03-03    2025-03-24        4      0   0.00%  LATE +3714d
2026-05-25 12:41:24 | INFO     | src.data.validator             | GGAL                  2025-03-03    2025-03-24        4      0   0.00%  LATE +3714d
2026-05-25 12:41:24 | INFO     | src.data.validator             | BMA                   2025-03-03    2025-03-24        4      0   0.00%  LATE +3714d
2026-05-25 12:41:24 | INFO     | src.data.validator             | PAM                   2025-03-03    2025-03-24        4      0   0.00%  LATE +3714d
2026-05-25 12:41:24 | INFO     | src.data.validator             | TGS                   2025-03-03    2025-03-24        4      0   0.00%  LATE +3714d
2026-05-25 12:41:24 | INFO     | src.data.validator             | CEPU                  2025-03-03    2025-03-24        4      0   0.00%  LATE +3714d
2026-05-25 12:41:24 | INFO     | src.data.validator             | EDN                   2025-03-03    2025-03-24        4      0   0.00%  LATE +3714d
2026-05-25 12:41:24 | INFO     | src.data.validator             | LOMA                  2025-03-03    2025-03-24        4      0   0.00%  LATE +3714d
2026-05-25 12:41:24 | INFO     | src.data.validator             | CRESY                 2025-03-03    2025-03-24        4      0   0.00%  LATE +3714d
2026-05-25 12:41:24 | INFO     | src.data.validator             | IRS                   2025-03-03    2025-03-24        4      0   0.00%  LATE +3714d
2026-05-25 12:41:24 | ERROR    | src.data.validator             | sovereign_bond        MISSING       MISSING           0      0  100.00%  ERROR     
2026-05-25 12:41:24 | INFO     | src.data.validator             | merval                2025-03-03    2025-03-24        4      0   0.00%  LATE +3714d
2026-05-25 12:41:24 | INFO     | src.data.validator             | ccl                   2025-03-07    2025-03-28        4      0   0.00%  LATE +3718d
2026-05-25 12:41:24 | INFO     | src.data.validator             | ----------------------------------------------------------------------------------
2026-05-25 12:41:24 | INFO     | src.data.validator             | Coverage report [macro]
2026-05-25 12:41:24 | INFO     | src.data.validator             | ----------------------------------------------------------------------------------
2026-05-25 12:41:24 | INFO     | src.data.validator             | asset                 first_date    last_date      rows    nan    nan%  status    
2026-05-25 12:41:24 | INFO     | src.data.validator             | ----------------------------------------------------------------------------------
2026-05-25 12:41:24 | INFO     | src.data.validator             | ipc                   2025-03-31    2025-03-31        1      0   0.00%  LATE +3742d
2026-05-25 12:41:24 | ERROR    | src.data.validator             | embi                  MISSING       MISSING           1      1  100.00%  ERROR     
2026-05-25 12:41:24 | INFO     | src.data.validator             | reservas              2025-03-31    2025-03-31        1      0   0.00%  LATE +3742d
2026-05-25 12:41:24 | INFO     | src.data.validator             | tc_oficial            2025-03-31    2025-03-31        1      0   0.00%  LATE +3742d
2026-05-25 12:41:24 | INFO     | src.data.validator             | ----------------------------------------------------------------------------------
2026-05-25 12:41:24 | WARNING  | src.data.loader                | 17 validation warning(s) — data will still be appended.
2026-05-25 12:41:24 | INFO     | src.data.cache_manager         | Appending live month to cache
2026-05-25 12:41:24 | INFO     | src.data.cache_manager         | Live month appended. New last cached date: 2025-03-31
2026-05-25 12:41:24 | INFO     | src.data.loader                | Live month appended successfully. Cutoff: 2025-03-31
2026-05-25 12:41:24 | INFO     | src.features.features          | compute_features: 851 weekly rows | 10 tickers | warm-up = 30 rows
2026-05-25 12:42:29 | INFO     | src.nlp.nlp                    | Loaded from data\news\2025\03 — macro=4 docs, company=56 docs across 10 tickers
2026-05-25 12:44:52 | INFO     | src.nlp.nlp                    | Monthly sentiment 2025-03 — macro=0.0060 | company=[BMA=0.010 CEPU=-0.002 CRESY=-0.024 EDN=-0.013 GGAL=-0.045 IRS=-0.014 LOMA=-0.021 PAM=0.005 TGS=0.067 YPF=0.001]
2026-05-25 12:44:52 | WARNING  | src.signals.regime             | _build_monthly_feature_matrix: 'embi' is entirely NaN — filling with 0.0
2026-05-25 12:44:52 | INFO     | src.signals.regime             | Regime prediction: risk_off (p=0.802) | month=2025-03 | nlp_score=0.0060
2026-05-25 12:44:52 | WARNING  | src.allocation.allocator       | compute_weights (risk_off): no candidates — falling back to EW across full universe (10 tickers).
2026-05-25 12:44:52 | INFO     | src.allocation.allocator       | compute_weights: risk_off (p=0.802) | active=[BMA(sma=0.780,score=0.2737), CEPU(sma=0.795,score=0.2001), CRESY(sma=0.955,score=0.8640), EDN(sma=0.768,score=0.2167), GGAL(sma=0.832,score=0.3895), IRS(sma=0.907,score=0.5920), LOMA(sma=0.913,score=0.5936), PAM(sma=0.869,score=0.3180), TGS(sma=0.898,score=0.4326), YPF(sma=0.856,score=0.3310)] | excluded=[none] | BMA=0.0650 CEPU=0.0475 CRESY=0.2052 EDN=0.0515 GGAL=0.0925 IRS=0.1406 LOMA=0.1410 PAM=0.0755 TGS=0.1027 YPF=0.0786
2026-05-25 12:44:52 | INFO     | __main__                       | 2025-03 | risk_off (p=0.802) | nlp_macro=0.0060 | active=10 excluded=0
2026-05-25 12:44:52 | INFO     | src.utils.utils                | [DONE]  live 2025-03 — 216.20s
2026-05-25 12:44:52 | INFO     | src.utils.utils                | [START] live 2025-04
2026-05-25 12:44:52 | INFO     | src.data.loader                | Starting live-month download: 2025-04-01 \u2192 2025-04-30 (cutoff: 2025-04-30) | tickers: ['YPF', 'GGAL', 'BMA', 'PAM', 'TGS', 'CEPU', 'EDN', 'LOMA', 'CRESY', 'IRS']
2026-05-25 12:44:56 | INFO     | src.data.downloader            | [YPF] 5 weekly rows (2025-03-31 \u2192 2025-04-28)
2026-05-25 12:44:56 | INFO     | src.data.downloader            | [GGAL] 5 weekly rows (2025-03-31 \u2192 2025-04-28)
2026-05-25 12:44:56 | INFO     | src.data.downloader            | [BMA] 5 weekly rows (2025-03-31 \u2192 2025-04-28)
2026-05-25 12:44:56 | INFO     | src.data.downloader            | [PAM] 5 weekly rows (2025-03-31 \u2192 2025-04-28)
2026-05-25 12:44:56 | INFO     | src.data.downloader            | [TGS] 5 weekly rows (2025-03-31 \u2192 2025-04-28)
2026-05-25 12:44:56 | INFO     | src.data.downloader            | [CEPU] 5 weekly rows (2025-03-31 \u2192 2025-04-28)
2026-05-25 12:44:56 | INFO     | src.data.downloader            | [EDN] 5 weekly rows (2025-03-31 \u2192 2025-04-28)
2026-05-25 12:44:56 | INFO     | src.data.downloader            | [LOMA] 5 weekly rows (2025-03-31 \u2192 2025-04-28)
2026-05-25 12:44:56 | INFO     | src.data.downloader            | [CRESY] 5 weekly rows (2025-03-31 \u2192 2025-04-28)
2026-05-25 12:44:56 | INFO     | src.data.downloader            | [IRS] 5 weekly rows (2025-03-31 \u2192 2025-04-28)
2026-05-25 12:44:57 | ERROR    | yfinance                       | $AL30D.BA: possibly delisted; no timezone found
2026-05-25 12:44:57 | WARNING  | src.data.scraper_al30d         | [AL30D.BA] all sources failed and no cache available
2026-05-25 12:44:57 | WARNING  | src.data.scraper_al30d         | sovereign_bond: all sources failed — returning empty series
2026-05-25 12:44:57 | INFO     | src.data.scraper_ccl           | CCL: GGAL ratio fallback used (5 observations)
2026-05-25 12:45:08 | INFO     | src.data.scraper_macro         | [macro/ipc] datos.gob.ar: 1 rows
2026-05-25 12:45:08 | WARNING  | src.data.scraper_macro         | [macro/embi] using cached fallback for 2025-04-01 \u2192 2025-04-30
2026-05-25 12:45:09 | INFO     | src.data.scraper_macro         | [macro/reservas] datos.gob.ar: 1 rows
2026-05-25 12:45:10 | INFO     | src.data.scraper_macro         | [macro/tc_oficial] datos.gob.ar: 1 rows
2026-05-25 12:45:10 | INFO     | src.data.validator             | Coverage report [prices]
2026-05-25 12:45:10 | INFO     | src.data.validator             | ----------------------------------------------------------------------------------
2026-05-25 12:45:10 | INFO     | src.data.validator             | asset                 first_date    last_date      rows    nan    nan%  status    
2026-05-25 12:45:10 | INFO     | src.data.validator             | ----------------------------------------------------------------------------------
2026-05-25 12:45:10 | INFO     | src.data.validator             | YPF                   2025-03-31    2025-04-28        5      0   0.00%  LATE +3742d
2026-05-25 12:45:10 | INFO     | src.data.validator             | GGAL                  2025-03-31    2025-04-28        5      0   0.00%  LATE +3742d
2026-05-25 12:45:10 | INFO     | src.data.validator             | BMA                   2025-03-31    2025-04-28        5      0   0.00%  LATE +3742d
2026-05-25 12:45:10 | INFO     | src.data.validator             | PAM                   2025-03-31    2025-04-28        5      0   0.00%  LATE +3742d
2026-05-25 12:45:10 | INFO     | src.data.validator             | TGS                   2025-03-31    2025-04-28        5      0   0.00%  LATE +3742d
2026-05-25 12:45:10 | INFO     | src.data.validator             | CEPU                  2025-03-31    2025-04-28        5      0   0.00%  LATE +3742d
2026-05-25 12:45:10 | INFO     | src.data.validator             | EDN                   2025-03-31    2025-04-28        5      0   0.00%  LATE +3742d
2026-05-25 12:45:10 | INFO     | src.data.validator             | LOMA                  2025-03-31    2025-04-28        5      0   0.00%  LATE +3742d
2026-05-25 12:45:10 | INFO     | src.data.validator             | CRESY                 2025-03-31    2025-04-28        5      0   0.00%  LATE +3742d
2026-05-25 12:45:10 | INFO     | src.data.validator             | IRS                   2025-03-31    2025-04-28        5      0   0.00%  LATE +3742d
2026-05-25 12:45:10 | ERROR    | src.data.validator             | sovereign_bond        MISSING       MISSING           0      0  100.00%  ERROR     
2026-05-25 12:45:10 | INFO     | src.data.validator             | merval                2025-03-31    2025-04-28        5      0   0.00%  LATE +3742d
2026-05-25 12:45:10 | INFO     | src.data.validator             | ccl                   2025-04-04    2025-05-02        5      0   0.00%  LATE +3746d
2026-05-25 12:45:10 | INFO     | src.data.validator             | ----------------------------------------------------------------------------------
2026-05-25 12:45:10 | INFO     | src.data.validator             | Coverage report [macro]
2026-05-25 12:45:10 | INFO     | src.data.validator             | ----------------------------------------------------------------------------------
2026-05-25 12:45:10 | INFO     | src.data.validator             | asset                 first_date    last_date      rows    nan    nan%  status    
2026-05-25 12:45:10 | INFO     | src.data.validator             | ----------------------------------------------------------------------------------
2026-05-25 12:45:10 | INFO     | src.data.validator             | ipc                   2025-04-30    2025-04-30        1      0   0.00%  LATE +3772d
2026-05-25 12:45:10 | ERROR    | src.data.validator             | embi                  MISSING       MISSING           1      1  100.00%  ERROR     
2026-05-25 12:45:10 | INFO     | src.data.validator             | reservas              2025-04-30    2025-04-30        1      0   0.00%  LATE +3772d
2026-05-25 12:45:10 | INFO     | src.data.validator             | tc_oficial            2025-04-30    2025-04-30        1      0   0.00%  LATE +3772d
2026-05-25 12:45:10 | INFO     | src.data.validator             | ----------------------------------------------------------------------------------
2026-05-25 12:45:10 | WARNING  | src.data.loader                | 17 validation warning(s) — data will still be appended.
2026-05-25 12:45:10 | INFO     | src.data.cache_manager         | Appending live month to cache
2026-05-25 12:45:10 | INFO     | src.data.cache_manager         | Live month appended. New last cached date: 2025-05-02
2026-05-25 12:45:10 | INFO     | src.data.loader                | Live month appended successfully. Cutoff: 2025-04-30
2026-05-25 12:45:10 | INFO     | src.features.features          | compute_features: 855 weekly rows | 10 tickers | warm-up = 30 rows
2026-05-25 12:46:20 | INFO     | src.nlp.nlp                    | Loaded from data\news\2025\04 — macro=3 docs, company=31 docs across 10 tickers
2026-05-25 12:47:31 | INFO     | src.nlp.nlp                    | Monthly sentiment 2025-04 — macro=0.0524 | company=[BMA=0.006 CEPU=-0.010 CRESY=-0.019 EDN=-0.064 GGAL=-0.045 IRS=-0.012 LOMA=-0.028 PAM=-0.005 TGS=-0.054 YPF=0.003]
2026-05-25 12:47:31 | WARNING  | src.signals.regime             | _build_monthly_feature_matrix: 'embi' is entirely NaN — filling with 0.0
2026-05-25 12:47:31 | INFO     | src.signals.regime             | Regime prediction: risk_off (p=0.666) | month=2025-04 | nlp_score=0.0524
2026-05-25 12:47:31 | INFO     | src.allocation.allocator       | compute_weights: risk_off (p=0.666) | active=[GGAL(sma=1.010,score=0.5503), LOMA(sma=1.007,score=0.4512)] | excluded=[BMA=0.992, CEPU=0.826, CRESY=0.959, EDN=0.846, IRS=0.979, PAM=0.883, TGS=0.941, YPF=0.825] | GGAL=0.5495 LOMA=0.4505
2026-05-25 12:47:31 | INFO     | __main__                       | 2025-04 | risk_off (p=0.666) | nlp_macro=0.0524 | active=2 excluded=8
2026-05-25 12:47:31 | INFO     | src.utils.utils                | [DONE]  live 2025-04 — 158.17s
2026-05-25 12:47:31 | INFO     | src.utils.utils                | [START] live 2025-05
2026-05-25 12:47:31 | INFO     | src.data.loader                | Starting live-month download: 2025-05-03 \u2192 2025-05-31 (cutoff: 2025-05-31) | tickers: ['YPF', 'GGAL', 'BMA', 'PAM', 'TGS', 'CEPU', 'EDN', 'LOMA', 'CRESY', 'IRS']
2026-05-25 12:47:36 | INFO     | src.data.downloader            | [YPF] 4 weekly rows (2025-05-05 \u2192 2025-05-26)
2026-05-25 12:47:36 | INFO     | src.data.downloader            | [GGAL] 4 weekly rows (2025-05-05 \u2192 2025-05-26)
2026-05-25 12:47:36 | INFO     | src.data.downloader            | [BMA] 4 weekly rows (2025-05-05 \u2192 2025-05-26)
2026-05-25 12:47:36 | INFO     | src.data.downloader            | [PAM] 4 weekly rows (2025-05-05 \u2192 2025-05-26)
2026-05-25 12:47:36 | INFO     | src.data.downloader            | [TGS] 4 weekly rows (2025-05-05 \u2192 2025-05-26)
2026-05-25 12:47:36 | INFO     | src.data.downloader            | [CEPU] 4 weekly rows (2025-05-05 \u2192 2025-05-26)
2026-05-25 12:47:36 | INFO     | src.data.downloader            | [EDN] 4 weekly rows (2025-05-05 \u2192 2025-05-26)
2026-05-25 12:47:36 | INFO     | src.data.downloader            | [LOMA] 4 weekly rows (2025-05-05 \u2192 2025-05-26)
2026-05-25 12:47:36 | INFO     | src.data.downloader            | [CRESY] 4 weekly rows (2025-05-05 \u2192 2025-05-26)
2026-05-25 12:47:36 | INFO     | src.data.downloader            | [IRS] 4 weekly rows (2025-05-05 \u2192 2025-05-26)
2026-05-25 12:47:37 | ERROR    | yfinance                       | $AL30D.BA: possibly delisted; no timezone found
2026-05-25 12:47:37 | WARNING  | src.data.scraper_al30d         | [AL30D.BA] all sources failed and no cache available
2026-05-25 12:47:37 | WARNING  | src.data.scraper_al30d         | sovereign_bond: all sources failed — returning empty series
2026-05-25 12:47:38 | INFO     | src.data.scraper_ccl           | CCL: GGAL ratio fallback used (4 observations)
2026-05-25 12:47:39 | WARNING  | src.data.scraper_macro         | [macro/ipc] using cached fallback for 2025-05-03 \u2192 2025-05-31
2026-05-25 12:47:39 | WARNING  | src.data.scraper_macro         | [macro/embi] using cached fallback for 2025-05-03 \u2192 2025-05-31
2026-05-25 12:47:40 | WARNING  | src.data.scraper_macro         | [macro/reservas] using cached fallback for 2025-05-03 \u2192 2025-05-31
2026-05-25 12:47:41 | INFO     | src.data.scraper_macro         | [macro/tc_oficial] datos.gob.ar: 1 rows
2026-05-25 12:47:41 | INFO     | src.data.validator             | Coverage report [prices]
2026-05-25 12:47:41 | INFO     | src.data.validator             | ----------------------------------------------------------------------------------
2026-05-25 12:47:41 | INFO     | src.data.validator             | asset                 first_date    last_date      rows    nan    nan%  status    
2026-05-25 12:47:41 | INFO     | src.data.validator             | ----------------------------------------------------------------------------------
2026-05-25 12:47:41 | INFO     | src.data.validator             | YPF                   2025-05-05    2025-05-26        4      0   0.00%  LATE +3777d
2026-05-25 12:47:41 | INFO     | src.data.validator             | GGAL                  2025-05-05    2025-05-26        4      0   0.00%  LATE +3777d
2026-05-25 12:47:41 | INFO     | src.data.validator             | BMA                   2025-05-05    2025-05-26        4      0   0.00%  LATE +3777d
2026-05-25 12:47:41 | INFO     | src.data.validator             | PAM                   2025-05-05    2025-05-26        4      0   0.00%  LATE +3777d
2026-05-25 12:47:41 | INFO     | src.data.validator             | TGS                   2025-05-05    2025-05-26        4      0   0.00%  LATE +3777d
2026-05-25 12:47:41 | INFO     | src.data.validator             | CEPU                  2025-05-05    2025-05-26        4      0   0.00%  LATE +3777d
2026-05-25 12:47:41 | INFO     | src.data.validator             | EDN                   2025-05-05    2025-05-26        4      0   0.00%  LATE +3777d
2026-05-25 12:47:41 | INFO     | src.data.validator             | LOMA                  2025-05-05    2025-05-26        4      0   0.00%  LATE +3777d
2026-05-25 12:47:41 | INFO     | src.data.validator             | CRESY                 2025-05-05    2025-05-26        4      0   0.00%  LATE +3777d
2026-05-25 12:47:41 | INFO     | src.data.validator             | IRS                   2025-05-05    2025-05-26        4      0   0.00%  LATE +3777d
2026-05-25 12:47:41 | ERROR    | src.data.validator             | sovereign_bond        MISSING       MISSING           0      0  100.00%  ERROR     
2026-05-25 12:47:41 | INFO     | src.data.validator             | merval                2025-05-05    2025-05-26        4      0   0.00%  LATE +3777d
2026-05-25 12:47:41 | INFO     | src.data.validator             | ccl                   2025-05-09    2025-05-30        4      0   0.00%  LATE +3781d
2026-05-25 12:47:41 | INFO     | src.data.validator             | ----------------------------------------------------------------------------------
2026-05-25 12:47:41 | INFO     | src.data.validator             | Coverage report [macro]
2026-05-25 12:47:41 | INFO     | src.data.validator             | ----------------------------------------------------------------------------------
2026-05-25 12:47:41 | INFO     | src.data.validator             | asset                 first_date    last_date      rows    nan    nan%  status    
2026-05-25 12:47:41 | INFO     | src.data.validator             | ----------------------------------------------------------------------------------
2026-05-25 12:47:41 | INFO     | src.data.validator             | ipc                   2025-05-31    2025-05-31        1      0   0.00%  LATE +3803d
2026-05-25 12:47:41 | ERROR    | src.data.validator             | embi                  MISSING       MISSING           1      1  100.00%  ERROR     
2026-05-25 12:47:41 | INFO     | src.data.validator             | reservas              2025-05-31    2025-05-31        1      0   0.00%  LATE +3803d
2026-05-25 12:47:41 | INFO     | src.data.validator             | tc_oficial            2025-05-31    2025-05-31        1      0   0.00%  LATE +3803d
2026-05-25 12:47:41 | INFO     | src.data.validator             | ----------------------------------------------------------------------------------
2026-05-25 12:47:41 | WARNING  | src.data.loader                | 17 validation warning(s) — data will still be appended.
2026-05-25 12:47:41 | INFO     | src.data.cache_manager         | Appending live month to cache
2026-05-25 12:47:41 | INFO     | src.data.cache_manager         | Live month appended. New last cached date: 2025-05-31
2026-05-25 12:47:41 | INFO     | src.data.loader                | Live month appended successfully. Cutoff: 2025-05-31
2026-05-25 12:47:41 | INFO     | src.features.features          | compute_features: 859 weekly rows | 10 tickers | warm-up = 30 rows
2026-05-25 12:48:43 | INFO     | src.nlp.nlp                    | Loaded from data\news\2025\05 — macro=4 docs, company=49 docs across 10 tickers
2026-05-25 12:50:28 | INFO     | src.nlp.nlp                    | Monthly sentiment 2025-05 — macro=0.0176 | company=[BMA=0.010 CEPU=0.000 CRESY=-0.021 EDN=-0.014 GGAL=-0.034 IRS=-0.019 LOMA=-0.026 PAM=0.007 TGS=0.042 YPF=0.004]
2026-05-25 12:50:28 | WARNING  | src.signals.regime             | _build_monthly_feature_matrix: 'embi' is entirely NaN — filling with 0.0
2026-05-25 12:50:28 | INFO     | src.signals.regime             | Regime prediction: risk_on (p=0.997) | month=2025-05 | nlp_score=0.0176
2026-05-25 12:50:28 | INFO     | src.allocation.allocator       | compute_weights: risk_on (p=0.997) | active=[CEPU(sma=1.002,score=0.1284), CRESY(sma=1.013,score=0.4440), IRS(sma=1.037,score=0.5592), LOMA(sma=1.095,score=0.7321), TGS(sma=1.001,score=0.1092)] | excluded=[BMA=0.930, EDN=0.903, GGAL=0.954, PAM=0.936, YPF=0.947] | CEPU=0.0651 CRESY=0.2251 IRS=0.2835 LOMA=0.3711 TGS=0.0553
2026-05-25 12:50:28 | INFO     | __main__                       | 2025-05 | risk_on (p=0.997) | nlp_macro=0.0176 | active=5 excluded=5
2026-05-25 12:50:28 | INFO     | src.utils.utils                | [DONE]  live 2025-05 — 177.14s
2026-05-25 12:50:28 | INFO     | src.utils.utils                | [START] live 2025-06
2026-05-25 12:50:28 | INFO     | src.data.loader                | Starting live-month download: 2025-06-01 \u2192 2025-06-30 (cutoff: 2025-06-30) | tickers: ['YPF', 'GGAL', 'BMA', 'PAM', 'TGS', 'CEPU', 'EDN', 'LOMA', 'CRESY', 'IRS']
2026-05-25 12:50:32 | INFO     | src.data.downloader            | [YPF] 4 weekly rows (2025-06-02 \u2192 2025-06-23)
2026-05-25 12:50:32 | INFO     | src.data.downloader            | [GGAL] 4 weekly rows (2025-06-02 \u2192 2025-06-23)
2026-05-25 12:50:32 | INFO     | src.data.downloader            | [BMA] 4 weekly rows (2025-06-02 \u2192 2025-06-23)
2026-05-25 12:50:32 | INFO     | src.data.downloader            | [PAM] 4 weekly rows (2025-06-02 \u2192 2025-06-23)
2026-05-25 12:50:32 | INFO     | src.data.downloader            | [TGS] 4 weekly rows (2025-06-02 \u2192 2025-06-23)
2026-05-25 12:50:32 | INFO     | src.data.downloader            | [CEPU] 4 weekly rows (2025-06-02 \u2192 2025-06-23)
2026-05-25 12:50:32 | INFO     | src.data.downloader            | [EDN] 4 weekly rows (2025-06-02 \u2192 2025-06-23)
2026-05-25 12:50:32 | INFO     | src.data.downloader            | [LOMA] 4 weekly rows (2025-06-02 \u2192 2025-06-23)
2026-05-25 12:50:32 | INFO     | src.data.downloader            | [CRESY] 4 weekly rows (2025-06-02 \u2192 2025-06-23)
2026-05-25 12:50:32 | INFO     | src.data.downloader            | [IRS] 4 weekly rows (2025-06-02 \u2192 2025-06-23)
2026-05-25 12:50:32 | ERROR    | yfinance                       | $AL30D.BA: possibly delisted; no timezone found
2026-05-25 12:50:32 | WARNING  | src.data.scraper_al30d         | [AL30D.BA] all sources failed and no cache available
2026-05-25 12:50:32 | WARNING  | src.data.scraper_al30d         | sovereign_bond: all sources failed — returning empty series
2026-05-25 12:50:33 | INFO     | src.data.scraper_ccl           | CCL: GGAL ratio fallback used (4 observations)
2026-05-25 12:50:34 | INFO     | src.data.scraper_macro         | [macro/ipc] datos.gob.ar: 1 rows
2026-05-25 12:50:34 | WARNING  | src.data.scraper_macro         | [macro/embi] using cached fallback for 2025-06-01 \u2192 2025-06-30
2026-05-25 12:50:35 | INFO     | src.data.scraper_macro         | [macro/reservas] datos.gob.ar: 1 rows
2026-05-25 12:50:36 | INFO     | src.data.scraper_macro         | [macro/tc_oficial] datos.gob.ar: 1 rows
2026-05-25 12:50:36 | INFO     | src.data.validator             | Coverage report [prices]
2026-05-25 12:50:36 | INFO     | src.data.validator             | ----------------------------------------------------------------------------------
2026-05-25 12:50:36 | INFO     | src.data.validator             | asset                 first_date    last_date      rows    nan    nan%  status    
2026-05-25 12:50:36 | INFO     | src.data.validator             | ----------------------------------------------------------------------------------
2026-05-25 12:50:36 | INFO     | src.data.validator             | YPF                   2025-06-02    2025-06-23        4      0   0.00%  LATE +3805d
2026-05-25 12:50:36 | INFO     | src.data.validator             | GGAL                  2025-06-02    2025-06-23        4      0   0.00%  LATE +3805d
2026-05-25 12:50:36 | INFO     | src.data.validator             | BMA                   2025-06-02    2025-06-23        4      0   0.00%  LATE +3805d
2026-05-25 12:50:36 | INFO     | src.data.validator             | PAM                   2025-06-02    2025-06-23        4      0   0.00%  LATE +3805d
2026-05-25 12:50:36 | INFO     | src.data.validator             | TGS                   2025-06-02    2025-06-23        4      0   0.00%  LATE +3805d
2026-05-25 12:50:36 | INFO     | src.data.validator             | CEPU                  2025-06-02    2025-06-23        4      0   0.00%  LATE +3805d
2026-05-25 12:50:36 | INFO     | src.data.validator             | EDN                   2025-06-02    2025-06-23        4      0   0.00%  LATE +3805d
2026-05-25 12:50:36 | INFO     | src.data.validator             | LOMA                  2025-06-02    2025-06-23        4      0   0.00%  LATE +3805d
2026-05-25 12:50:36 | INFO     | src.data.validator             | CRESY                 2025-06-02    2025-06-23        4      0   0.00%  LATE +3805d
2026-05-25 12:50:36 | INFO     | src.data.validator             | IRS                   2025-06-02    2025-06-23        4      0   0.00%  LATE +3805d
2026-05-25 12:50:36 | ERROR    | src.data.validator             | sovereign_bond        MISSING       MISSING           0      0  100.00%  ERROR     
2026-05-25 12:50:36 | INFO     | src.data.validator             | merval                2025-06-02    2025-06-23        4      0   0.00%  LATE +3805d
2026-05-25 12:50:36 | INFO     | src.data.validator             | ccl                   2025-06-06    2025-06-27        4      0   0.00%  LATE +3809d
2026-05-25 12:50:36 | INFO     | src.data.validator             | ----------------------------------------------------------------------------------
2026-05-25 12:50:36 | INFO     | src.data.validator             | Coverage report [macro]
2026-05-25 12:50:36 | INFO     | src.data.validator             | ----------------------------------------------------------------------------------
2026-05-25 12:50:36 | INFO     | src.data.validator             | asset                 first_date    last_date      rows    nan    nan%  status    
2026-05-25 12:50:36 | INFO     | src.data.validator             | ----------------------------------------------------------------------------------
2026-05-25 12:50:36 | INFO     | src.data.validator             | ipc                   2025-06-30    2025-06-30        1      0   0.00%  LATE +3833d
2026-05-25 12:50:36 | ERROR    | src.data.validator             | embi                  MISSING       MISSING           1      1  100.00%  ERROR     
2026-05-25 12:50:36 | INFO     | src.data.validator             | reservas              2025-06-30    2025-06-30        1      0   0.00%  LATE +3833d
2026-05-25 12:50:36 | INFO     | src.data.validator             | tc_oficial            2025-06-30    2025-06-30        1      0   0.00%  LATE +3833d
2026-05-25 12:50:36 | INFO     | src.data.validator             | ----------------------------------------------------------------------------------
2026-05-25 12:50:36 | WARNING  | src.data.loader                | 17 validation warning(s) — data will still be appended.
2026-05-25 12:50:36 | INFO     | src.data.cache_manager         | Appending live month to cache
2026-05-25 12:50:36 | INFO     | src.data.cache_manager         | Live month appended. New last cached date: 2025-06-30
2026-05-25 12:50:36 | INFO     | src.data.loader                | Live month appended successfully. Cutoff: 2025-06-30
2026-05-25 12:50:36 | INFO     | src.features.features          | compute_features: 864 weekly rows | 10 tickers | warm-up = 30 rows
2026-05-25 12:51:35 | INFO     | src.nlp.nlp                    | Loaded from data\news\2025\06 — macro=4 docs, company=25 docs across 8 tickers
2026-05-25 12:52:38 | INFO     | src.nlp.nlp                    | Monthly sentiment 2025-06 — macro=0.0250 | company=[BMA=0.009 CEPU=0.000 CRESY=-0.018 EDN=-0.016 GGAL=-0.025 IRS=-0.020 LOMA=0.000 PAM=0.008 TGS=0.047 YPF=0.006]
2026-05-25 12:52:38 | WARNING  | src.signals.regime             | _build_monthly_feature_matrix: 'embi' is entirely NaN — filling with 0.0
2026-05-25 12:52:38 | INFO     | src.signals.regime             | Regime prediction: risk_on (p=0.864) | month=2025-06 | nlp_score=0.0250
2026-05-25 12:52:38 | INFO     | src.allocation.allocator       | compute_weights: risk_on (p=0.864) | active=[IRS(sma=1.031,score=0.5003)] | excluded=[BMA=0.789, CEPU=0.927, CRESY=0.956, EDN=0.764, GGAL=0.853, LOMA=0.979, PAM=0.901, TGS=0.977, YPF=0.884] | IRS=1.0000
2026-05-25 12:52:38 | INFO     | __main__                       | 2025-06 | risk_on (p=0.864) | nlp_macro=0.0250 | active=1 excluded=9
2026-05-25 12:52:38 | INFO     | src.utils.utils                | [DONE]  live 2025-06 — 130.25s
2026-05-25 12:52:38 | INFO     | src.utils.utils                | [START] live 2025-07
2026-05-25 12:52:38 | INFO     | src.data.loader                | Starting live-month download: 2025-07-01 \u2192 2025-07-31 (cutoff: 2025-07-31) | tickers: ['YPF', 'GGAL', 'BMA', 'PAM', 'TGS', 'CEPU', 'EDN', 'LOMA', 'CRESY', 'IRS']
2026-05-25 12:52:43 | INFO     | src.data.downloader            | [YPF] 5 weekly rows (2025-06-30 \u2192 2025-07-28)
2026-05-25 12:52:43 | INFO     | src.data.downloader            | [GGAL] 5 weekly rows (2025-06-30 \u2192 2025-07-28)
2026-05-25 12:52:43 | INFO     | src.data.downloader            | [BMA] 5 weekly rows (2025-06-30 \u2192 2025-07-28)
2026-05-25 12:52:43 | INFO     | src.data.downloader            | [PAM] 5 weekly rows (2025-06-30 \u2192 2025-07-28)
2026-05-25 12:52:43 | INFO     | src.data.downloader            | [TGS] 5 weekly rows (2025-06-30 \u2192 2025-07-28)
2026-05-25 12:52:43 | INFO     | src.data.downloader            | [CEPU] 5 weekly rows (2025-06-30 \u2192 2025-07-28)
2026-05-25 12:52:43 | INFO     | src.data.downloader            | [EDN] 5 weekly rows (2025-06-30 \u2192 2025-07-28)
2026-05-25 12:52:43 | INFO     | src.data.downloader            | [LOMA] 5 weekly rows (2025-06-30 \u2192 2025-07-28)
2026-05-25 12:52:43 | INFO     | src.data.downloader            | [CRESY] 5 weekly rows (2025-06-30 \u2192 2025-07-28)
2026-05-25 12:52:43 | INFO     | src.data.downloader            | [IRS] 5 weekly rows (2025-06-30 \u2192 2025-07-28)
2026-05-25 12:52:44 | ERROR    | yfinance                       | $AL30D.BA: possibly delisted; no timezone found
2026-05-25 12:52:44 | WARNING  | src.data.scraper_al30d         | [AL30D.BA] all sources failed and no cache available
2026-05-25 12:52:44 | WARNING  | src.data.scraper_al30d         | sovereign_bond: all sources failed — returning empty series
2026-05-25 12:52:45 | INFO     | src.data.scraper_ccl           | CCL: GGAL ratio fallback used (5 observations)
2026-05-25 12:52:46 | INFO     | src.data.scraper_macro         | [macro/ipc] datos.gob.ar: 1 rows
2026-05-25 12:52:47 | WARNING  | src.data.scraper_macro         | [macro/embi] using cached fallback for 2025-07-01 \u2192 2025-07-31
2026-05-25 12:52:48 | INFO     | src.data.scraper_macro         | [macro/reservas] datos.gob.ar: 1 rows
2026-05-25 12:52:48 | INFO     | src.data.scraper_macro         | [macro/tc_oficial] datos.gob.ar: 1 rows
2026-05-25 12:52:48 | INFO     | src.data.validator             | Coverage report [prices]
2026-05-25 12:52:48 | INFO     | src.data.validator             | ----------------------------------------------------------------------------------
2026-05-25 12:52:48 | INFO     | src.data.validator             | asset                 first_date    last_date      rows    nan    nan%  status    
2026-05-25 12:52:48 | INFO     | src.data.validator             | ----------------------------------------------------------------------------------
2026-05-25 12:52:48 | INFO     | src.data.validator             | YPF                   2025-06-30    2025-07-28        5      0   0.00%  LATE +3833d
2026-05-25 12:52:48 | INFO     | src.data.validator             | GGAL                  2025-06-30    2025-07-28        5      0   0.00%  LATE +3833d
2026-05-25 12:52:48 | INFO     | src.data.validator             | BMA                   2025-06-30    2025-07-28        5      0   0.00%  LATE +3833d
2026-05-25 12:52:48 | INFO     | src.data.validator             | PAM                   2025-06-30    2025-07-28        5      0   0.00%  LATE +3833d
2026-05-25 12:52:48 | INFO     | src.data.validator             | TGS                   2025-06-30    2025-07-28        5      0   0.00%  LATE +3833d
2026-05-25 12:52:48 | INFO     | src.data.validator             | CEPU                  2025-06-30    2025-07-28        5      0   0.00%  LATE +3833d
2026-05-25 12:52:48 | INFO     | src.data.validator             | EDN                   2025-06-30    2025-07-28        5      0   0.00%  LATE +3833d
2026-05-25 12:52:48 | INFO     | src.data.validator             | LOMA                  2025-06-30    2025-07-28        5      0   0.00%  LATE +3833d
2026-05-25 12:52:48 | INFO     | src.data.validator             | CRESY                 2025-06-30    2025-07-28        5      0   0.00%  LATE +3833d
2026-05-25 12:52:48 | INFO     | src.data.validator             | IRS                   2025-06-30    2025-07-28        5      0   0.00%  LATE +3833d
2026-05-25 12:52:48 | ERROR    | src.data.validator             | sovereign_bond        MISSING       MISSING           0      0  100.00%  ERROR     
2026-05-25 12:52:48 | INFO     | src.data.validator             | merval                2025-06-30    2025-07-28        5      0   0.00%  LATE +3833d
2026-05-25 12:52:48 | INFO     | src.data.validator             | ccl                   2025-07-04    2025-08-01        5      0   0.00%  LATE +3837d
2026-05-25 12:52:48 | INFO     | src.data.validator             | ----------------------------------------------------------------------------------
2026-05-25 12:52:48 | INFO     | src.data.validator             | Coverage report [macro]
2026-05-25 12:52:48 | INFO     | src.data.validator             | ----------------------------------------------------------------------------------
2026-05-25 12:52:48 | INFO     | src.data.validator             | asset                 first_date    last_date      rows    nan    nan%  status    
2026-05-25 12:52:48 | INFO     | src.data.validator             | ----------------------------------------------------------------------------------
2026-05-25 12:52:48 | INFO     | src.data.validator             | ipc                   2025-07-31    2025-07-31        1      0   0.00%  LATE +3864d
2026-05-25 12:52:48 | ERROR    | src.data.validator             | embi                  MISSING       MISSING           1      1  100.00%  ERROR     
2026-05-25 12:52:48 | INFO     | src.data.validator             | reservas              2025-07-31    2025-07-31        1      0   0.00%  LATE +3864d
2026-05-25 12:52:48 | INFO     | src.data.validator             | tc_oficial            2025-07-31    2025-07-31        1      0   0.00%  LATE +3864d
2026-05-25 12:52:48 | INFO     | src.data.validator             | ----------------------------------------------------------------------------------
2026-05-25 12:52:48 | WARNING  | src.data.loader                | 17 validation warning(s) — data will still be appended.
2026-05-25 12:52:49 | INFO     | src.data.cache_manager         | Appending live month to cache
2026-05-25 12:52:49 | INFO     | src.data.cache_manager         | Live month appended. New last cached date: 2025-08-01
2026-05-25 12:52:49 | INFO     | src.data.loader                | Live month appended successfully. Cutoff: 2025-07-31
2026-05-25 12:52:49 | INFO     | src.features.features          | compute_features: 868 weekly rows | 10 tickers | warm-up = 30 rows
2026-05-25 12:53:47 | INFO     | src.nlp.nlp                    | Loaded from data\news\2025\07 — macro=4 docs, company=23 docs across 9 tickers
2026-05-25 12:54:39 | INFO     | src.nlp.nlp                    | Monthly sentiment 2025-07 — macro=0.0088 | company=[BMA=0.016 CEPU=0.000 CRESY=-0.007 EDN=-0.015 GGAL=-0.009 IRS=-0.020 LOMA=-0.019 PAM=0.008 TGS=0.020 YPF=0.004]
2026-05-25 12:54:39 | WARNING  | src.signals.regime             | _build_monthly_feature_matrix: 'embi' is entirely NaN — filling with 0.0
2026-05-25 12:54:39 | INFO     | src.signals.regime             | Regime prediction: risk_on (p=0.900) | month=2025-07 | nlp_score=0.0088
2026-05-25 12:54:39 | INFO     | src.allocation.allocator       | compute_weights: risk_on (p=0.900) | active=[IRS(sma=1.041,score=0.7675), LOMA(sma=1.022,score=0.0995), TGS(sma=1.051,score=0.6637)] | excluded=[BMA=0.835, CEPU=0.993, CRESY=0.978, EDN=0.886, GGAL=0.876, PAM=0.980, YPF=0.958] | IRS=0.5014 LOMA=0.0650 TGS=0.4336
2026-05-25 12:54:39 | INFO     | __main__                       | 2025-07 | risk_on (p=0.900) | nlp_macro=0.0088 | active=3 excluded=7
2026-05-25 12:54:39 | INFO     | src.utils.utils                | [DONE]  live 2025-07 — 121.05s
2026-05-25 12:54:39 | INFO     | src.utils.utils                | [START] live 2025-08
2026-05-25 12:54:39 | INFO     | src.data.loader                | Starting live-month download: 2025-08-02 \u2192 2025-08-31 (cutoff: 2025-08-31) | tickers: ['YPF', 'GGAL', 'BMA', 'PAM', 'TGS', 'CEPU', 'EDN', 'LOMA', 'CRESY', 'IRS']
2026-05-25 12:54:44 | INFO     | src.data.downloader            | [YPF] 4 weekly rows (2025-08-04 \u2192 2025-08-25)
2026-05-25 12:54:44 | INFO     | src.data.downloader            | [GGAL] 4 weekly rows (2025-08-04 \u2192 2025-08-25)
2026-05-25 12:54:44 | INFO     | src.data.downloader            | [BMA] 4 weekly rows (2025-08-04 \u2192 2025-08-25)
2026-05-25 12:54:44 | INFO     | src.data.downloader            | [PAM] 4 weekly rows (2025-08-04 \u2192 2025-08-25)
2026-05-25 12:54:44 | INFO     | src.data.downloader            | [TGS] 4 weekly rows (2025-08-04 \u2192 2025-08-25)
2026-05-25 12:54:44 | INFO     | src.data.downloader            | [CEPU] 4 weekly rows (2025-08-04 \u2192 2025-08-25)
2026-05-25 12:54:44 | INFO     | src.data.downloader            | [EDN] 4 weekly rows (2025-08-04 \u2192 2025-08-25)
2026-05-25 12:54:44 | INFO     | src.data.downloader            | [LOMA] 4 weekly rows (2025-08-04 \u2192 2025-08-25)
2026-05-25 12:54:44 | INFO     | src.data.downloader            | [CRESY] 4 weekly rows (2025-08-04 \u2192 2025-08-25)
2026-05-25 12:54:44 | INFO     | src.data.downloader            | [IRS] 4 weekly rows (2025-08-04 \u2192 2025-08-25)
2026-05-25 12:54:44 | ERROR    | yfinance                       | $AL30D.BA: possibly delisted; no timezone found
2026-05-25 12:54:44 | WARNING  | src.data.scraper_al30d         | [AL30D.BA] all sources failed and no cache available
2026-05-25 12:54:44 | WARNING  | src.data.scraper_al30d         | sovereign_bond: all sources failed — returning empty series
2026-05-25 12:54:45 | INFO     | src.data.scraper_ccl           | CCL: GGAL ratio fallback used (4 observations)
2026-05-25 12:54:46 | WARNING  | src.data.scraper_macro         | [macro/ipc] using cached fallback for 2025-08-02 \u2192 2025-08-31
2026-05-25 12:54:47 | WARNING  | src.data.scraper_macro         | [macro/embi] using cached fallback for 2025-08-02 \u2192 2025-08-31
2026-05-25 12:54:47 | WARNING  | src.data.scraper_macro         | [macro/reservas] using cached fallback for 2025-08-02 \u2192 2025-08-31
2026-05-25 12:54:48 | INFO     | src.data.scraper_macro         | [macro/tc_oficial] datos.gob.ar: 1 rows
2026-05-25 12:54:48 | INFO     | src.data.validator             | Coverage report [prices]
2026-05-25 12:54:48 | INFO     | src.data.validator             | ----------------------------------------------------------------------------------
2026-05-25 12:54:48 | INFO     | src.data.validator             | asset                 first_date    last_date      rows    nan    nan%  status    
2026-05-25 12:54:48 | INFO     | src.data.validator             | ----------------------------------------------------------------------------------
2026-05-25 12:54:48 | INFO     | src.data.validator             | YPF                   2025-08-04    2025-08-25        4      0   0.00%  LATE +3868d
2026-05-25 12:54:48 | INFO     | src.data.validator             | GGAL                  2025-08-04    2025-08-25        4      0   0.00%  LATE +3868d
2026-05-25 12:54:48 | INFO     | src.data.validator             | BMA                   2025-08-04    2025-08-25        4      0   0.00%  LATE +3868d
2026-05-25 12:54:48 | INFO     | src.data.validator             | PAM                   2025-08-04    2025-08-25        4      0   0.00%  LATE +3868d
2026-05-25 12:54:48 | INFO     | src.data.validator             | TGS                   2025-08-04    2025-08-25        4      0   0.00%  LATE +3868d
2026-05-25 12:54:48 | INFO     | src.data.validator             | CEPU                  2025-08-04    2025-08-25        4      0   0.00%  LATE +3868d
2026-05-25 12:54:48 | INFO     | src.data.validator             | EDN                   2025-08-04    2025-08-25        4      0   0.00%  LATE +3868d
2026-05-25 12:54:48 | INFO     | src.data.validator             | LOMA                  2025-08-04    2025-08-25        4      0   0.00%  LATE +3868d
2026-05-25 12:54:48 | INFO     | src.data.validator             | CRESY                 2025-08-04    2025-08-25        4      0   0.00%  LATE +3868d
2026-05-25 12:54:48 | INFO     | src.data.validator             | IRS                   2025-08-04    2025-08-25        4      0   0.00%  LATE +3868d
2026-05-25 12:54:48 | ERROR    | src.data.validator             | sovereign_bond        MISSING       MISSING           0      0  100.00%  ERROR     
2026-05-25 12:54:48 | INFO     | src.data.validator             | merval                2025-08-04    2025-08-25        4      0   0.00%  LATE +3868d
2026-05-25 12:54:48 | INFO     | src.data.validator             | ccl                   2025-08-08    2025-08-29        4      0   0.00%  LATE +3872d
2026-05-25 12:54:48 | INFO     | src.data.validator             | ----------------------------------------------------------------------------------
2026-05-25 12:54:48 | INFO     | src.data.validator             | Coverage report [macro]
2026-05-25 12:54:48 | INFO     | src.data.validator             | ----------------------------------------------------------------------------------
2026-05-25 12:54:48 | INFO     | src.data.validator             | asset                 first_date    last_date      rows    nan    nan%  status    
2026-05-25 12:54:48 | INFO     | src.data.validator             | ----------------------------------------------------------------------------------
2026-05-25 12:54:48 | INFO     | src.data.validator             | ipc                   2025-08-31    2025-08-31        1      0   0.00%  LATE +3895d
2026-05-25 12:54:48 | ERROR    | src.data.validator             | embi                  MISSING       MISSING           1      1  100.00%  ERROR     
2026-05-25 12:54:48 | INFO     | src.data.validator             | reservas              2025-08-31    2025-08-31        1      0   0.00%  LATE +3895d
2026-05-25 12:54:48 | INFO     | src.data.validator             | tc_oficial            2025-08-31    2025-08-31        1      0   0.00%  LATE +3895d
2026-05-25 12:54:48 | INFO     | src.data.validator             | ----------------------------------------------------------------------------------
2026-05-25 12:54:48 | WARNING  | src.data.loader                | 17 validation warning(s) — data will still be appended.
2026-05-25 12:54:48 | INFO     | src.data.cache_manager         | Appending live month to cache
2026-05-25 12:54:48 | INFO     | src.data.cache_manager         | Live month appended. New last cached date: 2025-08-31
2026-05-25 12:54:48 | INFO     | src.data.loader                | Live month appended successfully. Cutoff: 2025-08-31
2026-05-25 12:54:48 | INFO     | src.features.features          | compute_features: 872 weekly rows | 10 tickers | warm-up = 30 rows
2026-05-25 12:55:48 | INFO     | src.nlp.nlp                    | Loaded from data\news\2025\08 — macro=3 docs, company=38 docs across 9 tickers
2026-05-25 12:57:02 | INFO     | src.nlp.nlp                    | Monthly sentiment 2025-08 — macro=0.0493 | company=[BMA=0.011 CEPU=-0.002 CRESY=0.000 EDN=-0.012 GGAL=-0.024 IRS=-0.020 LOMA=-0.021 PAM=0.008 TGS=0.067 YPF=0.010]
2026-05-25 12:57:02 | WARNING  | src.signals.regime             | _build_monthly_feature_matrix: 'embi' is entirely NaN — filling with 0.0
2026-05-25 12:57:02 | INFO     | src.signals.regime             | Regime prediction: risk_off (p=0.965) | month=2025-08 | nlp_score=0.0493
2026-05-25 12:57:02 | INFO     | src.allocation.allocator       | compute_weights: risk_off (p=0.965) | active=[IRS(sma=1.026,score=0.5015)] | excluded=[BMA=0.738, CEPU=0.894, CRESY=0.911, EDN=0.702, GGAL=0.721, LOMA=0.830, PAM=0.896, TGS=0.999, YPF=0.902] | IRS=1.0000
2026-05-25 12:57:02 | INFO     | __main__                       | 2025-08 | risk_off (p=0.965) | nlp_macro=0.0493 | active=1 excluded=9
2026-05-25 12:57:02 | INFO     | src.utils.utils                | [DONE]  live 2025-08 — 143.13s
2026-05-25 12:57:02 | INFO     | src.utils.utils                | [START] live 2025-09
2026-05-25 12:57:02 | INFO     | src.data.loader                | Starting live-month download: 2025-09-01 \u2192 2025-09-30 (cutoff: 2025-09-30) | tickers: ['YPF', 'GGAL', 'BMA', 'PAM', 'TGS', 'CEPU', 'EDN', 'LOMA', 'CRESY', 'IRS']
2026-05-25 12:57:08 | INFO     | src.data.downloader            | [YPF] 5 weekly rows (2025-09-01 \u2192 2025-09-29)
2026-05-25 12:57:08 | INFO     | src.data.downloader            | [GGAL] 5 weekly rows (2025-09-01 \u2192 2025-09-29)
2026-05-25 12:57:08 | INFO     | src.data.downloader            | [BMA] 5 weekly rows (2025-09-01 \u2192 2025-09-29)
2026-05-25 12:57:08 | INFO     | src.data.downloader            | [PAM] 5 weekly rows (2025-09-01 \u2192 2025-09-29)
2026-05-25 12:57:08 | INFO     | src.data.downloader            | [TGS] 5 weekly rows (2025-09-01 \u2192 2025-09-29)
2026-05-25 12:57:08 | INFO     | src.data.downloader            | [CEPU] 5 weekly rows (2025-09-01 \u2192 2025-09-29)
2026-05-25 12:57:08 | INFO     | src.data.downloader            | [EDN] 5 weekly rows (2025-09-01 \u2192 2025-09-29)
2026-05-25 12:57:08 | INFO     | src.data.downloader            | [LOMA] 5 weekly rows (2025-09-01 \u2192 2025-09-29)
2026-05-25 12:57:08 | INFO     | src.data.downloader            | [CRESY] 5 weekly rows (2025-09-01 \u2192 2025-09-29)
2026-05-25 12:57:08 | INFO     | src.data.downloader            | [IRS] 5 weekly rows (2025-09-01 \u2192 2025-09-29)
2026-05-25 12:57:08 | ERROR    | yfinance                       | $AL30D.BA: possibly delisted; no timezone found
2026-05-25 12:57:08 | WARNING  | src.data.scraper_al30d         | [AL30D.BA] all sources failed and no cache available
2026-05-25 12:57:08 | WARNING  | src.data.scraper_al30d         | sovereign_bond: all sources failed — returning empty series
2026-05-25 12:57:09 | INFO     | src.data.scraper_ccl           | CCL: GGAL ratio fallback used (5 observations)
2026-05-25 12:57:10 | INFO     | src.data.scraper_macro         | [macro/ipc] datos.gob.ar: 1 rows
2026-05-25 12:57:10 | WARNING  | src.data.scraper_macro         | [macro/embi] using cached fallback for 2025-09-01 \u2192 2025-09-30
2026-05-25 12:57:11 | INFO     | src.data.scraper_macro         | [macro/reservas] datos.gob.ar: 1 rows
2026-05-25 12:57:12 | INFO     | src.data.scraper_macro         | [macro/tc_oficial] datos.gob.ar: 1 rows
2026-05-25 12:57:12 | INFO     | src.data.validator             | Coverage report [prices]
2026-05-25 12:57:12 | INFO     | src.data.validator             | ----------------------------------------------------------------------------------
2026-05-25 12:57:12 | INFO     | src.data.validator             | asset                 first_date    last_date      rows    nan    nan%  status    
2026-05-25 12:57:12 | INFO     | src.data.validator             | ----------------------------------------------------------------------------------
2026-05-25 12:57:12 | INFO     | src.data.validator             | YPF                   2025-09-01    2025-09-29        5      0   0.00%  LATE +3896d
2026-05-25 12:57:12 | INFO     | src.data.validator             | GGAL                  2025-09-01    2025-09-29        5      0   0.00%  LATE +3896d
2026-05-25 12:57:12 | INFO     | src.data.validator             | BMA                   2025-09-01    2025-09-29        5      0   0.00%  LATE +3896d
2026-05-25 12:57:12 | INFO     | src.data.validator             | PAM                   2025-09-01    2025-09-29        5      0   0.00%  LATE +3896d
2026-05-25 12:57:12 | INFO     | src.data.validator             | TGS                   2025-09-01    2025-09-29        5      0   0.00%  LATE +3896d
2026-05-25 12:57:12 | INFO     | src.data.validator             | CEPU                  2025-09-01    2025-09-29        5      0   0.00%  LATE +3896d
2026-05-25 12:57:12 | INFO     | src.data.validator             | EDN                   2025-09-01    2025-09-29        5      0   0.00%  LATE +3896d
2026-05-25 12:57:12 | INFO     | src.data.validator             | LOMA                  2025-09-01    2025-09-29        5      0   0.00%  LATE +3896d
2026-05-25 12:57:12 | INFO     | src.data.validator             | CRESY                 2025-09-01    2025-09-29        5      0   0.00%  LATE +3896d
2026-05-25 12:57:12 | INFO     | src.data.validator             | IRS                   2025-09-01    2025-09-29        5      0   0.00%  LATE +3896d
2026-05-25 12:57:12 | ERROR    | src.data.validator             | sovereign_bond        MISSING       MISSING           0      0  100.00%  ERROR     
2026-05-25 12:57:12 | INFO     | src.data.validator             | merval                2025-09-01    2025-09-29        5      0   0.00%  LATE +3896d
2026-05-25 12:57:12 | INFO     | src.data.validator             | ccl                   2025-09-05    2025-10-03        5      0   0.00%  LATE +3900d
2026-05-25 12:57:12 | INFO     | src.data.validator             | ----------------------------------------------------------------------------------
2026-05-25 12:57:12 | INFO     | src.data.validator             | Coverage report [macro]
2026-05-25 12:57:12 | INFO     | src.data.validator             | ----------------------------------------------------------------------------------
2026-05-25 12:57:12 | INFO     | src.data.validator             | asset                 first_date    last_date      rows    nan    nan%  status    
2026-05-25 12:57:12 | INFO     | src.data.validator             | ----------------------------------------------------------------------------------
2026-05-25 12:57:12 | INFO     | src.data.validator             | ipc                   2025-09-30    2025-09-30        1      0   0.00%  LATE +3925d
2026-05-25 12:57:12 | ERROR    | src.data.validator             | embi                  MISSING       MISSING           1      1  100.00%  ERROR     
2026-05-25 12:57:12 | INFO     | src.data.validator             | reservas              2025-09-30    2025-09-30        1      0   0.00%  LATE +3925d
2026-05-25 12:57:12 | INFO     | src.data.validator             | tc_oficial            2025-09-30    2025-09-30        1      0   0.00%  LATE +3925d
2026-05-25 12:57:12 | INFO     | src.data.validator             | ----------------------------------------------------------------------------------
2026-05-25 12:57:12 | WARNING  | src.data.loader                | 17 validation warning(s) — data will still be appended.
2026-05-25 12:57:12 | INFO     | src.data.cache_manager         | Appending live month to cache
2026-05-25 12:57:12 | INFO     | src.data.cache_manager         | Live month appended. New last cached date: 2025-10-03
2026-05-25 12:57:12 | INFO     | src.data.loader                | Live month appended successfully. Cutoff: 2025-09-30
2026-05-25 12:57:12 | INFO     | src.features.features          | compute_features: 877 weekly rows | 10 tickers | warm-up = 30 rows
2026-05-25 12:58:14 | INFO     | src.nlp.nlp                    | Loaded from data\news\2025\09 — macro=4 docs, company=27 docs across 7 tickers
2026-05-25 12:59:13 | INFO     | src.nlp.nlp                    | Monthly sentiment 2025-09 — macro=0.0181 | company=[BMA=0.006 CEPU=-0.002 CRESY=-0.017 EDN=0.000 GGAL=-0.003 IRS=-0.015 LOMA=0.000 PAM=0.007 TGS=0.000 YPF=0.002]
2026-05-25 12:59:13 | WARNING  | src.signals.regime             | _build_monthly_feature_matrix: 'embi' is entirely NaN — filling with 0.0
2026-05-25 12:59:13 | INFO     | src.signals.regime             | Regime prediction: risk_off (p=0.556) | month=2025-09 | nlp_score=0.0181
2026-05-25 12:59:13 | WARNING  | src.allocation.allocator       | compute_weights (risk_off): no candidates — falling back to EW across full universe (10 tickers).
2026-05-25 12:59:13 | INFO     | src.allocation.allocator       | compute_weights: risk_off (p=0.556) | active=[BMA(sma=0.592,score=0.1505), CEPU(sma=0.712,score=0.4623), CRESY(sma=0.854,score=0.9001), EDN(sma=0.571,score=0.1904), GGAL(sma=0.555,score=0.1152), IRS(sma=0.839,score=0.7642), LOMA(sma=0.693,score=0.4852), PAM(sma=0.830,score=0.7766), TGS(sma=0.794,score=0.5735), YPF(sma=0.755,score=0.5860)] | excluded=[none] | BMA=0.0301 CEPU=0.0924 CRESY=0.1799 EDN=0.0380 GGAL=0.0230 IRS=0.1527 LOMA=0.0970 PAM=0.1552 TGS=0.1146 YPF=0.1171
2026-05-25 12:59:13 | INFO     | __main__                       | 2025-09 | risk_off (p=0.556) | nlp_macro=0.0181 | active=10 excluded=0
2026-05-25 12:59:13 | INFO     | src.utils.utils                | [DONE]  live 2025-09 — 131.25s
2026-05-25 12:59:13 | INFO     | src.utils.utils                | [START] live 2025-10
2026-05-25 12:59:13 | INFO     | src.data.loader                | Starting live-month download: 2025-10-04 \u2192 2025-10-31 (cutoff: 2025-10-31) | tickers: ['YPF', 'GGAL', 'BMA', 'PAM', 'TGS', 'CEPU', 'EDN', 'LOMA', 'CRESY', 'IRS']
2026-05-25 12:59:19 | INFO     | src.data.downloader            | [YPF] 4 weekly rows (2025-10-06 \u2192 2025-10-27)
2026-05-25 12:59:19 | INFO     | src.data.downloader            | [GGAL] 4 weekly rows (2025-10-06 \u2192 2025-10-27)
2026-05-25 12:59:19 | INFO     | src.data.downloader            | [BMA] 4 weekly rows (2025-10-06 \u2192 2025-10-27)
2026-05-25 12:59:19 | INFO     | src.data.downloader            | [PAM] 4 weekly rows (2025-10-06 \u2192 2025-10-27)
2026-05-25 12:59:19 | INFO     | src.data.downloader            | [TGS] 4 weekly rows (2025-10-06 \u2192 2025-10-27)
2026-05-25 12:59:19 | INFO     | src.data.downloader            | [CEPU] 4 weekly rows (2025-10-06 \u2192 2025-10-27)
2026-05-25 12:59:19 | INFO     | src.data.downloader            | [EDN] 4 weekly rows (2025-10-06 \u2192 2025-10-27)
2026-05-25 12:59:19 | INFO     | src.data.downloader            | [LOMA] 4 weekly rows (2025-10-06 \u2192 2025-10-27)
2026-05-25 12:59:19 | INFO     | src.data.downloader            | [CRESY] 4 weekly rows (2025-10-06 \u2192 2025-10-27)
2026-05-25 12:59:19 | INFO     | src.data.downloader            | [IRS] 4 weekly rows (2025-10-06 \u2192 2025-10-27)
2026-05-25 12:59:20 | ERROR    | yfinance                       | $AL30D.BA: possibly delisted; no timezone found
2026-05-25 12:59:20 | WARNING  | src.data.scraper_al30d         | [AL30D.BA] all sources failed and no cache available
2026-05-25 12:59:20 | WARNING  | src.data.scraper_al30d         | sovereign_bond: all sources failed — returning empty series
2026-05-25 12:59:20 | INFO     | src.data.scraper_ccl           | CCL: GGAL ratio fallback used (4 observations)
2026-05-25 12:59:21 | WARNING  | src.data.scraper_macro         | [macro/ipc] using cached fallback for 2025-10-04 \u2192 2025-10-31
2026-05-25 12:59:22 | WARNING  | src.data.scraper_macro         | [macro/embi] using cached fallback for 2025-10-04 \u2192 2025-10-31
2026-05-25 12:59:23 | WARNING  | src.data.scraper_macro         | [macro/reservas] using cached fallback for 2025-10-04 \u2192 2025-10-31
2026-05-25 12:59:24 | INFO     | src.data.scraper_macro         | [macro/tc_oficial] datos.gob.ar: 1 rows
2026-05-25 12:59:24 | INFO     | src.data.validator             | Coverage report [prices]
2026-05-25 12:59:24 | INFO     | src.data.validator             | ----------------------------------------------------------------------------------
2026-05-25 12:59:24 | INFO     | src.data.validator             | asset                 first_date    last_date      rows    nan    nan%  status    
2026-05-25 12:59:24 | INFO     | src.data.validator             | ----------------------------------------------------------------------------------
2026-05-25 12:59:24 | INFO     | src.data.validator             | YPF                   2025-10-06    2025-10-27        4      0   0.00%  LATE +3931d
2026-05-25 12:59:24 | INFO     | src.data.validator             | GGAL                  2025-10-06    2025-10-27        4      0   0.00%  LATE +3931d
2026-05-25 12:59:24 | INFO     | src.data.validator             | BMA                   2025-10-06    2025-10-27        4      0   0.00%  LATE +3931d
2026-05-25 12:59:24 | INFO     | src.data.validator             | PAM                   2025-10-06    2025-10-27        4      0   0.00%  LATE +3931d
2026-05-25 12:59:24 | INFO     | src.data.validator             | TGS                   2025-10-06    2025-10-27        4      0   0.00%  LATE +3931d
2026-05-25 12:59:24 | INFO     | src.data.validator             | CEPU                  2025-10-06    2025-10-27        4      0   0.00%  LATE +3931d
2026-05-25 12:59:24 | INFO     | src.data.validator             | EDN                   2025-10-06    2025-10-27        4      0   0.00%  LATE +3931d
2026-05-25 12:59:24 | INFO     | src.data.validator             | LOMA                  2025-10-06    2025-10-27        4      0   0.00%  LATE +3931d
2026-05-25 12:59:24 | INFO     | src.data.validator             | CRESY                 2025-10-06    2025-10-27        4      0   0.00%  LATE +3931d
2026-05-25 12:59:24 | INFO     | src.data.validator             | IRS                   2025-10-06    2025-10-27        4      0   0.00%  LATE +3931d
2026-05-25 12:59:24 | ERROR    | src.data.validator             | sovereign_bond        MISSING       MISSING           0      0  100.00%  ERROR     
2026-05-25 12:59:24 | INFO     | src.data.validator             | merval                2025-10-06    2025-10-27        4      0   0.00%  LATE +3931d
2026-05-25 12:59:24 | INFO     | src.data.validator             | ccl                   2025-10-10    2025-10-31        4      0   0.00%  LATE +3935d
2026-05-25 12:59:24 | INFO     | src.data.validator             | ----------------------------------------------------------------------------------
2026-05-25 12:59:24 | INFO     | src.data.validator             | Coverage report [macro]
2026-05-25 12:59:24 | INFO     | src.data.validator             | ----------------------------------------------------------------------------------
2026-05-25 12:59:24 | INFO     | src.data.validator             | asset                 first_date    last_date      rows    nan    nan%  status    
2026-05-25 12:59:24 | INFO     | src.data.validator             | ----------------------------------------------------------------------------------
2026-05-25 12:59:24 | INFO     | src.data.validator             | ipc                   2025-10-31    2025-10-31        1      0   0.00%  LATE +3956d
2026-05-25 12:59:24 | ERROR    | src.data.validator             | embi                  MISSING       MISSING           1      1  100.00%  ERROR     
2026-05-25 12:59:24 | INFO     | src.data.validator             | reservas              2025-10-31    2025-10-31        1      0   0.00%  LATE +3956d
2026-05-25 12:59:24 | INFO     | src.data.validator             | tc_oficial            2025-10-31    2025-10-31        1      0   0.00%  LATE +3956d
2026-05-25 12:59:24 | INFO     | src.data.validator             | ----------------------------------------------------------------------------------
2026-05-25 12:59:24 | WARNING  | src.data.loader                | 17 validation warning(s) — data will still be appended.
2026-05-25 12:59:24 | INFO     | src.data.cache_manager         | Appending live month to cache
2026-05-25 12:59:24 | INFO     | src.data.cache_manager         | Live month appended. New last cached date: 2025-10-31
2026-05-25 12:59:24 | INFO     | src.data.loader                | Live month appended successfully. Cutoff: 2025-10-31
2026-05-25 12:59:24 | INFO     | src.features.features          | compute_features: 881 weekly rows | 10 tickers | warm-up = 30 rows
2026-05-25 13:00:21 | INFO     | src.nlp.nlp                    | Loaded from data\news\2025\10 — macro=3 docs, company=41 docs across 9 tickers
2026-05-25 13:01:43 | INFO     | src.nlp.nlp                    | Monthly sentiment 2025-10 — macro=0.0598 | company=[BMA=0.007 CEPU=-0.004 CRESY=-0.032 EDN=-0.013 GGAL=-0.008 IRS=-0.018 LOMA=-0.019 PAM=0.000 TGS=0.044 YPF=0.005]
2026-05-25 13:01:43 | WARNING  | src.signals.regime             | _build_monthly_feature_matrix: 'embi' is entirely NaN — filling with 0.0
2026-05-25 13:01:43 | INFO     | src.signals.regime             | Regime prediction: risk_on (p=0.761) | month=2025-10 | nlp_score=0.0598
2026-05-25 13:01:43 | INFO     | src.allocation.allocator       | compute_weights: risk_on (p=0.761) | active=[BMA(sma=1.302,score=0.4546), CEPU(sma=1.399,score=0.6012), CRESY(sma=1.159,score=0.6177), EDN(sma=1.279,score=0.3991), GGAL(sma=1.245,score=0.3545), IRS(sma=1.104,score=0.5145), LOMA(sma=1.061,score=0.2880), PAM(sma=1.207,score=0.5310), TGS(sma=1.186,score=0.4588), YPF(sma=1.160,score=0.4990)] | excluded=[none] | BMA=0.0963 CEPU=0.1274 CRESY=0.1309 EDN=0.0846 GGAL=0.0751 IRS=0.1090 LOMA=0.0610 PAM=0.1125 TGS=0.0972 YPF=0.1058
2026-05-25 13:01:43 | INFO     | __main__                       | 2025-10 | risk_on (p=0.761) | nlp_macro=0.0598 | active=10 excluded=0
2026-05-25 13:01:43 | INFO     | src.utils.utils                | [DONE]  live 2025-10 — 150.02s
2026-05-25 13:01:43 | INFO     | src.utils.utils                | [START] live 2025-11
2026-05-25 13:01:43 | INFO     | src.data.loader                | Starting live-month download: 2025-11-01 \u2192 2025-11-30 (cutoff: 2025-11-30) | tickers: ['YPF', 'GGAL', 'BMA', 'PAM', 'TGS', 'CEPU', 'EDN', 'LOMA', 'CRESY', 'IRS']
2026-05-25 13:01:47 | INFO     | src.data.downloader            | [YPF] 4 weekly rows (2025-11-03 \u2192 2025-11-24)
2026-05-25 13:01:47 | INFO     | src.data.downloader            | [GGAL] 4 weekly rows (2025-11-03 \u2192 2025-11-24)
2026-05-25 13:01:47 | INFO     | src.data.downloader            | [BMA] 4 weekly rows (2025-11-03 \u2192 2025-11-24)
2026-05-25 13:01:47 | INFO     | src.data.downloader            | [PAM] 4 weekly rows (2025-11-03 \u2192 2025-11-24)
2026-05-25 13:01:47 | INFO     | src.data.downloader            | [TGS] 4 weekly rows (2025-11-03 \u2192 2025-11-24)
2026-05-25 13:01:47 | INFO     | src.data.downloader            | [CEPU] 4 weekly rows (2025-11-03 \u2192 2025-11-24)
2026-05-25 13:01:47 | INFO     | src.data.downloader            | [EDN] 4 weekly rows (2025-11-03 \u2192 2025-11-24)
2026-05-25 13:01:47 | INFO     | src.data.downloader            | [LOMA] 4 weekly rows (2025-11-03 \u2192 2025-11-24)
2026-05-25 13:01:47 | INFO     | src.data.downloader            | [CRESY] 4 weekly rows (2025-11-03 \u2192 2025-11-24)
2026-05-25 13:01:47 | INFO     | src.data.downloader            | [IRS] 4 weekly rows (2025-11-03 \u2192 2025-11-24)
2026-05-25 13:01:47 | ERROR    | yfinance                       | $AL30D.BA: possibly delisted; no timezone found
2026-05-25 13:01:48 | WARNING  | src.data.scraper_al30d         | [AL30D.BA] all sources failed and no cache available
2026-05-25 13:01:48 | WARNING  | src.data.scraper_al30d         | sovereign_bond: all sources failed — returning empty series
2026-05-25 13:01:48 | INFO     | src.data.scraper_ccl           | CCL: GGAL ratio fallback used (4 observations)
2026-05-25 13:01:49 | INFO     | src.data.scraper_macro         | [macro/ipc] datos.gob.ar: 1 rows
2026-05-25 13:01:50 | WARNING  | src.data.scraper_macro         | [macro/embi] using cached fallback for 2025-11-01 \u2192 2025-11-30
2026-05-25 13:01:50 | INFO     | src.data.scraper_macro         | [macro/reservas] datos.gob.ar: 1 rows
2026-05-25 13:01:51 | INFO     | src.data.scraper_macro         | [macro/tc_oficial] datos.gob.ar: 1 rows
2026-05-25 13:01:51 | INFO     | src.data.validator             | Coverage report [prices]
2026-05-25 13:01:51 | INFO     | src.data.validator             | ----------------------------------------------------------------------------------
2026-05-25 13:01:51 | INFO     | src.data.validator             | asset                 first_date    last_date      rows    nan    nan%  status    
2026-05-25 13:01:51 | INFO     | src.data.validator             | ----------------------------------------------------------------------------------
2026-05-25 13:01:51 | INFO     | src.data.validator             | YPF                   2025-11-03    2025-11-24        4      0   0.00%  LATE +3959d
2026-05-25 13:01:51 | INFO     | src.data.validator             | GGAL                  2025-11-03    2025-11-24        4      0   0.00%  LATE +3959d
2026-05-25 13:01:51 | INFO     | src.data.validator             | BMA                   2025-11-03    2025-11-24        4      0   0.00%  LATE +3959d
2026-05-25 13:01:51 | INFO     | src.data.validator             | PAM                   2025-11-03    2025-11-24        4      0   0.00%  LATE +3959d
2026-05-25 13:01:51 | INFO     | src.data.validator             | TGS                   2025-11-03    2025-11-24        4      0   0.00%  LATE +3959d
2026-05-25 13:01:51 | INFO     | src.data.validator             | CEPU                  2025-11-03    2025-11-24        4      0   0.00%  LATE +3959d
2026-05-25 13:01:51 | INFO     | src.data.validator             | EDN                   2025-11-03    2025-11-24        4      0   0.00%  LATE +3959d
2026-05-25 13:01:51 | INFO     | src.data.validator             | LOMA                  2025-11-03    2025-11-24        4      0   0.00%  LATE +3959d
2026-05-25 13:01:51 | INFO     | src.data.validator             | CRESY                 2025-11-03    2025-11-24        4      0   0.00%  LATE +3959d
2026-05-25 13:01:51 | INFO     | src.data.validator             | IRS                   2025-11-03    2025-11-24        4      0   0.00%  LATE +3959d
2026-05-25 13:01:51 | ERROR    | src.data.validator             | sovereign_bond        MISSING       MISSING           0      0  100.00%  ERROR     
2026-05-25 13:01:51 | INFO     | src.data.validator             | merval                2025-11-03    2025-11-24        4      0   0.00%  LATE +3959d
2026-05-25 13:01:51 | INFO     | src.data.validator             | ccl                   2025-11-07    2025-11-28        4      0   0.00%  LATE +3963d
2026-05-25 13:01:51 | INFO     | src.data.validator             | ----------------------------------------------------------------------------------
2026-05-25 13:01:51 | INFO     | src.data.validator             | Coverage report [macro]
2026-05-25 13:01:51 | INFO     | src.data.validator             | ----------------------------------------------------------------------------------
2026-05-25 13:01:51 | INFO     | src.data.validator             | asset                 first_date    last_date      rows    nan    nan%  status    
2026-05-25 13:01:51 | INFO     | src.data.validator             | ----------------------------------------------------------------------------------
2026-05-25 13:01:51 | INFO     | src.data.validator             | ipc                   2025-11-30    2025-11-30        1      0   0.00%  LATE +3986d
2026-05-25 13:01:51 | ERROR    | src.data.validator             | embi                  MISSING       MISSING           1      1  100.00%  ERROR     
2026-05-25 13:01:51 | INFO     | src.data.validator             | reservas              2025-11-30    2025-11-30        1      0   0.00%  LATE +3986d
2026-05-25 13:01:51 | INFO     | src.data.validator             | tc_oficial            2025-11-30    2025-11-30        1      0   0.00%  LATE +3986d
2026-05-25 13:01:51 | INFO     | src.data.validator             | ----------------------------------------------------------------------------------
2026-05-25 13:01:51 | WARNING  | src.data.loader                | 17 validation warning(s) — data will still be appended.
2026-05-25 13:01:51 | INFO     | src.data.cache_manager         | Appending live month to cache
2026-05-25 13:01:51 | INFO     | src.data.cache_manager         | Live month appended. New last cached date: 2025-11-30
2026-05-25 13:01:51 | INFO     | src.data.loader                | Live month appended successfully. Cutoff: 2025-11-30
2026-05-25 13:01:51 | INFO     | src.features.features          | compute_features: 885 weekly rows | 10 tickers | warm-up = 30 rows
2026-05-25 13:02:52 | INFO     | src.nlp.nlp                    | Loaded from data\news\2025\11 — macro=3 docs, company=42 docs across 10 tickers
2026-05-25 13:04:18 | INFO     | src.nlp.nlp                    | Monthly sentiment 2025-11 — macro=0.0487 | company=[BMA=0.011 CEPU=-0.003 CRESY=-0.020 EDN=-0.013 GGAL=-0.028 IRS=-0.021 LOMA=-0.022 PAM=0.008 TGS=0.026 YPF=0.001]
2026-05-25 13:04:18 | WARNING  | src.signals.regime             | _build_monthly_feature_matrix: 'embi' is entirely NaN — filling with 0.0
2026-05-25 13:04:18 | INFO     | src.signals.regime             | Regime prediction: risk_on (p=0.716) | month=2025-11 | nlp_score=0.0487
2026-05-25 13:04:18 | INFO     | src.allocation.allocator       | compute_weights: risk_on (p=0.716) | active=[BMA(sma=1.247,score=0.3964), CEPU(sma=1.366,score=0.5596), CRESY(sma=1.142,score=0.5381), EDN(sma=1.325,score=0.4722), GGAL(sma=1.153,score=0.2265), IRS(sma=1.083,score=0.4792), LOMA(sma=1.197,score=0.4603), PAM(sma=1.242,score=0.5759), TGS(sma=1.170,score=0.3966), YPF(sma=1.145,score=0.4399)] | excluded=[none] | BMA=0.0872 CEPU=0.1231 CRESY=0.1184 EDN=0.1039 GGAL=0.0498 IRS=0.1054 LOMA=0.1013 PAM=0.1267 TGS=0.0873 YPF=0.0968
2026-05-25 13:04:18 | INFO     | __main__                       | 2025-11 | risk_on (p=0.716) | nlp_macro=0.0487 | active=10 excluded=0
2026-05-25 13:04:18 | INFO     | src.utils.utils                | [DONE]  live 2025-11 — 154.52s
2026-05-25 13:04:18 | INFO     | src.utils.utils                | [START] live 2025-12
2026-05-25 13:04:18 | INFO     | src.data.loader                | Starting live-month download: 2025-12-01 \u2192 2025-12-31 (cutoff: 2025-12-31) | tickers: ['YPF', 'GGAL', 'BMA', 'PAM', 'TGS', 'CEPU', 'EDN', 'LOMA', 'CRESY', 'IRS']
2026-05-25 13:04:24 | INFO     | src.data.downloader            | [YPF] 5 weekly rows (2025-12-01 \u2192 2025-12-29)
2026-05-25 13:04:24 | INFO     | src.data.downloader            | [GGAL] 5 weekly rows (2025-12-01 \u2192 2025-12-29)
2026-05-25 13:04:24 | INFO     | src.data.downloader            | [BMA] 5 weekly rows (2025-12-01 \u2192 2025-12-29)
2026-05-25 13:04:24 | INFO     | src.data.downloader            | [PAM] 5 weekly rows (2025-12-01 \u2192 2025-12-29)
2026-05-25 13:04:24 | INFO     | src.data.downloader            | [TGS] 5 weekly rows (2025-12-01 \u2192 2025-12-29)
2026-05-25 13:04:24 | INFO     | src.data.downloader            | [CEPU] 5 weekly rows (2025-12-01 \u2192 2025-12-29)
2026-05-25 13:04:24 | INFO     | src.data.downloader            | [EDN] 5 weekly rows (2025-12-01 \u2192 2025-12-29)
2026-05-25 13:04:24 | INFO     | src.data.downloader            | [LOMA] 5 weekly rows (2025-12-01 \u2192 2025-12-29)
2026-05-25 13:04:24 | INFO     | src.data.downloader            | [CRESY] 5 weekly rows (2025-12-01 \u2192 2025-12-29)
2026-05-25 13:04:24 | INFO     | src.data.downloader            | [IRS] 5 weekly rows (2025-12-01 \u2192 2025-12-29)
2026-05-25 13:04:24 | ERROR    | yfinance                       | $AL30D.BA: possibly delisted; no timezone found
2026-05-25 13:04:24 | WARNING  | src.data.scraper_al30d         | [AL30D.BA] all sources failed and no cache available
2026-05-25 13:04:24 | WARNING  | src.data.scraper_al30d         | sovereign_bond: all sources failed — returning empty series
2026-05-25 13:04:25 | INFO     | src.data.scraper_ccl           | CCL: GGAL ratio fallback used (5 observations)
2026-05-25 13:04:26 | INFO     | src.data.scraper_macro         | [macro/ipc] datos.gob.ar: 1 rows
2026-05-25 13:04:27 | WARNING  | src.data.scraper_macro         | [macro/embi] using cached fallback for 2025-12-01 \u2192 2025-12-31
2026-05-25 13:04:28 | INFO     | src.data.scraper_macro         | [macro/reservas] datos.gob.ar: 1 rows
2026-05-25 13:04:29 | INFO     | src.data.scraper_macro         | [macro/tc_oficial] datos.gob.ar: 1 rows
2026-05-25 13:04:29 | INFO     | src.data.validator             | Coverage report [prices]
2026-05-25 13:04:29 | INFO     | src.data.validator             | ----------------------------------------------------------------------------------
2026-05-25 13:04:29 | INFO     | src.data.validator             | asset                 first_date    last_date      rows    nan    nan%  status    
2026-05-25 13:04:29 | INFO     | src.data.validator             | ----------------------------------------------------------------------------------
2026-05-25 13:04:29 | INFO     | src.data.validator             | YPF                   2025-12-01    2025-12-29        5      0   0.00%  LATE +3987d
2026-05-25 13:04:29 | INFO     | src.data.validator             | GGAL                  2025-12-01    2025-12-29        5      0   0.00%  LATE +3987d
2026-05-25 13:04:29 | INFO     | src.data.validator             | BMA                   2025-12-01    2025-12-29        5      0   0.00%  LATE +3987d
2026-05-25 13:04:29 | INFO     | src.data.validator             | PAM                   2025-12-01    2025-12-29        5      0   0.00%  LATE +3987d
2026-05-25 13:04:29 | INFO     | src.data.validator             | TGS                   2025-12-01    2025-12-29        5      0   0.00%  LATE +3987d
2026-05-25 13:04:29 | INFO     | src.data.validator             | CEPU                  2025-12-01    2025-12-29        5      0   0.00%  LATE +3987d
2026-05-25 13:04:29 | INFO     | src.data.validator             | EDN                   2025-12-01    2025-12-29        5      0   0.00%  LATE +3987d
2026-05-25 13:04:29 | INFO     | src.data.validator             | LOMA                  2025-12-01    2025-12-29        5      0   0.00%  LATE +3987d
2026-05-25 13:04:29 | INFO     | src.data.validator             | CRESY                 2025-12-01    2025-12-29        5      0   0.00%  LATE +3987d
2026-05-25 13:04:29 | INFO     | src.data.validator             | IRS                   2025-12-01    2025-12-29        5      0   0.00%  LATE +3987d
2026-05-25 13:04:29 | ERROR    | src.data.validator             | sovereign_bond        MISSING       MISSING           0      0  100.00%  ERROR     
2026-05-25 13:04:29 | INFO     | src.data.validator             | merval                2025-12-01    2025-12-29        5      0   0.00%  LATE +3987d
2026-05-25 13:04:29 | INFO     | src.data.validator             | ccl                   2025-12-05    2026-01-02        5      0   0.00%  LATE +3991d
2026-05-25 13:04:29 | INFO     | src.data.validator             | ----------------------------------------------------------------------------------
2026-05-25 13:04:29 | INFO     | src.data.validator             | Coverage report [macro]
2026-05-25 13:04:29 | INFO     | src.data.validator             | ----------------------------------------------------------------------------------
2026-05-25 13:04:29 | INFO     | src.data.validator             | asset                 first_date    last_date      rows    nan    nan%  status    
2026-05-25 13:04:29 | INFO     | src.data.validator             | ----------------------------------------------------------------------------------
2026-05-25 13:04:29 | INFO     | src.data.validator             | ipc                   2025-12-31    2025-12-31        1      0   0.00%  LATE +4017d
2026-05-25 13:04:29 | ERROR    | src.data.validator             | embi                  MISSING       MISSING           1      1  100.00%  ERROR     
2026-05-25 13:04:29 | INFO     | src.data.validator             | reservas              2025-12-31    2025-12-31        1      0   0.00%  LATE +4017d
2026-05-25 13:04:29 | INFO     | src.data.validator             | tc_oficial            2025-12-31    2025-12-31        1      0   0.00%  LATE +4017d
2026-05-25 13:04:29 | INFO     | src.data.validator             | ----------------------------------------------------------------------------------
2026-05-25 13:04:29 | WARNING  | src.data.loader                | 17 validation warning(s) — data will still be appended.
2026-05-25 13:04:29 | INFO     | src.data.cache_manager         | Appending live month to cache
2026-05-25 13:04:29 | INFO     | src.data.cache_manager         | Live month appended. New last cached date: 2026-01-02
2026-05-25 13:04:29 | INFO     | src.data.loader                | Live month appended successfully. Cutoff: 2025-12-31
2026-05-25 13:04:29 | INFO     | src.features.features          | compute_features: 890 weekly rows | 10 tickers | warm-up = 30 rows
2026-05-25 13:05:26 | INFO     | src.nlp.nlp                    | Loaded from data\news\2025\12 — macro=4 docs, company=31 docs across 9 tickers
2026-05-25 13:06:33 | INFO     | src.nlp.nlp                    | Monthly sentiment 2025-12 — macro=0.0275 | company=[BMA=0.013 CEPU=-0.002 CRESY=-0.018 EDN=0.000 GGAL=-0.005 IRS=-0.016 LOMA=-0.018 PAM=0.007 TGS=0.043 YPF=0.005]
2026-05-25 13:06:33 | WARNING  | src.signals.regime             | _build_monthly_feature_matrix: 'embi' is entirely NaN — filling with 0.0
2026-05-25 13:06:33 | INFO     | src.signals.regime             | Regime prediction: risk_on (p=0.705) | month=2025-12 | nlp_score=0.0275
2026-05-25 13:06:33 | INFO     | src.allocation.allocator       | compute_weights: risk_on (p=0.705) | active=[BMA(sma=1.303,score=0.4302), CEPU(sma=1.414,score=0.5453), CRESY(sma=1.251,score=0.6047), EDN(sma=1.159,score=0.1683), GGAL(sma=1.188,score=0.2380), IRS(sma=1.153,score=0.5446), LOMA(sma=1.237,score=0.4698), PAM(sma=1.182,score=0.4077), TGS(sma=1.145,score=0.3353), YPF(sma=1.120,score=0.3492)] | excluded=[none] | BMA=0.1051 CEPU=0.1332 CRESY=0.1477 EDN=0.0411 GGAL=0.0581 IRS=0.1331 LOMA=0.1148 PAM=0.0996 TGS=0.0819 YPF=0.0853
2026-05-25 13:06:33 | INFO     | __main__                       | 2025-12 | risk_on (p=0.705) | nlp_macro=0.0275 | active=10 excluded=0
2026-05-25 13:06:33 | INFO     | src.utils.utils                | [DONE]  live 2025-12 — 135.20s
2026-05-25 13:06:33 | INFO     | __main__                       | Live loop complete: 24/24 months succeeded.
2026-05-25 13:06:33 | INFO     | src.utils.utils                | [START] backtest
2026-05-25 13:06:33 | INFO     | src.backtest.engine            | Rebalance: decision=2024-01 | initial \u2192 risk_off | execution=2024-02-05
2026-05-25 13:06:33 | INFO     | src.backtest.engine            | Rebalance: decision=2024-02 | risk_off \u2192 risk_on | execution=2024-03-04
2026-05-25 13:06:33 | INFO     | src.backtest.engine            | Rebalance: decision=2024-11 | risk_on \u2192 risk_off | execution=2024-12-02
2026-05-25 13:06:33 | INFO     | src.backtest.engine            | Rebalance: decision=2024-12 | risk_off \u2192 risk_on | execution=2025-01-01
2026-05-25 13:06:33 | INFO     | src.backtest.engine            | Rebalance: decision=2025-02 | risk_on \u2192 risk_off | execution=2025-03-03
2026-05-25 13:06:33 | INFO     | src.backtest.engine            | Rebalance: decision=2025-05 | risk_off \u2192 risk_on | execution=2025-06-02
2026-05-25 13:06:33 | INFO     | src.backtest.engine            | Rebalance: decision=2025-08 | risk_on \u2192 risk_off | execution=2025-09-01
2026-05-25 13:06:33 | INFO     | src.backtest.engine            | Rebalance: decision=2025-10 | risk_off \u2192 risk_on | execution=2025-11-03
2026-05-25 13:08:14 | WARNING  | src.backtest.benchmarks        | fima daily: 100/100 requests failed — endpoint puede no soportar ?fecha
2026-05-25 13:08:14 | INFO     | src.backtest.benchmarks        | fima_acciones_usd: Opción A falló — intentando fallback Opción B
2026-05-25 13:08:15 | WARNING  | src.backtest.benchmarks        | fima rendimiento: HTTP 403 — https://api.cafci.org.ar/fondo/21/clase/21/rendimiento/2024-02-05/2025-12-29
2026-05-25 13:08:15 | WARNING  | src.backtest.benchmarks        | fima_acciones_usd: ambas opciones fallaron — retornando serie vacía
2026-05-25 13:08:15 | INFO     | src.backtest.engine            | Backtest complete: 2024-02-05 \u2192 2025-12-29 | 101 weeks | 8 rebalances
2026-05-25 13:08:15 | INFO     | src.utils.utils                | [DONE]  backtest — 101.58s
2026-05-25 13:08:15 | INFO     | src.utils.utils                | [START] metrics + outputs 2024
2026-05-25 13:08:15 | INFO     | src.metrics.metrics            | Portfolio — total_return=130.21%  ann_return=146.77%  sharpe=3.70  max_dd=-14.61%
2026-05-25 13:08:15 | INFO     | src.metrics.metrics            | EW B&H ADRs      — total_return=136.42%  ann_return=154.00%  sharpe=3.97
2026-05-25 13:08:15 | INFO     | src.metrics.metrics            | Merval USD       — total_return=129.21%  ann_return=58.23%  sharpe=1.67
2026-05-25 13:08:15 | INFO     | src.metrics.metrics            | FIMA Acciones USD — total_return=nan%  ann_return=nan%  sharpe=nan
2026-05-25 13:08:15 | INFO     | src.metrics.metrics            | Saved: results\2024\performance_metrics.csv
2026-05-25 13:08:19 | INFO     | src.metrics.visualizer         | Saved: results\2024\figures\equity_curves.png (+ .pdf)
2026-05-25 13:08:20 | INFO     | src.metrics.visualizer         | Saved: results\2024\figures\drawdown.png (+ .pdf)
2026-05-25 13:08:20 | INFO     | __main__                       | portfolio_weights.csv \u2192 results\2024\portfolio_weights.csv (12 rows)
2026-05-25 13:08:20 | INFO     | src.utils.utils                | [DONE]  metrics + outputs 2024 — 5.33s
2026-05-25 13:08:20 | INFO     | src.utils.utils                | Snapshot saved: results\2024\snapshot_20260525_160820.json
2026-05-25 13:08:20 | INFO     | __main__                       | Year 2024 outputs saved \u2192 results\2024 | rebalances=3 | total_return=130.21%
2026-05-25 13:08:20 | INFO     | src.utils.utils                | [START] metrics + outputs 2025
2026-05-25 13:08:20 | INFO     | src.metrics.metrics            | Portfolio — total_return=-25.35%  ann_return=-24.93%  sharpe=-0.51  max_dd=-46.26%
2026-05-25 13:08:20 | INFO     | src.metrics.metrics            | EW B&H ADRs      — total_return=-11.85%  ann_return=-11.64%  sharpe=-0.19
2026-05-25 13:08:20 | INFO     | src.metrics.metrics            | Merval USD       — total_return=-15.79%  ann_return=-8.16%  sharpe=-0.18
2026-05-25 13:08:20 | INFO     | src.metrics.metrics            | FIMA Acciones USD — total_return=nan%  ann_return=nan%  sharpe=nan
2026-05-25 13:08:20 | INFO     | src.metrics.metrics            | Saved: results\2025\performance_metrics.csv
2026-05-25 13:08:21 | INFO     | src.metrics.visualizer         | Saved: results\2025\figures\equity_curves.png (+ .pdf)
2026-05-25 13:08:21 | INFO     | src.metrics.visualizer         | Saved: results\2025\figures\drawdown.png (+ .pdf)
2026-05-25 13:08:21 | INFO     | __main__                       | portfolio_weights.csv \u2192 results\2025\portfolio_weights.csv (12 rows)
2026-05-25 13:08:21 | INFO     | src.utils.utils                | [DONE]  metrics + outputs 2025 — 1.16s
2026-05-25 13:08:21 | INFO     | src.utils.utils                | Snapshot saved: results\2025\snapshot_20260525_160821.json
2026-05-25 13:08:21 | INFO     | __main__                       | Year 2025 outputs saved \u2192 results\2025 | rebalances=5 | total_return=-25.35%
2026-05-25 13:08:21 | INFO     | __main__                       | Live mode complete. All outputs written to results/
