2026-05-24 17:48:29 | INFO     | src.utils.utils                | Logging initialized — level=INFO  file=logs\run_20260524_204829.log
2026-05-24 17:48:29 | INFO     | __main__                       | === gestionHvsA-adrsArgy | mode=live ===
2026-05-24 17:48:29 | INFO     | __main__                       | Live mode: 24 months | 2024-01 → 2025-12
2026-05-24 17:48:29 | INFO     | src.utils.utils                | [START] live 2024-01
2026-05-24 17:48:29 | INFO     | src.data.loader                | Starting live-month download: 2026-01-03 → 2024-01-31 (cutoff: 2024-01-31) | tickers: ['YPF', 'GGAL', 'BMA', 'PAM', 'TGS', 'CEPU', 'EDN', 'LOMA', 'CRESY', 'IRS']
2026-05-24 17:48:35 | ERROR    | yfinance                       | $YPF: possibly delisted; no price data found  (1wk 2026-01-03 -> 2024-01-31) (Yahoo error = "Invalid input - start date cannot be after end date. startDate = 1767416400, endDate = 1706677200")
2026-05-24 17:48:35 | WARNING  | src.data.downloader            | [YPF] yfinance returned empty DataFrame
2026-05-24 17:48:36 | ERROR    | yfinance                       | $GGAL: possibly delisted; no price data found  (1wk 2026-01-03 -> 2024-01-31) (Yahoo error = "Invalid input - start date cannot be after end date. startDate = 1767416400, endDate = 1706677200")
2026-05-24 17:48:36 | WARNING  | src.data.downloader            | [GGAL] yfinance returned empty DataFrame
2026-05-24 17:48:38 | ERROR    | yfinance                       | $BMA: possibly delisted; no price data found  (1wk 2026-01-03 -> 2024-01-31) (Yahoo error = "Invalid input - start date cannot be after end date. startDate = 1767416400, endDate = 1706677200")
2026-05-24 17:48:38 | WARNING  | src.data.downloader            | [BMA] yfinance returned empty DataFrame
2026-05-24 17:48:39 | ERROR    | yfinance                       | $PAM: possibly delisted; no price data found  (1wk 2026-01-03 -> 2024-01-31) (Yahoo error = "Invalid input - start date cannot be after end date. startDate = 1767416400, endDate = 1706677200")
2026-05-24 17:48:39 | WARNING  | src.data.downloader            | [PAM] yfinance returned empty DataFrame
2026-05-24 17:48:40 | ERROR    | yfinance                       | $TGS: possibly delisted; no price data found  (1wk 2026-01-03 -> 2024-01-31) (Yahoo error = "Invalid input - start date cannot be after end date. startDate = 1767416400, endDate = 1706677200")
2026-05-24 17:48:40 | WARNING  | src.data.downloader            | [TGS] yfinance returned empty DataFrame
2026-05-24 17:48:42 | ERROR    | yfinance                       | $CEPU: possibly delisted; no price data found  (1wk 2026-01-03 -> 2024-01-31) (Yahoo error = "Invalid input - start date cannot be after end date. startDate = 1767416400, endDate = 1706677200")
2026-05-24 17:48:42 | WARNING  | src.data.downloader            | [CEPU] yfinance returned empty DataFrame
2026-05-24 17:48:43 | ERROR    | yfinance                       | $EDN: possibly delisted; no price data found  (1wk 2026-01-03 -> 2024-01-31) (Yahoo error = "Invalid input - start date cannot be after end date. startDate = 1767416400, endDate = 1706677200")
2026-05-24 17:48:43 | WARNING  | src.data.downloader            | [EDN] yfinance returned empty DataFrame
2026-05-24 17:48:45 | ERROR    | yfinance                       | $LOMA: possibly delisted; no price data found  (1wk 2026-01-03 -> 2024-01-31) (Yahoo error = "Invalid input - start date cannot be after end date. startDate = 1767416400, endDate = 1706677200")
2026-05-24 17:48:45 | WARNING  | src.data.downloader            | [LOMA] yfinance returned empty DataFrame
2026-05-24 17:48:46 | ERROR    | yfinance                       | $CRESY: possibly delisted; no price data found  (1wk 2026-01-03 -> 2024-01-31) (Yahoo error = "Invalid input - start date cannot be after end date. startDate = 1767416400, endDate = 1706677200")
2026-05-24 17:48:46 | WARNING  | src.data.downloader            | [CRESY] yfinance returned empty DataFrame
2026-05-24 17:48:47 | ERROR    | yfinance                       | $IRS: possibly delisted; no price data found  (1wk 2026-01-03 -> 2024-01-31) (Yahoo error = "Invalid input - start date cannot be after end date. startDate = 1767416400, endDate = 1706677200")
2026-05-24 17:48:47 | WARNING  | src.data.downloader            | [IRS] yfinance returned empty DataFrame
2026-05-24 17:48:47 | WARNING  | src.data.downloader            | [YPF] no data downloaded
2026-05-24 17:48:47 | WARNING  | src.data.downloader            | [GGAL] no data downloaded
2026-05-24 17:48:47 | WARNING  | src.data.downloader            | [BMA] no data downloaded
2026-05-24 17:48:47 | WARNING  | src.data.downloader            | [PAM] no data downloaded
2026-05-24 17:48:47 | WARNING  | src.data.downloader            | [TGS] no data downloaded
2026-05-24 17:48:47 | WARNING  | src.data.downloader            | [CEPU] no data downloaded
2026-05-24 17:48:47 | WARNING  | src.data.downloader            | [EDN] no data downloaded
2026-05-24 17:48:47 | WARNING  | src.data.downloader            | [LOMA] no data downloaded
2026-05-24 17:48:47 | WARNING  | src.data.downloader            | [CRESY] no data downloaded
2026-05-24 17:48:47 | WARNING  | src.data.downloader            | [IRS] no data downloaded
2026-05-24 17:48:49 | ERROR    | yfinance                       | $^MERV: possibly delisted; no price data found  (1wk 2026-01-03 -> 2024-01-31) (Yahoo error = "Invalid input - start date cannot be after end date. startDate = 1767409200, endDate = 1706670000")
2026-05-24 17:48:49 | WARNING  | src.data.downloader            | [^MERV] yfinance returned empty DataFrame
2026-05-24 17:48:53 | ERROR    | yfinance                       | HTTP Error 404: {"quoteSummary":{"result":null,"error":{"code":"Not Found","description":"Quote not found for symbol: AL30D.BA"}}}
2026-05-24 17:48:53 | ERROR    | yfinance                       | $AL30D.BA: possibly delisted; no timezone found
2026-05-24 17:48:54 | WARNING  | src.data.scraper_al30d         | [AL30D.BA] all sources failed and no cache available
2026-05-24 17:48:54 | WARNING  | src.data.scraper_al30d         | sovereign_bond: all sources failed — returning empty series
2026-05-24 17:48:54 | WARNING  | src.data.scraper_ccl           | CCL: all sources failed — returning empty series
2026-05-24 17:48:55 | WARNING  | src.data.scraper_macro         | [macro/ipc] extending last cached value (4132.4790) to fill 2026-01-03 → 2024-01-31
2026-05-24 17:48:56 | WARNING  | src.data.scraper_macro         | [macro/embi] cache has no valid values
2026-05-24 17:48:56 | WARNING  | src.data.scraper_macro         | [macro/reservas] extending last cached value (24302.2581) to fill 2026-01-03 → 2024-01-31
2026-05-24 17:48:58 | WARNING  | src.data.scraper_macro         | [macro/tc_oficial] extending last cached value (845.5000) to fill 2026-01-03 → 2024-01-31
2026-05-24 17:48:58 | INFO     | src.data.validator             | Coverage report [prices]
2026-05-24 17:48:58 | INFO     | src.data.validator             | ----------------------------------------------------------------------------------
2026-05-24 17:48:58 | INFO     | src.data.validator             | asset                 first_date    last_date      rows    nan    nan%  status    
2026-05-24 17:48:58 | INFO     | src.data.validator             | ----------------------------------------------------------------------------------
2026-05-24 17:48:58 | ERROR    | src.data.validator             | YPF                   MISSING       MISSING           0      0  100.00%  ERROR     
2026-05-24 17:48:58 | ERROR    | src.data.validator             | GGAL                  MISSING       MISSING           0      0  100.00%  ERROR     
2026-05-24 17:48:58 | ERROR    | src.data.validator             | BMA                   MISSING       MISSING           0      0  100.00%  ERROR     
2026-05-24 17:48:58 | ERROR    | src.data.validator             | PAM                   MISSING       MISSING           0      0  100.00%  ERROR     
2026-05-24 17:48:58 | ERROR    | src.data.validator             | TGS                   MISSING       MISSING           0      0  100.00%  ERROR     
2026-05-24 17:48:58 | ERROR    | src.data.validator             | CEPU                  MISSING       MISSING           0      0  100.00%  ERROR     
2026-05-24 17:48:58 | ERROR    | src.data.validator             | EDN                   MISSING       MISSING           0      0  100.00%  ERROR     
2026-05-24 17:48:58 | ERROR    | src.data.validator             | LOMA                  MISSING       MISSING           0      0  100.00%  ERROR     
2026-05-24 17:48:58 | ERROR    | src.data.validator             | CRESY                 MISSING       MISSING           0      0  100.00%  ERROR     
2026-05-24 17:48:58 | ERROR    | src.data.validator             | IRS                   MISSING       MISSING           0      0  100.00%  ERROR     
2026-05-24 17:48:58 | ERROR    | src.data.validator             | sovereign_bond        MISSING       MISSING           0      0  100.00%  ERROR     
2026-05-24 17:48:58 | ERROR    | src.data.validator             | merval                MISSING       MISSING           0      0  100.00%  ERROR     
2026-05-24 17:48:58 | ERROR    | src.data.validator             | ccl                   MISSING       MISSING           0      0  100.00%  ERROR     
2026-05-24 17:48:58 | INFO     | src.data.validator             | ----------------------------------------------------------------------------------
2026-05-24 17:48:58 | INFO     | src.data.validator             | Coverage report [macro]
2026-05-24 17:48:58 | INFO     | src.data.validator             | ----------------------------------------------------------------------------------
2026-05-24 17:48:58 | INFO     | src.data.validator             | asset                 first_date    last_date      rows    nan    nan%  status    
2026-05-24 17:48:58 | INFO     | src.data.validator             | ----------------------------------------------------------------------------------
2026-05-24 17:48:58 | ERROR    | src.data.validator             | ipc                   MISSING       MISSING           0      0  100.00%  ERROR     
2026-05-24 17:48:58 | ERROR    | src.data.validator             | embi                  MISSING       MISSING           0      0  100.00%  ERROR     
2026-05-24 17:48:58 | ERROR    | src.data.validator             | reservas              MISSING       MISSING           0      0  100.00%  ERROR     
2026-05-24 17:48:58 | ERROR    | src.data.validator             | tc_oficial            MISSING       MISSING           0      0  100.00%  ERROR     
2026-05-24 17:48:58 | INFO     | src.data.validator             | ----------------------------------------------------------------------------------
2026-05-24 17:48:58 | ERROR    | src.data.loader                | Live-month validation failed — data NOT appended. 15 error(s):
2026-05-24 17:48:58 | ERROR    | src.data.loader                |   [YPF] series is entirely NaN (0 rows)
2026-05-24 17:48:58 | ERROR    | src.data.loader                |   [GGAL] series is entirely NaN (0 rows)
2026-05-24 17:48:58 | ERROR    | src.data.loader                |   [BMA] series is entirely NaN (0 rows)
2026-05-24 17:48:58 | ERROR    | src.data.loader                |   [PAM] series is entirely NaN (0 rows)
2026-05-24 17:48:58 | ERROR    | src.data.loader                |   [TGS] series is entirely NaN (0 rows)
2026-05-24 17:48:58 | ERROR    | src.data.loader                |   [CEPU] series is entirely NaN (0 rows)
2026-05-24 17:48:58 | ERROR    | src.data.loader                |   [EDN] series is entirely NaN (0 rows)
2026-05-24 17:48:58 | ERROR    | src.data.loader                |   [LOMA] series is entirely NaN (0 rows)
2026-05-24 17:48:58 | ERROR    | src.data.loader                |   [CRESY] series is entirely NaN (0 rows)
2026-05-24 17:48:58 | ERROR    | src.data.loader                |   [IRS] series is entirely NaN (0 rows)
2026-05-24 17:48:58 | ERROR    | src.data.loader                |   [merval] series is entirely NaN (0 rows)
2026-05-24 17:48:58 | ERROR    | src.data.loader                |   [ccl] series is entirely NaN (0 rows)
2026-05-24 17:48:58 | ERROR    | src.data.loader                |   [ipc] series is entirely NaN (0 rows)
2026-05-24 17:48:58 | ERROR    | src.data.loader                |   [reservas] series is entirely NaN (0 rows)
2026-05-24 17:48:58 | ERROR    | src.data.loader                |   [tc_oficial] series is entirely NaN (0 rows)
2026-05-24 17:48:58 | INFO     | src.features.features          | compute_features: 789 weekly rows | 10 tickers | warm-up = 30 rows
2026-05-24 17:48:58 | WARNING  | src.nlp.nlp                    | Skipping bcra_rem_ene_2024.pdf — extraction failed: No module named 'pdfminer'
2026-05-24 17:49:03 | INFO     | src.nlp.nlp                    | Loaded from data\news\2024\01 — macro=1 docs, company=35 docs across 6 tickers
2026-05-24 17:49:03 | INFO     | src.utils.utils                | [DONE]  live 2024-01 — 33.75s
2026-05-24 17:49:03 | ERROR    | __main__                       | Month 2024-01 failed (ModuleNotFoundError: No module named 'transformers') — applying carry-forward.
2026-05-24 17:49:03 | ERROR    | __main__                       | No prior allocation to carry forward — month 2024-01 skipped entirely.
2026-05-24 17:49:03 | INFO     | src.utils.utils                | [START] live 2024-02
2026-05-24 17:49:03 | INFO     | src.data.loader                | Starting live-month download: 2026-01-03 → 2024-02-29 (cutoff: 2024-02-29) | tickers: ['YPF', 'GGAL', 'BMA', 'PAM', 'TGS', 'CEPU', 'EDN', 'LOMA', 'CRESY', 'IRS']
2026-05-24 17:49:04 | ERROR    | yfinance                       | $YPF: possibly delisted; no price data found  (1wk 2026-01-03 -> 2024-02-29) (Yahoo error = "Invalid input - start date cannot be after end date. startDate = 1767416400, endDate = 1709182800")
2026-05-24 17:49:04 | WARNING  | src.data.downloader            | [YPF] yfinance returned empty DataFrame
2026-05-24 17:49:06 | ERROR    | yfinance                       | $GGAL: possibly delisted; no price data found  (1wk 2026-01-03 -> 2024-02-29) (Yahoo error = "Invalid input - start date cannot be after end date. startDate = 1767416400, endDate = 1709182800")
2026-05-24 17:49:06 | WARNING  | src.data.downloader            | [GGAL] yfinance returned empty DataFrame
2026-05-24 17:49:07 | ERROR    | yfinance                       | $BMA: possibly delisted; no price data found  (1wk 2026-01-03 -> 2024-02-29) (Yahoo error = "Invalid input - start date cannot be after end date. startDate = 1767416400, endDate = 1709182800")
2026-05-24 17:49:07 | WARNING  | src.data.downloader            | [BMA] yfinance returned empty DataFrame
2026-05-24 17:49:08 | ERROR    | yfinance                       | $PAM: possibly delisted; no price data found  (1wk 2026-01-03 -> 2024-02-29) (Yahoo error = "Invalid input - start date cannot be after end date. startDate = 1767416400, endDate = 1709182800")
2026-05-24 17:49:08 | WARNING  | src.data.downloader            | [PAM] yfinance returned empty DataFrame
2026-05-24 17:49:10 | ERROR    | yfinance                       | $TGS: possibly delisted; no price data found  (1wk 2026-01-03 -> 2024-02-29) (Yahoo error = "Invalid input - start date cannot be after end date. startDate = 1767416400, endDate = 1709182800")
2026-05-24 17:49:10 | WARNING  | src.data.downloader            | [TGS] yfinance returned empty DataFrame
2026-05-24 17:49:11 | ERROR    | yfinance                       | $CEPU: possibly delisted; no price data found  (1wk 2026-01-03 -> 2024-02-29) (Yahoo error = "Invalid input - start date cannot be after end date. startDate = 1767416400, endDate = 1709182800")
2026-05-24 17:49:11 | WARNING  | src.data.downloader            | [CEPU] yfinance returned empty DataFrame
2026-05-24 17:49:13 | ERROR    | yfinance                       | $EDN: possibly delisted; no price data found  (1wk 2026-01-03 -> 2024-02-29) (Yahoo error = "Invalid input - start date cannot be after end date. startDate = 1767416400, endDate = 1709182800")
2026-05-24 17:49:13 | WARNING  | src.data.downloader            | [EDN] yfinance returned empty DataFrame
2026-05-24 17:49:14 | ERROR    | yfinance                       | $LOMA: possibly delisted; no price data found  (1wk 2026-01-03 -> 2024-02-29) (Yahoo error = "Invalid input - start date cannot be after end date. startDate = 1767416400, endDate = 1709182800")
2026-05-24 17:49:14 | WARNING  | src.data.downloader            | [LOMA] yfinance returned empty DataFrame
2026-05-24 17:49:16 | ERROR    | yfinance                       | $CRESY: possibly delisted; no price data found  (1wk 2026-01-03 -> 2024-02-29) (Yahoo error = "Invalid input - start date cannot be after end date. startDate = 1767416400, endDate = 1709182800")
2026-05-24 17:49:16 | WARNING  | src.data.downloader            | [CRESY] yfinance returned empty DataFrame
2026-05-24 17:49:17 | ERROR    | yfinance                       | $IRS: possibly delisted; no price data found  (1wk 2026-01-03 -> 2024-02-29) (Yahoo error = "Invalid input - start date cannot be after end date. startDate = 1767416400, endDate = 1709182800")
2026-05-24 17:49:17 | WARNING  | src.data.downloader            | [IRS] yfinance returned empty DataFrame
2026-05-24 17:49:17 | WARNING  | src.data.downloader            | [YPF] no data downloaded
2026-05-24 17:49:17 | WARNING  | src.data.downloader            | [GGAL] no data downloaded
2026-05-24 17:49:17 | WARNING  | src.data.downloader            | [BMA] no data downloaded
2026-05-24 17:49:17 | WARNING  | src.data.downloader            | [PAM] no data downloaded
2026-05-24 17:49:17 | WARNING  | src.data.downloader            | [TGS] no data downloaded
2026-05-24 17:49:17 | WARNING  | src.data.downloader            | [CEPU] no data downloaded
2026-05-24 17:49:17 | WARNING  | src.data.downloader            | [EDN] no data downloaded
2026-05-24 17:49:17 | WARNING  | src.data.downloader            | [LOMA] no data downloaded
2026-05-24 17:49:17 | WARNING  | src.data.downloader            | [CRESY] no data downloaded
2026-05-24 17:49:17 | WARNING  | src.data.downloader            | [IRS] no data downloaded
2026-05-24 17:49:18 | ERROR    | yfinance                       | $^MERV: possibly delisted; no price data found  (1wk 2026-01-03 -> 2024-02-29) (Yahoo error = "Invalid input - start date cannot be after end date. startDate = 1767409200, endDate = 1709175600")
2026-05-24 17:49:18 | WARNING  | src.data.downloader            | [^MERV] yfinance returned empty DataFrame
2026-05-24 17:49:20 | ERROR    | yfinance                       | HTTP Error 404: {"quoteSummary":{"result":null,"error":{"code":"Not Found","description":"Quote not found for symbol: AL30D.BA"}}}
2026-05-24 17:49:21 | ERROR    | yfinance                       | $AL30D.BA: possibly delisted; no timezone found
2026-05-24 17:49:21 | WARNING  | src.data.scraper_al30d         | [AL30D.BA] all sources failed and no cache available
2026-05-24 17:49:21 | WARNING  | src.data.scraper_al30d         | sovereign_bond: all sources failed — returning empty series
2026-05-24 17:49:21 | WARNING  | src.data.scraper_ccl           | CCL: all sources failed — returning empty series
2026-05-24 17:49:22 | WARNING  | src.data.scraper_macro         | [macro/ipc] extending last cached value (4132.4790) to fill 2026-01-03 → 2024-02-29
2026-05-24 17:49:23 | WARNING  | src.data.scraper_macro         | [macro/embi] cache has no valid values
2026-05-24 17:49:23 | WARNING  | src.data.scraper_macro         | [macro/reservas] extending last cached value (24302.2581) to fill 2026-01-03 → 2024-02-29
2026-05-24 17:49:25 | WARNING  | src.data.scraper_macro         | [macro/tc_oficial] extending last cached value (861.0000) to fill 2026-01-03 → 2024-02-29
2026-05-24 17:49:25 | INFO     | src.data.validator             | Coverage report [prices]
2026-05-24 17:49:25 | INFO     | src.data.validator             | ----------------------------------------------------------------------------------
2026-05-24 17:49:25 | INFO     | src.data.validator             | asset                 first_date    last_date      rows    nan    nan%  status    
2026-05-24 17:49:25 | INFO     | src.data.validator             | ----------------------------------------------------------------------------------
2026-05-24 17:49:25 | ERROR    | src.data.validator             | YPF                   MISSING       MISSING           0      0  100.00%  ERROR     
2026-05-24 17:49:25 | ERROR    | src.data.validator             | GGAL                  MISSING       MISSING           0      0  100.00%  ERROR     
2026-05-24 17:49:25 | ERROR    | src.data.validator             | BMA                   MISSING       MISSING           0      0  100.00%  ERROR     
2026-05-24 17:49:25 | ERROR    | src.data.validator             | PAM                   MISSING       MISSING           0      0  100.00%  ERROR     
2026-05-24 17:49:25 | ERROR    | src.data.validator             | TGS                   MISSING       MISSING           0      0  100.00%  ERROR     
2026-05-24 17:49:25 | ERROR    | src.data.validator             | CEPU                  MISSING       MISSING           0      0  100.00%  ERROR     
2026-05-24 17:49:25 | ERROR    | src.data.validator             | EDN                   MISSING       MISSING           0      0  100.00%  ERROR     
2026-05-24 17:49:25 | ERROR    | src.data.validator             | LOMA                  MISSING       MISSING           0      0  100.00%  ERROR     
2026-05-24 17:49:25 | ERROR    | src.data.validator             | CRESY                 MISSING       MISSING           0      0  100.00%  ERROR     
2026-05-24 17:49:25 | ERROR    | src.data.validator             | IRS                   MISSING       MISSING           0      0  100.00%  ERROR     
2026-05-24 17:49:25 | ERROR    | src.data.validator             | sovereign_bond        MISSING       MISSING           0      0  100.00%  ERROR     
2026-05-24 17:49:25 | ERROR    | src.data.validator             | merval                MISSING       MISSING           0      0  100.00%  ERROR     
2026-05-24 17:49:25 | ERROR    | src.data.validator             | ccl                   MISSING       MISSING           0      0  100.00%  ERROR     
2026-05-24 17:49:25 | INFO     | src.data.validator             | ----------------------------------------------------------------------------------
2026-05-24 17:49:25 | INFO     | src.data.validator             | Coverage report [macro]
2026-05-24 17:49:25 | INFO     | src.data.validator             | ----------------------------------------------------------------------------------
2026-05-24 17:49:25 | INFO     | src.data.validator             | asset                 first_date    last_date      rows    nan    nan%  status    
2026-05-24 17:49:25 | INFO     | src.data.validator             | ----------------------------------------------------------------------------------
2026-05-24 17:49:25 | ERROR    | src.data.validator             | ipc                   MISSING       MISSING           0      0  100.00%  ERROR     
2026-05-24 17:49:25 | ERROR    | src.data.validator             | embi                  MISSING       MISSING           0      0  100.00%  ERROR     
2026-05-24 17:49:25 | ERROR    | src.data.validator             | reservas              MISSING       MISSING           0      0  100.00%  ERROR     
2026-05-24 17:49:25 | ERROR    | src.data.validator             | tc_oficial            MISSING       MISSING           0      0  100.00%  ERROR     
2026-05-24 17:49:25 | INFO     | src.data.validator             | ----------------------------------------------------------------------------------
2026-05-24 17:49:25 | ERROR    | src.data.loader                | Live-month validation failed — data NOT appended. 15 error(s):
2026-05-24 17:49:25 | ERROR    | src.data.loader                |   [YPF] series is entirely NaN (0 rows)
2026-05-24 17:49:25 | ERROR    | src.data.loader                |   [GGAL] series is entirely NaN (0 rows)
2026-05-24 17:49:25 | ERROR    | src.data.loader                |   [BMA] series is entirely NaN (0 rows)
2026-05-24 17:49:25 | ERROR    | src.data.loader                |   [PAM] series is entirely NaN (0 rows)
2026-05-24 17:49:25 | ERROR    | src.data.loader                |   [TGS] series is entirely NaN (0 rows)
2026-05-24 17:49:25 | ERROR    | src.data.loader                |   [CEPU] series is entirely NaN (0 rows)
2026-05-24 17:49:25 | ERROR    | src.data.loader                |   [EDN] series is entirely NaN (0 rows)
2026-05-24 17:49:25 | ERROR    | src.data.loader                |   [LOMA] series is entirely NaN (0 rows)
2026-05-24 17:49:25 | ERROR    | src.data.loader                |   [CRESY] series is entirely NaN (0 rows)
2026-05-24 17:49:25 | ERROR    | src.data.loader                |   [IRS] series is entirely NaN (0 rows)
2026-05-24 17:49:25 | ERROR    | src.data.loader                |   [merval] series is entirely NaN (0 rows)
2026-05-24 17:49:25 | ERROR    | src.data.loader                |   [ccl] series is entirely NaN (0 rows)
2026-05-24 17:49:25 | ERROR    | src.data.loader                |   [ipc] series is entirely NaN (0 rows)
2026-05-24 17:49:25 | ERROR    | src.data.loader                |   [reservas] series is entirely NaN (0 rows)
2026-05-24 17:49:25 | ERROR    | src.data.loader                |   [tc_oficial] series is entirely NaN (0 rows)
2026-05-24 17:49:25 | INFO     | src.features.features          | compute_features: 793 weekly rows | 10 tickers | warm-up = 30 rows
2026-05-24 17:49:25 | WARNING  | src.nlp.nlp                    | Skipping bcra_rem_feb_2024.pdf — extraction failed: No module named 'pdfminer'
2026-05-24 17:49:25 | WARNING  | src.nlp.nlp                    | Skipping indec_informa_01_24.pdf — extraction failed: No module named 'pdfminer'
2026-05-24 17:49:27 | INFO     | src.nlp.nlp                    | Loaded from data\news\2024\02 — macro=0 docs, company=33 docs across 7 tickers
2026-05-24 17:49:27 | INFO     | src.utils.utils                | [DONE]  live 2024-02 — 23.61s
2026-05-24 17:49:27 | ERROR    | __main__                       | Month 2024-02 failed (ModuleNotFoundError: No module named 'transformers') — applying carry-forward.
2026-05-24 17:49:27 | ERROR    | __main__                       | No prior allocation to carry forward — month 2024-02 skipped entirely.
2026-05-24 17:49:27 | INFO     | src.utils.utils                | [START] live 2024-03
2026-05-24 17:49:27 | INFO     | src.data.loader                | Starting live-month download: 2026-01-03 → 2024-03-31 (cutoff: 2024-03-31) | tickers: ['YPF', 'GGAL', 'BMA', 'PAM', 'TGS', 'CEPU', 'EDN', 'LOMA', 'CRESY', 'IRS']
2026-05-24 17:49:28 | ERROR    | yfinance                       | $YPF: possibly delisted; no price data found  (1wk 2026-01-03 -> 2024-03-31) (Yahoo error = "Invalid input - start date cannot be after end date. startDate = 1767416400, endDate = 1711857600")
2026-05-24 17:49:28 | WARNING  | src.data.downloader            | [YPF] yfinance returned empty DataFrame
2026-05-24 17:49:29 | ERROR    | yfinance                       | $GGAL: possibly delisted; no price data found  (1wk 2026-01-03 -> 2024-03-31) (Yahoo error = "Invalid input - start date cannot be after end date. startDate = 1767416400, endDate = 1711857600")
2026-05-24 17:49:29 | WARNING  | src.data.downloader            | [GGAL] yfinance returned empty DataFrame
2026-05-24 17:49:31 | ERROR    | yfinance                       | $BMA: possibly delisted; no price data found  (1wk 2026-01-03 -> 2024-03-31) (Yahoo error = "Invalid input - start date cannot be after end date. startDate = 1767416400, endDate = 1711857600")
2026-05-24 17:49:31 | WARNING  | src.data.downloader            | [BMA] yfinance returned empty DataFrame
2026-05-24 17:49:32 | ERROR    | yfinance                       | $PAM: possibly delisted; no price data found  (1wk 2026-01-03 -> 2024-03-31) (Yahoo error = "Invalid input - start date cannot be after end date. startDate = 1767416400, endDate = 1711857600")
2026-05-24 17:49:32 | WARNING  | src.data.downloader            | [PAM] yfinance returned empty DataFrame
2026-05-24 17:49:33 | ERROR    | yfinance                       | $TGS: possibly delisted; no price data found  (1wk 2026-01-03 -> 2024-03-31) (Yahoo error = "Invalid input - start date cannot be after end date. startDate = 1767416400, endDate = 1711857600")
2026-05-24 17:49:33 | WARNING  | src.data.downloader            | [TGS] yfinance returned empty DataFrame
2026-05-24 17:49:35 | ERROR    | yfinance                       | $CEPU: possibly delisted; no price data found  (1wk 2026-01-03 -> 2024-03-31) (Yahoo error = "Invalid input - start date cannot be after end date. startDate = 1767416400, endDate = 1711857600")
2026-05-24 17:49:35 | WARNING  | src.data.downloader            | [CEPU] yfinance returned empty DataFrame
2026-05-24 17:49:36 | ERROR    | yfinance                       | $EDN: possibly delisted; no price data found  (1wk 2026-01-03 -> 2024-03-31) (Yahoo error = "Invalid input - start date cannot be after end date. startDate = 1767416400, endDate = 1711857600")
2026-05-24 17:49:36 | WARNING  | src.data.downloader            | [EDN] yfinance returned empty DataFrame
2026-05-24 17:49:38 | ERROR    | yfinance                       | $LOMA: possibly delisted; no price data found  (1wk 2026-01-03 -> 2024-03-31) (Yahoo error = "Invalid input - start date cannot be after end date. startDate = 1767416400, endDate = 1711857600")
2026-05-24 17:49:38 | WARNING  | src.data.downloader            | [LOMA] yfinance returned empty DataFrame
2026-05-24 17:49:39 | ERROR    | yfinance                       | $CRESY: possibly delisted; no price data found  (1wk 2026-01-03 -> 2024-03-31) (Yahoo error = "Invalid input - start date cannot be after end date. startDate = 1767416400, endDate = 1711857600")
2026-05-24 17:49:39 | WARNING  | src.data.downloader            | [CRESY] yfinance returned empty DataFrame
2026-05-24 17:49:40 | ERROR    | yfinance                       | $IRS: possibly delisted; no price data found  (1wk 2026-01-03 -> 2024-03-31) (Yahoo error = "Invalid input - start date cannot be after end date. startDate = 1767416400, endDate = 1711857600")
2026-05-24 17:49:40 | WARNING  | src.data.downloader            | [IRS] yfinance returned empty DataFrame
2026-05-24 17:49:40 | WARNING  | src.data.downloader            | [YPF] no data downloaded
2026-05-24 17:49:40 | WARNING  | src.data.downloader            | [GGAL] no data downloaded
2026-05-24 17:49:40 | WARNING  | src.data.downloader            | [BMA] no data downloaded
2026-05-24 17:49:40 | WARNING  | src.data.downloader            | [PAM] no data downloaded
2026-05-24 17:49:40 | WARNING  | src.data.downloader            | [TGS] no data downloaded
2026-05-24 17:49:40 | WARNING  | src.data.downloader            | [CEPU] no data downloaded
2026-05-24 17:49:40 | WARNING  | src.data.downloader            | [EDN] no data downloaded
2026-05-24 17:49:40 | WARNING  | src.data.downloader            | [LOMA] no data downloaded
2026-05-24 17:49:40 | WARNING  | src.data.downloader            | [CRESY] no data downloaded
2026-05-24 17:49:40 | WARNING  | src.data.downloader            | [IRS] no data downloaded
2026-05-24 17:49:42 | ERROR    | yfinance                       | $^MERV: possibly delisted; no price data found  (1wk 2026-01-03 -> 2024-03-31) (Yahoo error = "Invalid input - start date cannot be after end date. startDate = 1767409200, endDate = 1711854000")
2026-05-24 17:49:42 | WARNING  | src.data.downloader            | [^MERV] yfinance returned empty DataFrame
2026-05-24 17:49:42 | ERROR    | yfinance                       | $AL30D.BA: possibly delisted; no timezone found
2026-05-24 17:49:42 | WARNING  | src.data.scraper_al30d         | [AL30D.BA] all sources failed and no cache available
2026-05-24 17:49:42 | WARNING  | src.data.scraper_al30d         | sovereign_bond: all sources failed — returning empty series
2026-05-24 17:49:42 | WARNING  | src.data.scraper_ccl           | CCL: all sources failed — returning empty series
2026-05-24 17:49:43 | WARNING  | src.data.scraper_macro         | [macro/ipc] extending last cached value (4132.4790) to fill 2026-01-03 → 2024-03-31
2026-05-24 17:49:44 | WARNING  | src.data.scraper_macro         | [macro/embi] cache has no valid values
2026-05-24 17:49:44 | WARNING  | src.data.scraper_macro         | [macro/reservas] extending last cached value (24302.2581) to fill 2026-01-03 → 2024-03-31
2026-05-24 17:49:46 | WARNING  | src.data.scraper_macro         | [macro/tc_oficial] extending last cached value (876.0000) to fill 2026-01-03 → 2024-03-31
2026-05-24 17:49:46 | INFO     | src.data.validator             | Coverage report [prices]
2026-05-24 17:49:46 | INFO     | src.data.validator             | ----------------------------------------------------------------------------------
2026-05-24 17:49:46 | INFO     | src.data.validator             | asset                 first_date    last_date      rows    nan    nan%  status    
2026-05-24 17:49:46 | INFO     | src.data.validator             | ----------------------------------------------------------------------------------
2026-05-24 17:49:46 | ERROR    | src.data.validator             | YPF                   MISSING       MISSING           0      0  100.00%  ERROR     
2026-05-24 17:49:46 | ERROR    | src.data.validator             | GGAL                  MISSING       MISSING           0      0  100.00%  ERROR     
2026-05-24 17:49:46 | ERROR    | src.data.validator             | BMA                   MISSING       MISSING           0      0  100.00%  ERROR     
2026-05-24 17:49:46 | ERROR    | src.data.validator             | PAM                   MISSING       MISSING           0      0  100.00%  ERROR     
2026-05-24 17:49:46 | ERROR    | src.data.validator             | TGS                   MISSING       MISSING           0      0  100.00%  ERROR     
2026-05-24 17:49:46 | ERROR    | src.data.validator             | CEPU                  MISSING       MISSING           0      0  100.00%  ERROR     
2026-05-24 17:49:46 | ERROR    | src.data.validator             | EDN                   MISSING       MISSING           0      0  100.00%  ERROR     
2026-05-24 17:49:46 | ERROR    | src.data.validator             | LOMA                  MISSING       MISSING           0      0  100.00%  ERROR     
2026-05-24 17:49:46 | ERROR    | src.data.validator             | CRESY                 MISSING       MISSING           0      0  100.00%  ERROR     
2026-05-24 17:49:46 | ERROR    | src.data.validator             | IRS                   MISSING       MISSING           0      0  100.00%  ERROR     
2026-05-24 17:49:46 | ERROR    | src.data.validator             | sovereign_bond        MISSING       MISSING           0      0  100.00%  ERROR     
2026-05-24 17:49:46 | ERROR    | src.data.validator             | merval                MISSING       MISSING           0      0  100.00%  ERROR     
2026-05-24 17:49:46 | ERROR    | src.data.validator             | ccl                   MISSING       MISSING           0      0  100.00%  ERROR     
2026-05-24 17:49:46 | INFO     | src.data.validator             | ----------------------------------------------------------------------------------
2026-05-24 17:49:46 | INFO     | src.data.validator             | Coverage report [macro]
2026-05-24 17:49:46 | INFO     | src.data.validator             | ----------------------------------------------------------------------------------
2026-05-24 17:49:46 | INFO     | src.data.validator             | asset                 first_date    last_date      rows    nan    nan%  status    
2026-05-24 17:49:46 | INFO     | src.data.validator             | ----------------------------------------------------------------------------------
2026-05-24 17:49:46 | ERROR    | src.data.validator             | ipc                   MISSING       MISSING           0      0  100.00%  ERROR     
2026-05-24 17:49:46 | ERROR    | src.data.validator             | embi                  MISSING       MISSING           0      0  100.00%  ERROR     
2026-05-24 17:49:46 | ERROR    | src.data.validator             | reservas              MISSING       MISSING           0      0  100.00%  ERROR     
2026-05-24 17:49:46 | ERROR    | src.data.validator             | tc_oficial            MISSING       MISSING           0      0  100.00%  ERROR     
2026-05-24 17:49:46 | INFO     | src.data.validator             | ----------------------------------------------------------------------------------
2026-05-24 17:49:46 | ERROR    | src.data.loader                | Live-month validation failed — data NOT appended. 15 error(s):
2026-05-24 17:49:46 | ERROR    | src.data.loader                |   [YPF] series is entirely NaN (0 rows)
2026-05-24 17:49:46 | ERROR    | src.data.loader                |   [GGAL] series is entirely NaN (0 rows)
2026-05-24 17:49:46 | ERROR    | src.data.loader                |   [BMA] series is entirely NaN (0 rows)
2026-05-24 17:49:46 | ERROR    | src.data.loader                |   [PAM] series is entirely NaN (0 rows)
2026-05-24 17:49:46 | ERROR    | src.data.loader                |   [TGS] series is entirely NaN (0 rows)
2026-05-24 17:49:46 | ERROR    | src.data.loader                |   [CEPU] series is entirely NaN (0 rows)
2026-05-24 17:49:46 | ERROR    | src.data.loader                |   [EDN] series is entirely NaN (0 rows)
2026-05-24 17:49:46 | ERROR    | src.data.loader                |   [LOMA] series is entirely NaN (0 rows)
2026-05-24 17:49:46 | ERROR    | src.data.loader                |   [CRESY] series is entirely NaN (0 rows)
2026-05-24 17:49:46 | ERROR    | src.data.loader                |   [IRS] series is entirely NaN (0 rows)
2026-05-24 17:49:46 | ERROR    | src.data.loader                |   [merval] series is entirely NaN (0 rows)
2026-05-24 17:49:46 | ERROR    | src.data.loader                |   [ccl] series is entirely NaN (0 rows)
2026-05-24 17:49:46 | ERROR    | src.data.loader                |   [ipc] series is entirely NaN (0 rows)
2026-05-24 17:49:46 | ERROR    | src.data.loader                |   [reservas] series is entirely NaN (0 rows)
2026-05-24 17:49:46 | ERROR    | src.data.loader                |   [tc_oficial] series is entirely NaN (0 rows)
2026-05-24 17:49:46 | INFO     | src.features.features          | compute_features: 797 weekly rows | 10 tickers | warm-up = 30 rows
2026-05-24 17:49:46 | WARNING  | src.nlp.nlp                    | Skipping bcra_rem_mar_2024.pdf — extraction failed: No module named 'pdfminer'
2026-05-24 17:49:46 | WARNING  | src.nlp.nlp                    | Skipping indec_informa_02_24.pdf — extraction failed: No module named 'pdfminer'
2026-05-24 17:49:48 | INFO     | src.nlp.nlp                    | Loaded from data\news\2024\03 — macro=1 docs, company=61 docs across 10 tickers
2026-05-24 17:49:48 | INFO     | src.utils.utils                | [DONE]  live 2024-03 — 21.93s
2026-05-24 17:49:48 | ERROR    | __main__                       | Month 2024-03 failed (ModuleNotFoundError: No module named 'transformers') — applying carry-forward.
2026-05-24 17:49:48 | ERROR    | __main__                       | No prior allocation to carry forward — month 2024-03 skipped entirely.
2026-05-24 17:49:48 | INFO     | src.utils.utils                | [START] live 2024-04
2026-05-24 17:49:48 | INFO     | src.data.loader                | Starting live-month download: 2026-01-03 → 2024-04-30 (cutoff: 2024-04-30) | tickers: ['YPF', 'GGAL', 'BMA', 'PAM', 'TGS', 'CEPU', 'EDN', 'LOMA', 'CRESY', 'IRS']
2026-05-24 17:49:50 | ERROR    | yfinance                       | $YPF: possibly delisted; no price data found  (1wk 2026-01-03 -> 2024-04-30) (Yahoo error = "Invalid input - start date cannot be after end date. startDate = 1767416400, endDate = 1714449600")
2026-05-24 17:49:50 | WARNING  | src.data.downloader            | [YPF] yfinance returned empty DataFrame
2026-05-24 17:49:51 | ERROR    | yfinance                       | $GGAL: possibly delisted; no price data found  (1wk 2026-01-03 -> 2024-04-30) (Yahoo error = "Invalid input - start date cannot be after end date. startDate = 1767416400, endDate = 1714449600")
2026-05-24 17:49:51 | WARNING  | src.data.downloader            | [GGAL] yfinance returned empty DataFrame
2026-05-24 17:49:53 | ERROR    | yfinance                       | $BMA: possibly delisted; no price data found  (1wk 2026-01-03 -> 2024-04-30) (Yahoo error = "Invalid input - start date cannot be after end date. startDate = 1767416400, endDate = 1714449600")
2026-05-24 17:49:53 | WARNING  | src.data.downloader            | [BMA] yfinance returned empty DataFrame
2026-05-24 17:49:54 | ERROR    | yfinance                       | $PAM: possibly delisted; no price data found  (1wk 2026-01-03 -> 2024-04-30) (Yahoo error = "Invalid input - start date cannot be after end date. startDate = 1767416400, endDate = 1714449600")
2026-05-24 17:49:54 | WARNING  | src.data.downloader            | [PAM] yfinance returned empty DataFrame
2026-05-24 17:49:56 | ERROR    | yfinance                       | $TGS: possibly delisted; no price data found  (1wk 2026-01-03 -> 2024-04-30) (Yahoo error = "Invalid input - start date cannot be after end date. startDate = 1767416400, endDate = 1714449600")
2026-05-24 17:49:56 | WARNING  | src.data.downloader            | [TGS] yfinance returned empty DataFrame
2026-05-24 17:49:57 | ERROR    | yfinance                       | $CEPU: possibly delisted; no price data found  (1wk 2026-01-03 -> 2024-04-30) (Yahoo error = "Invalid input - start date cannot be after end date. startDate = 1767416400, endDate = 1714449600")
2026-05-24 17:49:57 | WARNING  | src.data.downloader            | [CEPU] yfinance returned empty DataFrame
2026-05-24 17:49:58 | ERROR    | yfinance                       | $EDN: possibly delisted; no price data found  (1wk 2026-01-03 -> 2024-04-30) (Yahoo error = "Invalid input - start date cannot be after end date. startDate = 1767416400, endDate = 1714449600")
2026-05-24 17:49:58 | WARNING  | src.data.downloader            | [EDN] yfinance returned empty DataFrame
2026-05-24 17:50:00 | ERROR    | yfinance                       | $LOMA: possibly delisted; no price data found  (1wk 2026-01-03 -> 2024-04-30) (Yahoo error = "Invalid input - start date cannot be after end date. startDate = 1767416400, endDate = 1714449600")
2026-05-24 17:50:00 | WARNING  | src.data.downloader            | [LOMA] yfinance returned empty DataFrame
2026-05-24 17:50:01 | ERROR    | yfinance                       | $CRESY: possibly delisted; no price data found  (1wk 2026-01-03 -> 2024-04-30) (Yahoo error = "Invalid input - start date cannot be after end date. startDate = 1767416400, endDate = 1714449600")
2026-05-24 17:50:01 | WARNING  | src.data.downloader            | [CRESY] yfinance returned empty DataFrame
2026-05-24 17:50:03 | ERROR    | yfinance                       | $IRS: possibly delisted; no price data found  (1wk 2026-01-03 -> 2024-04-30) (Yahoo error = "Invalid input - start date cannot be after end date. startDate = 1767416400, endDate = 1714449600")
2026-05-24 17:50:03 | WARNING  | src.data.downloader            | [IRS] yfinance returned empty DataFrame
2026-05-24 17:50:03 | WARNING  | src.data.downloader            | [YPF] no data downloaded
2026-05-24 17:50:03 | WARNING  | src.data.downloader            | [GGAL] no data downloaded
2026-05-24 17:50:03 | WARNING  | src.data.downloader            | [BMA] no data downloaded
2026-05-24 17:50:03 | WARNING  | src.data.downloader            | [PAM] no data downloaded
2026-05-24 17:50:03 | WARNING  | src.data.downloader            | [TGS] no data downloaded
2026-05-24 17:50:03 | WARNING  | src.data.downloader            | [CEPU] no data downloaded
2026-05-24 17:50:03 | WARNING  | src.data.downloader            | [EDN] no data downloaded
2026-05-24 17:50:03 | WARNING  | src.data.downloader            | [LOMA] no data downloaded
2026-05-24 17:50:03 | WARNING  | src.data.downloader            | [CRESY] no data downloaded
2026-05-24 17:50:03 | WARNING  | src.data.downloader            | [IRS] no data downloaded
2026-05-24 17:50:04 | ERROR    | yfinance                       | $^MERV: possibly delisted; no price data found  (1wk 2026-01-03 -> 2024-04-30) (Yahoo error = "Invalid input - start date cannot be after end date. startDate = 1767409200, endDate = 1714446000")
2026-05-24 17:50:04 | WARNING  | src.data.downloader            | [^MERV] yfinance returned empty DataFrame
2026-05-24 17:50:04 | ERROR    | yfinance                       | $AL30D.BA: possibly delisted; no timezone found
2026-05-24 17:50:04 | WARNING  | src.data.scraper_al30d         | [AL30D.BA] all sources failed and no cache available
2026-05-24 17:50:04 | WARNING  | src.data.scraper_al30d         | sovereign_bond: all sources failed — returning empty series
2026-05-24 17:50:04 | WARNING  | src.data.scraper_ccl           | CCL: all sources failed — returning empty series
2026-05-24 17:50:05 | WARNING  | src.data.scraper_macro         | [macro/ipc] extending last cached value (5785.5699) to fill 2026-01-03 → 2024-04-30
2026-05-24 17:50:06 | WARNING  | src.data.scraper_macro         | [macro/embi] cache has no valid values
2026-05-24 17:50:06 | WARNING  | src.data.scraper_macro         | [macro/reservas] extending last cached value (29203.4000) to fill 2026-01-03 → 2024-04-30
2026-05-24 17:50:08 | WARNING  | src.data.scraper_macro         | [macro/tc_oficial] extending last cached value (896.0000) to fill 2026-01-03 → 2024-04-30
2026-05-24 17:50:08 | INFO     | src.data.validator             | Coverage report [prices]
2026-05-24 17:50:08 | INFO     | src.data.validator             | ----------------------------------------------------------------------------------
2026-05-24 17:50:08 | INFO     | src.data.validator             | asset                 first_date    last_date      rows    nan    nan%  status    
2026-05-24 17:50:08 | INFO     | src.data.validator             | ----------------------------------------------------------------------------------
2026-05-24 17:50:08 | ERROR    | src.data.validator             | YPF                   MISSING       MISSING           0      0  100.00%  ERROR     
2026-05-24 17:50:08 | ERROR    | src.data.validator             | GGAL                  MISSING       MISSING           0      0  100.00%  ERROR     
2026-05-24 17:50:08 | ERROR    | src.data.validator             | BMA                   MISSING       MISSING           0      0  100.00%  ERROR     
2026-05-24 17:50:08 | ERROR    | src.data.validator             | PAM                   MISSING       MISSING           0      0  100.00%  ERROR     
2026-05-24 17:50:08 | ERROR    | src.data.validator             | TGS                   MISSING       MISSING           0      0  100.00%  ERROR     
2026-05-24 17:50:08 | ERROR    | src.data.validator             | CEPU                  MISSING       MISSING           0      0  100.00%  ERROR     
2026-05-24 17:50:08 | ERROR    | src.data.validator             | EDN                   MISSING       MISSING           0      0  100.00%  ERROR     
2026-05-24 17:50:08 | ERROR    | src.data.validator             | LOMA                  MISSING       MISSING           0      0  100.00%  ERROR     
2026-05-24 17:50:08 | ERROR    | src.data.validator             | CRESY                 MISSING       MISSING           0      0  100.00%  ERROR     
2026-05-24 17:50:08 | ERROR    | src.data.validator             | IRS                   MISSING       MISSING           0      0  100.00%  ERROR     
2026-05-24 17:50:08 | ERROR    | src.data.validator             | sovereign_bond        MISSING       MISSING           0      0  100.00%  ERROR     
2026-05-24 17:50:08 | ERROR    | src.data.validator             | merval                MISSING       MISSING           0      0  100.00%  ERROR     
2026-05-24 17:50:08 | ERROR    | src.data.validator             | ccl                   MISSING       MISSING           0      0  100.00%  ERROR     
2026-05-24 17:50:08 | INFO     | src.data.validator             | ----------------------------------------------------------------------------------
2026-05-24 17:50:08 | INFO     | src.data.validator             | Coverage report [macro]
2026-05-24 17:50:08 | INFO     | src.data.validator             | ----------------------------------------------------------------------------------
2026-05-24 17:50:08 | INFO     | src.data.validator             | asset                 first_date    last_date      rows    nan    nan%  status    
2026-05-24 17:50:08 | INFO     | src.data.validator             | ----------------------------------------------------------------------------------
2026-05-24 17:50:08 | ERROR    | src.data.validator             | ipc                   MISSING       MISSING           0      0  100.00%  ERROR     
2026-05-24 17:50:08 | ERROR    | src.data.validator             | embi                  MISSING       MISSING           0      0  100.00%  ERROR     
2026-05-24 17:50:08 | ERROR    | src.data.validator             | reservas              MISSING       MISSING           0      0  100.00%  ERROR     
2026-05-24 17:50:08 | ERROR    | src.data.validator             | tc_oficial            MISSING       MISSING           0      0  100.00%  ERROR     
2026-05-24 17:50:08 | INFO     | src.data.validator             | ----------------------------------------------------------------------------------
2026-05-24 17:50:08 | ERROR    | src.data.loader                | Live-month validation failed — data NOT appended. 15 error(s):
2026-05-24 17:50:08 | ERROR    | src.data.loader                |   [YPF] series is entirely NaN (0 rows)
2026-05-24 17:50:08 | ERROR    | src.data.loader                |   [GGAL] series is entirely NaN (0 rows)
2026-05-24 17:50:08 | ERROR    | src.data.loader                |   [BMA] series is entirely NaN (0 rows)
2026-05-24 17:50:08 | ERROR    | src.data.loader                |   [PAM] series is entirely NaN (0 rows)
2026-05-24 17:50:08 | ERROR    | src.data.loader                |   [TGS] series is entirely NaN (0 rows)
2026-05-24 17:50:08 | ERROR    | src.data.loader                |   [CEPU] series is entirely NaN (0 rows)
2026-05-24 17:50:08 | ERROR    | src.data.loader                |   [EDN] series is entirely NaN (0 rows)
2026-05-24 17:50:08 | ERROR    | src.data.loader                |   [LOMA] series is entirely NaN (0 rows)
2026-05-24 17:50:08 | ERROR    | src.data.loader                |   [CRESY] series is entirely NaN (0 rows)
2026-05-24 17:50:08 | ERROR    | src.data.loader                |   [IRS] series is entirely NaN (0 rows)
2026-05-24 17:50:08 | ERROR    | src.data.loader                |   [merval] series is entirely NaN (0 rows)
2026-05-24 17:50:08 | ERROR    | src.data.loader                |   [ccl] series is entirely NaN (0 rows)
2026-05-24 17:50:08 | ERROR    | src.data.loader                |   [ipc] series is entirely NaN (0 rows)
2026-05-24 17:50:08 | ERROR    | src.data.loader                |   [reservas] series is entirely NaN (0 rows)
2026-05-24 17:50:08 | ERROR    | src.data.loader                |   [tc_oficial] series is entirely NaN (0 rows)
2026-05-24 17:50:08 | INFO     | src.features.features          | compute_features: 802 weekly rows | 10 tickers | warm-up = 30 rows
2026-05-24 17:50:08 | WARNING  | src.nlp.nlp                    | Skipping bcra_rem_abr_2024.pdf — extraction failed: No module named 'pdfminer'
2026-05-24 17:50:08 | WARNING  | src.nlp.nlp                    | Skipping indec_informa_03_24.pdf — extraction failed: No module named 'pdfminer'
2026-05-24 17:50:11 | INFO     | src.nlp.nlp                    | Loaded from data\news\2024\04 — macro=0 docs, company=50 docs across 10 tickers
2026-05-24 17:50:11 | INFO     | src.utils.utils                | [DONE]  live 2024-04 — 22.92s
2026-05-24 17:50:11 | ERROR    | __main__                       | Month 2024-04 failed (ModuleNotFoundError: No module named 'transformers') — applying carry-forward.
2026-05-24 17:50:11 | ERROR    | __main__                       | No prior allocation to carry forward — month 2024-04 skipped entirely.
2026-05-24 17:50:11 | INFO     | src.utils.utils                | [START] live 2024-05
2026-05-24 17:50:11 | INFO     | src.data.loader                | Starting live-month download: 2026-01-03 → 2024-05-31 (cutoff: 2024-05-31) | tickers: ['YPF', 'GGAL', 'BMA', 'PAM', 'TGS', 'CEPU', 'EDN', 'LOMA', 'CRESY', 'IRS']
2026-05-24 17:50:13 | ERROR    | yfinance                       | $YPF: possibly delisted; no price data found  (1wk 2026-01-03 -> 2024-05-31) (Yahoo error = "Invalid input - start date cannot be after end date. startDate = 1767416400, endDate = 1717128000")
2026-05-24 17:50:13 | WARNING  | src.data.downloader            | [YPF] yfinance returned empty DataFrame
2026-05-24 17:50:14 | ERROR    | yfinance                       | $GGAL: possibly delisted; no price data found  (1wk 2026-01-03 -> 2024-05-31) (Yahoo error = "Invalid input - start date cannot be after end date. startDate = 1767416400, endDate = 1717128000")
2026-05-24 17:50:14 | WARNING  | src.data.downloader            | [GGAL] yfinance returned empty DataFrame
2026-05-24 17:50:15 | ERROR    | yfinance                       | $BMA: possibly delisted; no price data found  (1wk 2026-01-03 -> 2024-05-31) (Yahoo error = "Invalid input - start date cannot be after end date. startDate = 1767416400, endDate = 1717128000")
2026-05-24 17:50:15 | WARNING  | src.data.downloader            | [BMA] yfinance returned empty DataFrame
2026-05-24 17:50:17 | ERROR    | yfinance                       | $PAM: possibly delisted; no price data found  (1wk 2026-01-03 -> 2024-05-31) (Yahoo error = "Invalid input - start date cannot be after end date. startDate = 1767416400, endDate = 1717128000")
2026-05-24 17:50:17 | WARNING  | src.data.downloader            | [PAM] yfinance returned empty DataFrame
2026-05-24 17:50:18 | ERROR    | yfinance                       | $TGS: possibly delisted; no price data found  (1wk 2026-01-03 -> 2024-05-31) (Yahoo error = "Invalid input - start date cannot be after end date. startDate = 1767416400, endDate = 1717128000")
2026-05-24 17:50:18 | WARNING  | src.data.downloader            | [TGS] yfinance returned empty DataFrame
2026-05-24 17:50:20 | ERROR    | yfinance                       | $CEPU: possibly delisted; no price data found  (1wk 2026-01-03 -> 2024-05-31) (Yahoo error = "Invalid input - start date cannot be after end date. startDate = 1767416400, endDate = 1717128000")
2026-05-24 17:50:20 | WARNING  | src.data.downloader            | [CEPU] yfinance returned empty DataFrame
2026-05-24 17:50:21 | ERROR    | yfinance                       | $EDN: possibly delisted; no price data found  (1wk 2026-01-03 -> 2024-05-31) (Yahoo error = "Invalid input - start date cannot be after end date. startDate = 1767416400, endDate = 1717128000")
2026-05-24 17:50:21 | WARNING  | src.data.downloader            | [EDN] yfinance returned empty DataFrame
2026-05-24 17:50:22 | ERROR    | yfinance                       | $LOMA: possibly delisted; no price data found  (1wk 2026-01-03 -> 2024-05-31) (Yahoo error = "Invalid input - start date cannot be after end date. startDate = 1767416400, endDate = 1717128000")
2026-05-24 17:50:22 | WARNING  | src.data.downloader            | [LOMA] yfinance returned empty DataFrame
2026-05-24 17:50:24 | ERROR    | yfinance                       | $CRESY: possibly delisted; no price data found  (1wk 2026-01-03 -> 2024-05-31) (Yahoo error = "Invalid input - start date cannot be after end date. startDate = 1767416400, endDate = 1717128000")
2026-05-24 17:50:24 | WARNING  | src.data.downloader            | [CRESY] yfinance returned empty DataFrame
2026-05-24 17:50:25 | ERROR    | yfinance                       | $IRS: possibly delisted; no price data found  (1wk 2026-01-03 -> 2024-05-31) (Yahoo error = "Invalid input - start date cannot be after end date. startDate = 1767416400, endDate = 1717128000")
2026-05-24 17:50:25 | WARNING  | src.data.downloader            | [IRS] yfinance returned empty DataFrame
2026-05-24 17:50:25 | WARNING  | src.data.downloader            | [YPF] no data downloaded
2026-05-24 17:50:25 | WARNING  | src.data.downloader            | [GGAL] no data downloaded
2026-05-24 17:50:25 | WARNING  | src.data.downloader            | [BMA] no data downloaded
2026-05-24 17:50:25 | WARNING  | src.data.downloader            | [PAM] no data downloaded
2026-05-24 17:50:25 | WARNING  | src.data.downloader            | [TGS] no data downloaded
2026-05-24 17:50:25 | WARNING  | src.data.downloader            | [CEPU] no data downloaded
2026-05-24 17:50:25 | WARNING  | src.data.downloader            | [EDN] no data downloaded
2026-05-24 17:50:25 | WARNING  | src.data.downloader            | [LOMA] no data downloaded
2026-05-24 17:50:25 | WARNING  | src.data.downloader            | [CRESY] no data downloaded
2026-05-24 17:50:25 | WARNING  | src.data.downloader            | [IRS] no data downloaded
2026-05-24 17:50:26 | ERROR    | yfinance                       | $^MERV: possibly delisted; no price data found  (1wk 2026-01-03 -> 2024-05-31) (Yahoo error = "Invalid input - start date cannot be after end date. startDate = 1767409200, endDate = 1717124400")
2026-05-24 17:50:26 | WARNING  | src.data.downloader            | [^MERV] yfinance returned empty DataFrame
2026-05-24 17:50:26 | ERROR    | yfinance                       | $AL30D.BA: possibly delisted; no timezone found
2026-05-24 17:50:26 | WARNING  | src.data.scraper_al30d         | [AL30D.BA] all sources failed and no cache available
2026-05-24 17:50:26 | WARNING  | src.data.scraper_al30d         | sovereign_bond: all sources failed — returning empty series
2026-05-24 17:50:27 | WARNING  | src.data.scraper_ccl           | CCL: all sources failed — returning empty series
2026-05-24 17:50:28 | WARNING  | src.data.scraper_macro         | [macro/ipc] extending last cached value (5785.5699) to fill 2026-01-03 → 2024-05-31
2026-05-24 17:50:28 | WARNING  | src.data.scraper_macro         | [macro/embi] cache has no valid values
2026-05-24 17:50:29 | WARNING  | src.data.scraper_macro         | [macro/reservas] extending last cached value (29203.4000) to fill 2026-01-03 → 2024-05-31
2026-05-24 17:50:32 | WARNING  | src.data.scraper_macro         | [macro/tc_oficial] extending last cached value (914.0000) to fill 2026-01-03 → 2024-05-31
2026-05-24 17:50:32 | INFO     | src.data.validator             | Coverage report [prices]
2026-05-24 17:50:32 | INFO     | src.data.validator             | ----------------------------------------------------------------------------------
2026-05-24 17:50:32 | INFO     | src.data.validator             | asset                 first_date    last_date      rows    nan    nan%  status    
2026-05-24 17:50:32 | INFO     | src.data.validator             | ----------------------------------------------------------------------------------
2026-05-24 17:50:32 | ERROR    | src.data.validator             | YPF                   MISSING       MISSING           0      0  100.00%  ERROR     
2026-05-24 17:50:32 | ERROR    | src.data.validator             | GGAL                  MISSING       MISSING           0      0  100.00%  ERROR     
2026-05-24 17:50:32 | ERROR    | src.data.validator             | BMA                   MISSING       MISSING           0      0  100.00%  ERROR     
2026-05-24 17:50:32 | ERROR    | src.data.validator             | PAM                   MISSING       MISSING           0      0  100.00%  ERROR     
2026-05-24 17:50:32 | ERROR    | src.data.validator             | TGS                   MISSING       MISSING           0      0  100.00%  ERROR     
2026-05-24 17:50:32 | ERROR    | src.data.validator             | CEPU                  MISSING       MISSING           0      0  100.00%  ERROR     
2026-05-24 17:50:32 | ERROR    | src.data.validator             | EDN                   MISSING       MISSING           0      0  100.00%  ERROR     
2026-05-24 17:50:32 | ERROR    | src.data.validator             | LOMA                  MISSING       MISSING           0      0  100.00%  ERROR     
2026-05-24 17:50:32 | ERROR    | src.data.validator             | CRESY                 MISSING       MISSING           0      0  100.00%  ERROR     
2026-05-24 17:50:32 | ERROR    | src.data.validator             | IRS                   MISSING       MISSING           0      0  100.00%  ERROR     
2026-05-24 17:50:32 | ERROR    | src.data.validator             | sovereign_bond        MISSING       MISSING           0      0  100.00%  ERROR     
2026-05-24 17:50:32 | ERROR    | src.data.validator             | merval                MISSING       MISSING           0      0  100.00%  ERROR     
2026-05-24 17:50:32 | ERROR    | src.data.validator             | ccl                   MISSING       MISSING           0      0  100.00%  ERROR     
2026-05-24 17:50:32 | INFO     | src.data.validator             | ----------------------------------------------------------------------------------
2026-05-24 17:50:32 | INFO     | src.data.validator             | Coverage report [macro]
2026-05-24 17:50:32 | INFO     | src.data.validator             | ----------------------------------------------------------------------------------
2026-05-24 17:50:32 | INFO     | src.data.validator             | asset                 first_date    last_date      rows    nan    nan%  status    
2026-05-24 17:50:32 | INFO     | src.data.validator             | ----------------------------------------------------------------------------------
2026-05-24 17:50:32 | ERROR    | src.data.validator             | ipc                   MISSING       MISSING           0      0  100.00%  ERROR     
2026-05-24 17:50:32 | ERROR    | src.data.validator             | embi                  MISSING       MISSING           0      0  100.00%  ERROR     
2026-05-24 17:50:32 | ERROR    | src.data.validator             | reservas              MISSING       MISSING           0      0  100.00%  ERROR     
2026-05-24 17:50:32 | ERROR    | src.data.validator             | tc_oficial            MISSING       MISSING           0      0  100.00%  ERROR     
2026-05-24 17:50:32 | INFO     | src.data.validator             | ----------------------------------------------------------------------------------
2026-05-24 17:50:32 | ERROR    | src.data.loader                | Live-month validation failed — data NOT appended. 15 error(s):
2026-05-24 17:50:32 | ERROR    | src.data.loader                |   [YPF] series is entirely NaN (0 rows)
2026-05-24 17:50:32 | ERROR    | src.data.loader                |   [GGAL] series is entirely NaN (0 rows)
2026-05-24 17:50:32 | ERROR    | src.data.loader                |   [BMA] series is entirely NaN (0 rows)
2026-05-24 17:50:32 | ERROR    | src.data.loader                |   [PAM] series is entirely NaN (0 rows)
2026-05-24 17:50:32 | ERROR    | src.data.loader                |   [TGS] series is entirely NaN (0 rows)
2026-05-24 17:50:32 | ERROR    | src.data.loader                |   [CEPU] series is entirely NaN (0 rows)
2026-05-24 17:50:32 | ERROR    | src.data.loader                |   [EDN] series is entirely NaN (0 rows)
2026-05-24 17:50:32 | ERROR    | src.data.loader                |   [LOMA] series is entirely NaN (0 rows)
2026-05-24 17:50:32 | ERROR    | src.data.loader                |   [CRESY] series is entirely NaN (0 rows)
2026-05-24 17:50:32 | ERROR    | src.data.loader                |   [IRS] series is entirely NaN (0 rows)
2026-05-24 17:50:32 | ERROR    | src.data.loader                |   [merval] series is entirely NaN (0 rows)
2026-05-24 17:50:32 | ERROR    | src.data.loader                |   [ccl] series is entirely NaN (0 rows)
2026-05-24 17:50:32 | ERROR    | src.data.loader                |   [ipc] series is entirely NaN (0 rows)
2026-05-24 17:50:32 | ERROR    | src.data.loader                |   [reservas] series is entirely NaN (0 rows)
2026-05-24 17:50:32 | ERROR    | src.data.loader                |   [tc_oficial] series is entirely NaN (0 rows)
2026-05-24 17:50:32 | INFO     | src.features.features          | compute_features: 806 weekly rows | 10 tickers | warm-up = 30 rows
2026-05-24 17:50:32 | WARNING  | src.nlp.nlp                    | Skipping bcra_rem_may_2024.pdf — extraction failed: No module named 'pdfminer'
2026-05-24 17:50:32 | WARNING  | src.nlp.nlp                    | Skipping indec_informa_04_24.pdf — extraction failed: No module named 'pdfminer'
2026-05-24 17:50:34 | INFO     | src.nlp.nlp                    | Loaded from data\news\2024\05 — macro=1 docs, company=54 docs across 10 tickers
2026-05-24 17:50:34 | INFO     | src.utils.utils                | [DONE]  live 2024-05 — 22.61s
2026-05-24 17:50:34 | ERROR    | __main__                       | Month 2024-05 failed (ModuleNotFoundError: No module named 'transformers') — applying carry-forward.
2026-05-24 17:50:34 | ERROR    | __main__                       | No prior allocation to carry forward — month 2024-05 skipped entirely.
2026-05-24 17:50:34 | INFO     | src.utils.utils                | [START] live 2024-06
2026-05-24 17:50:34 | INFO     | src.data.loader                | Starting live-month download: 2026-01-03 → 2024-06-30 (cutoff: 2024-06-30) | tickers: ['YPF', 'GGAL', 'BMA', 'PAM', 'TGS', 'CEPU', 'EDN', 'LOMA', 'CRESY', 'IRS']
2026-05-24 17:50:35 | ERROR    | yfinance                       | $YPF: possibly delisted; no price data found  (1wk 2026-01-03 -> 2024-06-30) (Yahoo error = "Invalid input - start date cannot be after end date. startDate = 1767416400, endDate = 1719720000")
2026-05-24 17:50:35 | WARNING  | src.data.downloader            | [YPF] yfinance returned empty DataFrame
2026-05-24 17:50:37 | ERROR    | yfinance                       | $GGAL: possibly delisted; no price data found  (1wk 2026-01-03 -> 2024-06-30) (Yahoo error = "Invalid input - start date cannot be after end date. startDate = 1767416400, endDate = 1719720000")
2026-05-24 17:50:37 | WARNING  | src.data.downloader            | [GGAL] yfinance returned empty DataFrame
2026-05-24 17:50:38 | ERROR    | yfinance                       | $BMA: possibly delisted; no price data found  (1wk 2026-01-03 -> 2024-06-30) (Yahoo error = "Invalid input - start date cannot be after end date. startDate = 1767416400, endDate = 1719720000")
2026-05-24 17:50:38 | WARNING  | src.data.downloader            | [BMA] yfinance returned empty DataFrame
2026-05-24 17:50:39 | ERROR    | yfinance                       | $PAM: possibly delisted; no price data found  (1wk 2026-01-03 -> 2024-06-30) (Yahoo error = "Invalid input - start date cannot be after end date. startDate = 1767416400, endDate = 1719720000")
2026-05-24 17:50:39 | WARNING  | src.data.downloader            | [PAM] yfinance returned empty DataFrame
2026-05-24 17:50:41 | ERROR    | yfinance                       | $TGS: possibly delisted; no price data found  (1wk 2026-01-03 -> 2024-06-30) (Yahoo error = "Invalid input - start date cannot be after end date. startDate = 1767416400, endDate = 1719720000")
2026-05-24 17:50:41 | WARNING  | src.data.downloader            | [TGS] yfinance returned empty DataFrame
2026-05-24 17:50:42 | ERROR    | yfinance                       | $CEPU: possibly delisted; no price data found  (1wk 2026-01-03 -> 2024-06-30) (Yahoo error = "Invalid input - start date cannot be after end date. startDate = 1767416400, endDate = 1719720000")
2026-05-24 17:50:42 | WARNING  | src.data.downloader            | [CEPU] yfinance returned empty DataFrame
2026-05-24 17:50:43 | ERROR    | yfinance                       | $EDN: possibly delisted; no price data found  (1wk 2026-01-03 -> 2024-06-30) (Yahoo error = "Invalid input - start date cannot be after end date. startDate = 1767416400, endDate = 1719720000")
2026-05-24 17:50:43 | WARNING  | src.data.downloader            | [EDN] yfinance returned empty DataFrame
2026-05-24 17:50:45 | ERROR    | yfinance                       | $LOMA: possibly delisted; no price data found  (1wk 2026-01-03 -> 2024-06-30) (Yahoo error = "Invalid input - start date cannot be after end date. startDate = 1767416400, endDate = 1719720000")
2026-05-24 17:50:45 | WARNING  | src.data.downloader            | [LOMA] yfinance returned empty DataFrame
2026-05-24 17:50:46 | ERROR    | yfinance                       | $CRESY: possibly delisted; no price data found  (1wk 2026-01-03 -> 2024-06-30) (Yahoo error = "Invalid input - start date cannot be after end date. startDate = 1767416400, endDate = 1719720000")
2026-05-24 17:50:46 | WARNING  | src.data.downloader            | [CRESY] yfinance returned empty DataFrame
2026-05-24 17:50:48 | ERROR    | yfinance                       | $IRS: possibly delisted; no price data found  (1wk 2026-01-03 -> 2024-06-30) (Yahoo error = "Invalid input - start date cannot be after end date. startDate = 1767416400, endDate = 1719720000")
2026-05-24 17:50:48 | WARNING  | src.data.downloader            | [IRS] yfinance returned empty DataFrame
2026-05-24 17:50:48 | WARNING  | src.data.downloader            | [YPF] no data downloaded
2026-05-24 17:50:48 | WARNING  | src.data.downloader            | [GGAL] no data downloaded
2026-05-24 17:50:48 | WARNING  | src.data.downloader            | [BMA] no data downloaded
2026-05-24 17:50:48 | WARNING  | src.data.downloader            | [PAM] no data downloaded
2026-05-24 17:50:48 | WARNING  | src.data.downloader            | [TGS] no data downloaded
2026-05-24 17:50:48 | WARNING  | src.data.downloader            | [CEPU] no data downloaded
2026-05-24 17:50:48 | WARNING  | src.data.downloader            | [EDN] no data downloaded
2026-05-24 17:50:48 | WARNING  | src.data.downloader            | [LOMA] no data downloaded
2026-05-24 17:50:48 | WARNING  | src.data.downloader            | [CRESY] no data downloaded
2026-05-24 17:50:48 | WARNING  | src.data.downloader            | [IRS] no data downloaded
2026-05-24 17:50:49 | ERROR    | yfinance                       | $^MERV: possibly delisted; no price data found  (1wk 2026-01-03 -> 2024-06-30) (Yahoo error = "Invalid input - start date cannot be after end date. startDate = 1767409200, endDate = 1719716400")
2026-05-24 17:50:49 | WARNING  | src.data.downloader            | [^MERV] yfinance returned empty DataFrame
2026-05-24 17:50:49 | ERROR    | yfinance                       | $AL30D.BA: possibly delisted; no timezone found
2026-05-24 17:50:49 | WARNING  | src.data.scraper_al30d         | [AL30D.BA] all sources failed and no cache available
2026-05-24 17:50:49 | WARNING  | src.data.scraper_al30d         | sovereign_bond: all sources failed — returning empty series
2026-05-24 17:50:49 | WARNING  | src.data.scraper_ccl           | CCL: all sources failed — returning empty series
2026-05-24 17:50:50 | WARNING  | src.data.scraper_macro         | [macro/ipc] extending last cached value (6297.0960) to fill 2026-01-03 → 2024-06-30
2026-05-24 17:50:51 | WARNING  | src.data.scraper_macro         | [macro/embi] cache has no valid values
2026-05-24 17:50:52 | WARNING  | src.data.scraper_macro         | [macro/reservas] extending last cached value (29491.1333) to fill 2026-01-03 → 2024-06-30
2026-05-24 17:50:53 | WARNING  | src.data.scraper_macro         | [macro/tc_oficial] extending last cached value (930.5000) to fill 2026-01-03 → 2024-06-30
2026-05-24 17:50:53 | INFO     | src.data.validator             | Coverage report [prices]
2026-05-24 17:50:53 | INFO     | src.data.validator             | ----------------------------------------------------------------------------------
2026-05-24 17:50:53 | INFO     | src.data.validator             | asset                 first_date    last_date      rows    nan    nan%  status    
2026-05-24 17:50:53 | INFO     | src.data.validator             | ----------------------------------------------------------------------------------
2026-05-24 17:50:53 | ERROR    | src.data.validator             | YPF                   MISSING       MISSING           0      0  100.00%  ERROR     
2026-05-24 17:50:53 | ERROR    | src.data.validator             | GGAL                  MISSING       MISSING           0      0  100.00%  ERROR     
2026-05-24 17:50:53 | ERROR    | src.data.validator             | BMA                   MISSING       MISSING           0      0  100.00%  ERROR     
2026-05-24 17:50:53 | ERROR    | src.data.validator             | PAM                   MISSING       MISSING           0      0  100.00%  ERROR     
2026-05-24 17:50:53 | ERROR    | src.data.validator             | TGS                   MISSING       MISSING           0      0  100.00%  ERROR     
2026-05-24 17:50:53 | ERROR    | src.data.validator             | CEPU                  MISSING       MISSING           0      0  100.00%  ERROR     
2026-05-24 17:50:53 | ERROR    | src.data.validator             | EDN                   MISSING       MISSING           0      0  100.00%  ERROR     
2026-05-24 17:50:53 | ERROR    | src.data.validator             | LOMA                  MISSING       MISSING           0      0  100.00%  ERROR     
2026-05-24 17:50:53 | ERROR    | src.data.validator             | CRESY                 MISSING       MISSING           0      0  100.00%  ERROR     
2026-05-24 17:50:53 | ERROR    | src.data.validator             | IRS                   MISSING       MISSING           0      0  100.00%  ERROR     
2026-05-24 17:50:53 | ERROR    | src.data.validator             | sovereign_bond        MISSING       MISSING           0      0  100.00%  ERROR     
2026-05-24 17:50:53 | ERROR    | src.data.validator             | merval                MISSING       MISSING           0      0  100.00%  ERROR     
2026-05-24 17:50:53 | ERROR    | src.data.validator             | ccl                   MISSING       MISSING           0      0  100.00%  ERROR     
2026-05-24 17:50:53 | INFO     | src.data.validator             | ----------------------------------------------------------------------------------
2026-05-24 17:50:53 | INFO     | src.data.validator             | Coverage report [macro]
2026-05-24 17:50:53 | INFO     | src.data.validator             | ----------------------------------------------------------------------------------
2026-05-24 17:50:53 | INFO     | src.data.validator             | asset                 first_date    last_date      rows    nan    nan%  status    
2026-05-24 17:50:53 | INFO     | src.data.validator             | ----------------------------------------------------------------------------------
2026-05-24 17:50:53 | ERROR    | src.data.validator             | ipc                   MISSING       MISSING           0      0  100.00%  ERROR     
2026-05-24 17:50:53 | ERROR    | src.data.validator             | embi                  MISSING       MISSING           0      0  100.00%  ERROR     
2026-05-24 17:50:53 | ERROR    | src.data.validator             | reservas              MISSING       MISSING           0      0  100.00%  ERROR     
2026-05-24 17:50:53 | ERROR    | src.data.validator             | tc_oficial            MISSING       MISSING           0      0  100.00%  ERROR     
2026-05-24 17:50:53 | INFO     | src.data.validator             | ----------------------------------------------------------------------------------
2026-05-24 17:50:53 | ERROR    | src.data.loader                | Live-month validation failed — data NOT appended. 15 error(s):
2026-05-24 17:50:53 | ERROR    | src.data.loader                |   [YPF] series is entirely NaN (0 rows)
2026-05-24 17:50:53 | ERROR    | src.data.loader                |   [GGAL] series is entirely NaN (0 rows)
2026-05-24 17:50:53 | ERROR    | src.data.loader                |   [BMA] series is entirely NaN (0 rows)
2026-05-24 17:50:53 | ERROR    | src.data.loader                |   [PAM] series is entirely NaN (0 rows)
2026-05-24 17:50:53 | ERROR    | src.data.loader                |   [TGS] series is entirely NaN (0 rows)
2026-05-24 17:50:53 | ERROR    | src.data.loader                |   [CEPU] series is entirely NaN (0 rows)
2026-05-24 17:50:53 | ERROR    | src.data.loader                |   [EDN] series is entirely NaN (0 rows)
2026-05-24 17:50:53 | ERROR    | src.data.loader                |   [LOMA] series is entirely NaN (0 rows)
2026-05-24 17:50:53 | ERROR    | src.data.loader                |   [CRESY] series is entirely NaN (0 rows)
2026-05-24 17:50:53 | ERROR    | src.data.loader                |   [IRS] series is entirely NaN (0 rows)
2026-05-24 17:50:53 | ERROR    | src.data.loader                |   [merval] series is entirely NaN (0 rows)
2026-05-24 17:50:53 | ERROR    | src.data.loader                |   [ccl] series is entirely NaN (0 rows)
2026-05-24 17:50:53 | ERROR    | src.data.loader                |   [ipc] series is entirely NaN (0 rows)
2026-05-24 17:50:53 | ERROR    | src.data.loader                |   [reservas] series is entirely NaN (0 rows)
2026-05-24 17:50:53 | ERROR    | src.data.loader                |   [tc_oficial] series is entirely NaN (0 rows)
2026-05-24 17:50:53 | INFO     | src.features.features          | compute_features: 810 weekly rows | 10 tickers | warm-up = 30 rows
2026-05-24 17:50:53 | WARNING  | src.nlp.nlp                    | Skipping bcra_rem_jun_2024.pdf — extraction failed: No module named 'pdfminer'
2026-05-24 17:50:54 | WARNING  | src.nlp.nlp                    | Skipping indec_informa_05_24.pdf — extraction failed: No module named 'pdfminer'
2026-05-24 17:50:54 | INFO     | src.nlp.nlp                    | Loaded from data\news\2024\06 — macro=1 docs, company=22 docs across 7 tickers
2026-05-24 17:50:54 | INFO     | src.utils.utils                | [DONE]  live 2024-06 — 20.49s
2026-05-24 17:50:54 | ERROR    | __main__                       | Month 2024-06 failed (ModuleNotFoundError: No module named 'transformers') — applying carry-forward.
2026-05-24 17:50:54 | ERROR    | __main__                       | No prior allocation to carry forward — month 2024-06 skipped entirely.
2026-05-24 17:50:54 | INFO     | src.utils.utils                | [START] live 2024-07
2026-05-24 17:50:54 | INFO     | src.data.loader                | Starting live-month download: 2026-01-03 → 2024-07-31 (cutoff: 2024-07-31) | tickers: ['YPF', 'GGAL', 'BMA', 'PAM', 'TGS', 'CEPU', 'EDN', 'LOMA', 'CRESY', 'IRS']
2026-05-24 17:50:57 | ERROR    | yfinance                       | $YPF: possibly delisted; no price data found  (1wk 2026-01-03 -> 2024-07-31) (Yahoo error = "Invalid input - start date cannot be after end date. startDate = 1767416400, endDate = 1722398400")
2026-05-24 17:50:57 | WARNING  | src.data.downloader            | [YPF] yfinance returned empty DataFrame
2026-05-24 17:50:58 | ERROR    | yfinance                       | $GGAL: possibly delisted; no price data found  (1wk 2026-01-03 -> 2024-07-31) (Yahoo error = "Invalid input - start date cannot be after end date. startDate = 1767416400, endDate = 1722398400")
2026-05-24 17:50:58 | WARNING  | src.data.downloader            | [GGAL] yfinance returned empty DataFrame
2026-05-24 17:50:59 | ERROR    | yfinance                       | $BMA: possibly delisted; no price data found  (1wk 2026-01-03 -> 2024-07-31) (Yahoo error = "Invalid input - start date cannot be after end date. startDate = 1767416400, endDate = 1722398400")
2026-05-24 17:50:59 | WARNING  | src.data.downloader            | [BMA] yfinance returned empty DataFrame
2026-05-24 17:51:01 | ERROR    | yfinance                       | $PAM: possibly delisted; no price data found  (1wk 2026-01-03 -> 2024-07-31) (Yahoo error = "Invalid input - start date cannot be after end date. startDate = 1767416400, endDate = 1722398400")
2026-05-24 17:51:01 | WARNING  | src.data.downloader            | [PAM] yfinance returned empty DataFrame
2026-05-24 17:51:02 | ERROR    | yfinance                       | $TGS: possibly delisted; no price data found  (1wk 2026-01-03 -> 2024-07-31) (Yahoo error = "Invalid input - start date cannot be after end date. startDate = 1767416400, endDate = 1722398400")
2026-05-24 17:51:02 | WARNING  | src.data.downloader            | [TGS] yfinance returned empty DataFrame
2026-05-24 17:51:04 | ERROR    | yfinance                       | $CEPU: possibly delisted; no price data found  (1wk 2026-01-03 -> 2024-07-31) (Yahoo error = "Invalid input - start date cannot be after end date. startDate = 1767416400, endDate = 1722398400")
2026-05-24 17:51:04 | WARNING  | src.data.downloader            | [CEPU] yfinance returned empty DataFrame
2026-05-24 17:51:05 | ERROR    | yfinance                       | $EDN: possibly delisted; no price data found  (1wk 2026-01-03 -> 2024-07-31) (Yahoo error = "Invalid input - start date cannot be after end date. startDate = 1767416400, endDate = 1722398400")
2026-05-24 17:51:05 | WARNING  | src.data.downloader            | [EDN] yfinance returned empty DataFrame
2026-05-24 17:51:07 | ERROR    | yfinance                       | $LOMA: possibly delisted; no price data found  (1wk 2026-01-03 -> 2024-07-31) (Yahoo error = "Invalid input - start date cannot be after end date. startDate = 1767416400, endDate = 1722398400")
2026-05-24 17:51:07 | WARNING  | src.data.downloader            | [LOMA] yfinance returned empty DataFrame
2026-05-24 17:51:08 | ERROR    | yfinance                       | $CRESY: possibly delisted; no price data found  (1wk 2026-01-03 -> 2024-07-31) (Yahoo error = "Invalid input - start date cannot be after end date. startDate = 1767416400, endDate = 1722398400")
2026-05-24 17:51:08 | WARNING  | src.data.downloader            | [CRESY] yfinance returned empty DataFrame
2026-05-24 17:51:09 | ERROR    | yfinance                       | $IRS: possibly delisted; no price data found  (1wk 2026-01-03 -> 2024-07-31) (Yahoo error = "Invalid input - start date cannot be after end date. startDate = 1767416400, endDate = 1722398400")
2026-05-24 17:51:09 | WARNING  | src.data.downloader            | [IRS] yfinance returned empty DataFrame
2026-05-24 17:51:09 | WARNING  | src.data.downloader            | [YPF] no data downloaded
2026-05-24 17:51:09 | WARNING  | src.data.downloader            | [GGAL] no data downloaded
2026-05-24 17:51:09 | WARNING  | src.data.downloader            | [BMA] no data downloaded
2026-05-24 17:51:09 | WARNING  | src.data.downloader            | [PAM] no data downloaded
2026-05-24 17:51:09 | WARNING  | src.data.downloader            | [TGS] no data downloaded
2026-05-24 17:51:09 | WARNING  | src.data.downloader            | [CEPU] no data downloaded
2026-05-24 17:51:09 | WARNING  | src.data.downloader            | [EDN] no data downloaded
2026-05-24 17:51:09 | WARNING  | src.data.downloader            | [LOMA] no data downloaded
2026-05-24 17:51:09 | WARNING  | src.data.downloader            | [CRESY] no data downloaded
2026-05-24 17:51:09 | WARNING  | src.data.downloader            | [IRS] no data downloaded
2026-05-24 17:51:12 | ERROR    | yfinance                       | $^MERV: possibly delisted; no price data found  (1wk 2026-01-03 -> 2024-07-31) (Yahoo error = "Invalid input - start date cannot be after end date. startDate = 1767409200, endDate = 1722394800")
2026-05-24 17:51:12 | WARNING  | src.data.downloader            | [^MERV] yfinance returned empty DataFrame
2026-05-24 17:51:12 | ERROR    | yfinance                       | $AL30D.BA: possibly delisted; no timezone found
2026-05-24 17:51:12 | WARNING  | src.data.scraper_al30d         | [AL30D.BA] all sources failed and no cache available
2026-05-24 17:51:12 | WARNING  | src.data.scraper_al30d         | sovereign_bond: all sources failed — returning empty series
2026-05-24 17:51:12 | WARNING  | src.data.scraper_ccl           | CCL: all sources failed — returning empty series
2026-05-24 17:51:13 | WARNING  | src.data.scraper_macro         | [macro/ipc] extending last cached value (6551.3220) to fill 2026-01-03 → 2024-07-31
2026-05-24 17:51:13 | WARNING  | src.data.scraper_macro         | [macro/embi] cache has no valid values
2026-05-24 17:51:14 | WARNING  | src.data.scraper_macro         | [macro/reservas] extending last cached value (28163.7097) to fill 2026-01-03 → 2024-07-31
2026-05-24 17:51:15 | WARNING  | src.data.scraper_macro         | [macro/tc_oficial] extending last cached value (951.5000) to fill 2026-01-03 → 2024-07-31
2026-05-24 17:51:15 | INFO     | src.data.validator             | Coverage report [prices]
2026-05-24 17:51:15 | INFO     | src.data.validator             | ----------------------------------------------------------------------------------
2026-05-24 17:51:15 | INFO     | src.data.validator             | asset                 first_date    last_date      rows    nan    nan%  status    
2026-05-24 17:51:15 | INFO     | src.data.validator             | ----------------------------------------------------------------------------------
2026-05-24 17:51:15 | ERROR    | src.data.validator             | YPF                   MISSING       MISSING           0      0  100.00%  ERROR     
2026-05-24 17:51:15 | ERROR    | src.data.validator             | GGAL                  MISSING       MISSING           0      0  100.00%  ERROR     
2026-05-24 17:51:15 | ERROR    | src.data.validator             | BMA                   MISSING       MISSING           0      0  100.00%  ERROR     
2026-05-24 17:51:15 | ERROR    | src.data.validator             | PAM                   MISSING       MISSING           0      0  100.00%  ERROR     
2026-05-24 17:51:15 | ERROR    | src.data.validator             | TGS                   MISSING       MISSING           0      0  100.00%  ERROR     
2026-05-24 17:51:15 | ERROR    | src.data.validator             | CEPU                  MISSING       MISSING           0      0  100.00%  ERROR     
2026-05-24 17:51:15 | ERROR    | src.data.validator             | EDN                   MISSING       MISSING           0      0  100.00%  ERROR     
2026-05-24 17:51:15 | ERROR    | src.data.validator             | LOMA                  MISSING       MISSING           0      0  100.00%  ERROR     
2026-05-24 17:51:15 | ERROR    | src.data.validator             | CRESY                 MISSING       MISSING           0      0  100.00%  ERROR     
2026-05-24 17:51:15 | ERROR    | src.data.validator             | IRS                   MISSING       MISSING           0      0  100.00%  ERROR     
2026-05-24 17:51:15 | ERROR    | src.data.validator             | sovereign_bond        MISSING       MISSING           0      0  100.00%  ERROR     
2026-05-24 17:51:15 | ERROR    | src.data.validator             | merval                MISSING       MISSING           0      0  100.00%  ERROR     
2026-05-24 17:51:15 | ERROR    | src.data.validator             | ccl                   MISSING       MISSING           0      0  100.00%  ERROR     
2026-05-24 17:51:15 | INFO     | src.data.validator             | ----------------------------------------------------------------------------------
2026-05-24 17:51:15 | INFO     | src.data.validator             | Coverage report [macro]
2026-05-24 17:51:15 | INFO     | src.data.validator             | ----------------------------------------------------------------------------------
2026-05-24 17:51:15 | INFO     | src.data.validator             | asset                 first_date    last_date      rows    nan    nan%  status    
2026-05-24 17:51:15 | INFO     | src.data.validator             | ----------------------------------------------------------------------------------
2026-05-24 17:51:15 | ERROR    | src.data.validator             | ipc                   MISSING       MISSING           0      0  100.00%  ERROR     
2026-05-24 17:51:15 | ERROR    | src.data.validator             | embi                  MISSING       MISSING           0      0  100.00%  ERROR     
2026-05-24 17:51:15 | ERROR    | src.data.validator             | reservas              MISSING       MISSING           0      0  100.00%  ERROR     
2026-05-24 17:51:15 | ERROR    | src.data.validator             | tc_oficial            MISSING       MISSING           0      0  100.00%  ERROR     
2026-05-24 17:51:15 | INFO     | src.data.validator             | ----------------------------------------------------------------------------------
2026-05-24 17:51:15 | ERROR    | src.data.loader                | Live-month validation failed — data NOT appended. 15 error(s):
2026-05-24 17:51:15 | ERROR    | src.data.loader                |   [YPF] series is entirely NaN (0 rows)
2026-05-24 17:51:15 | ERROR    | src.data.loader                |   [GGAL] series is entirely NaN (0 rows)
2026-05-24 17:51:15 | ERROR    | src.data.loader                |   [BMA] series is entirely NaN (0 rows)
2026-05-24 17:51:15 | ERROR    | src.data.loader                |   [PAM] series is entirely NaN (0 rows)
2026-05-24 17:51:15 | ERROR    | src.data.loader                |   [TGS] series is entirely NaN (0 rows)
2026-05-24 17:51:15 | ERROR    | src.data.loader                |   [CEPU] series is entirely NaN (0 rows)
2026-05-24 17:51:15 | ERROR    | src.data.loader                |   [EDN] series is entirely NaN (0 rows)
2026-05-24 17:51:15 | ERROR    | src.data.loader                |   [LOMA] series is entirely NaN (0 rows)
2026-05-24 17:51:15 | ERROR    | src.data.loader                |   [CRESY] series is entirely NaN (0 rows)
2026-05-24 17:51:15 | ERROR    | src.data.loader                |   [IRS] series is entirely NaN (0 rows)
2026-05-24 17:51:15 | ERROR    | src.data.loader                |   [merval] series is entirely NaN (0 rows)
2026-05-24 17:51:15 | ERROR    | src.data.loader                |   [ccl] series is entirely NaN (0 rows)
2026-05-24 17:51:15 | ERROR    | src.data.loader                |   [ipc] series is entirely NaN (0 rows)
2026-05-24 17:51:15 | ERROR    | src.data.loader                |   [reservas] series is entirely NaN (0 rows)
2026-05-24 17:51:15 | ERROR    | src.data.loader                |   [tc_oficial] series is entirely NaN (0 rows)
2026-05-24 17:51:15 | INFO     | src.features.features          | compute_features: 815 weekly rows | 10 tickers | warm-up = 30 rows
2026-05-24 17:51:15 | WARNING  | src.nlp.nlp                    | Skipping bcra_monetario_jun_2024.pdf — extraction failed: No module named 'pdfminer'
2026-05-24 17:51:15 | WARNING  | src.nlp.nlp                    | Skipping bcra_rem_jul_2024.pdf — extraction failed: No module named 'pdfminer'
2026-05-24 17:51:15 | WARNING  | src.nlp.nlp                    | Skipping indec_informa_06_24.pdf — extraction failed: No module named 'pdfminer'
2026-05-24 17:51:16 | INFO     | src.nlp.nlp                    | Loaded from data\news\2024\07 — macro=1 docs, company=30 docs across 9 tickers
2026-05-24 17:51:16 | INFO     | src.utils.utils                | [DONE]  live 2024-07 — 21.94s
2026-05-24 17:51:16 | ERROR    | __main__                       | Month 2024-07 failed (ModuleNotFoundError: No module named 'transformers') — applying carry-forward.
2026-05-24 17:51:16 | ERROR    | __main__                       | No prior allocation to carry forward — month 2024-07 skipped entirely.
2026-05-24 17:51:16 | INFO     | src.utils.utils                | [START] live 2024-08
2026-05-24 17:51:16 | INFO     | src.data.loader                | Starting live-month download: 2026-01-03 → 2024-08-31 (cutoff: 2024-08-31) | tickers: ['YPF', 'GGAL', 'BMA', 'PAM', 'TGS', 'CEPU', 'EDN', 'LOMA', 'CRESY', 'IRS']
2026-05-24 17:51:18 | ERROR    | yfinance                       | $YPF: possibly delisted; no price data found  (1wk 2026-01-03 -> 2024-08-31) (Yahoo error = "Invalid input - start date cannot be after end date. startDate = 1767416400, endDate = 1725076800")
2026-05-24 17:51:18 | WARNING  | src.data.downloader            | [YPF] yfinance returned empty DataFrame
2026-05-24 17:51:19 | ERROR    | yfinance                       | $GGAL: possibly delisted; no price data found  (1wk 2026-01-03 -> 2024-08-31) (Yahoo error = "Invalid input - start date cannot be after end date. startDate = 1767416400, endDate = 1725076800")
2026-05-24 17:51:19 | WARNING  | src.data.downloader            | [GGAL] yfinance returned empty DataFrame
2026-05-24 17:51:21 | ERROR    | yfinance                       | $BMA: possibly delisted; no price data found  (1wk 2026-01-03 -> 2024-08-31) (Yahoo error = "Invalid input - start date cannot be after end date. startDate = 1767416400, endDate = 1725076800")
2026-05-24 17:51:21 | WARNING  | src.data.downloader            | [BMA] yfinance returned empty DataFrame
2026-05-24 17:51:22 | ERROR    | yfinance                       | $PAM: possibly delisted; no price data found  (1wk 2026-01-03 -> 2024-08-31) (Yahoo error = "Invalid input - start date cannot be after end date. startDate = 1767416400, endDate = 1725076800")
2026-05-24 17:51:22 | WARNING  | src.data.downloader            | [PAM] yfinance returned empty DataFrame
2026-05-24 17:51:23 | ERROR    | yfinance                       | $TGS: possibly delisted; no price data found  (1wk 2026-01-03 -> 2024-08-31) (Yahoo error = "Invalid input - start date cannot be after end date. startDate = 1767416400, endDate = 1725076800")
2026-05-24 17:51:23 | WARNING  | src.data.downloader            | [TGS] yfinance returned empty DataFrame
2026-05-24 17:51:25 | ERROR    | yfinance                       | $CEPU: possibly delisted; no price data found  (1wk 2026-01-03 -> 2024-08-31) (Yahoo error = "Invalid input - start date cannot be after end date. startDate = 1767416400, endDate = 1725076800")
2026-05-24 17:51:25 | WARNING  | src.data.downloader            | [CEPU] yfinance returned empty DataFrame
2026-05-24 17:51:26 | ERROR    | yfinance                       | $EDN: possibly delisted; no price data found  (1wk 2026-01-03 -> 2024-08-31) (Yahoo error = "Invalid input - start date cannot be after end date. startDate = 1767416400, endDate = 1725076800")
2026-05-24 17:51:26 | WARNING  | src.data.downloader            | [EDN] yfinance returned empty DataFrame
2026-05-24 17:51:28 | ERROR    | yfinance                       | $LOMA: possibly delisted; no price data found  (1wk 2026-01-03 -> 2024-08-31) (Yahoo error = "Invalid input - start date cannot be after end date. startDate = 1767416400, endDate = 1725076800")
2026-05-24 17:51:28 | WARNING  | src.data.downloader            | [LOMA] yfinance returned empty DataFrame
2026-05-24 17:51:29 | ERROR    | yfinance                       | $CRESY: possibly delisted; no price data found  (1wk 2026-01-03 -> 2024-08-31) (Yahoo error = "Invalid input - start date cannot be after end date. startDate = 1767416400, endDate = 1725076800")
2026-05-24 17:51:29 | WARNING  | src.data.downloader            | [CRESY] yfinance returned empty DataFrame
2026-05-24 17:51:30 | ERROR    | yfinance                       | $IRS: possibly delisted; no price data found  (1wk 2026-01-03 -> 2024-08-31) (Yahoo error = "Invalid input - start date cannot be after end date. startDate = 1767416400, endDate = 1725076800")
2026-05-24 17:51:30 | WARNING  | src.data.downloader            | [IRS] yfinance returned empty DataFrame
2026-05-24 17:51:30 | WARNING  | src.data.downloader            | [YPF] no data downloaded
2026-05-24 17:51:30 | WARNING  | src.data.downloader            | [GGAL] no data downloaded
2026-05-24 17:51:30 | WARNING  | src.data.downloader            | [BMA] no data downloaded
2026-05-24 17:51:30 | WARNING  | src.data.downloader            | [PAM] no data downloaded
2026-05-24 17:51:30 | WARNING  | src.data.downloader            | [TGS] no data downloaded
2026-05-24 17:51:30 | WARNING  | src.data.downloader            | [CEPU] no data downloaded
2026-05-24 17:51:30 | WARNING  | src.data.downloader            | [EDN] no data downloaded
2026-05-24 17:51:30 | WARNING  | src.data.downloader            | [LOMA] no data downloaded
2026-05-24 17:51:30 | WARNING  | src.data.downloader            | [CRESY] no data downloaded
2026-05-24 17:51:30 | WARNING  | src.data.downloader            | [IRS] no data downloaded
2026-05-24 17:51:32 | ERROR    | yfinance                       | $^MERV: possibly delisted; no price data found  (1wk 2026-01-03 -> 2024-08-31) (Yahoo error = "Invalid input - start date cannot be after end date. startDate = 1767409200, endDate = 1725073200")
2026-05-24 17:51:32 | WARNING  | src.data.downloader            | [^MERV] yfinance returned empty DataFrame
2026-05-24 17:51:32 | ERROR    | yfinance                       | $AL30D.BA: possibly delisted; no timezone found
2026-05-24 17:51:32 | WARNING  | src.data.scraper_al30d         | [AL30D.BA] all sources failed and no cache available
2026-05-24 17:51:32 | WARNING  | src.data.scraper_al30d         | sovereign_bond: all sources failed — returning empty series
2026-05-24 17:51:32 | WARNING  | src.data.scraper_ccl           | CCL: all sources failed — returning empty series
2026-05-24 17:51:34 | WARNING  | src.data.scraper_macro         | [macro/ipc] extending last cached value (6551.3220) to fill 2026-01-03 → 2024-08-31
2026-05-24 17:51:35 | WARNING  | src.data.scraper_macro         | [macro/embi] cache has no valid values
2026-05-24 17:51:35 | WARNING  | src.data.scraper_macro         | [macro/reservas] extending last cached value (28163.7097) to fill 2026-01-03 → 2024-08-31
2026-05-24 17:51:37 | WARNING  | src.data.scraper_macro         | [macro/tc_oficial] extending last cached value (972.0000) to fill 2026-01-03 → 2024-08-31
2026-05-24 17:51:37 | INFO     | src.data.validator             | Coverage report [prices]
2026-05-24 17:51:37 | INFO     | src.data.validator             | ----------------------------------------------------------------------------------
2026-05-24 17:51:37 | INFO     | src.data.validator             | asset                 first_date    last_date      rows    nan    nan%  status    
2026-05-24 17:51:37 | INFO     | src.data.validator             | ----------------------------------------------------------------------------------
2026-05-24 17:51:37 | ERROR    | src.data.validator             | YPF                   MISSING       MISSING           0      0  100.00%  ERROR     
2026-05-24 17:51:37 | ERROR    | src.data.validator             | GGAL                  MISSING       MISSING           0      0  100.00%  ERROR     
2026-05-24 17:51:37 | ERROR    | src.data.validator             | BMA                   MISSING       MISSING           0      0  100.00%  ERROR     
2026-05-24 17:51:37 | ERROR    | src.data.validator             | PAM                   MISSING       MISSING           0      0  100.00%  ERROR     
2026-05-24 17:51:37 | ERROR    | src.data.validator             | TGS                   MISSING       MISSING           0      0  100.00%  ERROR     
2026-05-24 17:51:37 | ERROR    | src.data.validator             | CEPU                  MISSING       MISSING           0      0  100.00%  ERROR     
2026-05-24 17:51:37 | ERROR    | src.data.validator             | EDN                   MISSING       MISSING           0      0  100.00%  ERROR     
2026-05-24 17:51:37 | ERROR    | src.data.validator             | LOMA                  MISSING       MISSING           0      0  100.00%  ERROR     
2026-05-24 17:51:37 | ERROR    | src.data.validator             | CRESY                 MISSING       MISSING           0      0  100.00%  ERROR     
2026-05-24 17:51:37 | ERROR    | src.data.validator             | IRS                   MISSING       MISSING           0      0  100.00%  ERROR     
2026-05-24 17:51:37 | ERROR    | src.data.validator             | sovereign_bond        MISSING       MISSING           0      0  100.00%  ERROR     
2026-05-24 17:51:37 | ERROR    | src.data.validator             | merval                MISSING       MISSING           0      0  100.00%  ERROR     
2026-05-24 17:51:37 | ERROR    | src.data.validator             | ccl                   MISSING       MISSING           0      0  100.00%  ERROR     
2026-05-24 17:51:37 | INFO     | src.data.validator             | ----------------------------------------------------------------------------------
2026-05-24 17:51:37 | INFO     | src.data.validator             | Coverage report [macro]
2026-05-24 17:51:37 | INFO     | src.data.validator             | ----------------------------------------------------------------------------------
2026-05-24 17:51:37 | INFO     | src.data.validator             | asset                 first_date    last_date      rows    nan    nan%  status    
2026-05-24 17:51:37 | INFO     | src.data.validator             | ----------------------------------------------------------------------------------
2026-05-24 17:51:37 | ERROR    | src.data.validator             | ipc                   MISSING       MISSING           0      0  100.00%  ERROR     
2026-05-24 17:51:37 | ERROR    | src.data.validator             | embi                  MISSING       MISSING           0      0  100.00%  ERROR     
2026-05-24 17:51:37 | ERROR    | src.data.validator             | reservas              MISSING       MISSING           0      0  100.00%  ERROR     
2026-05-24 17:51:37 | ERROR    | src.data.validator             | tc_oficial            MISSING       MISSING           0      0  100.00%  ERROR     
2026-05-24 17:51:37 | INFO     | src.data.validator             | ----------------------------------------------------------------------------------
2026-05-24 17:51:37 | ERROR    | src.data.loader                | Live-month validation failed — data NOT appended. 15 error(s):
2026-05-24 17:51:37 | ERROR    | src.data.loader                |   [YPF] series is entirely NaN (0 rows)
2026-05-24 17:51:37 | ERROR    | src.data.loader                |   [GGAL] series is entirely NaN (0 rows)
2026-05-24 17:51:37 | ERROR    | src.data.loader                |   [BMA] series is entirely NaN (0 rows)
2026-05-24 17:51:37 | ERROR    | src.data.loader                |   [PAM] series is entirely NaN (0 rows)
2026-05-24 17:51:37 | ERROR    | src.data.loader                |   [TGS] series is entirely NaN (0 rows)
2026-05-24 17:51:37 | ERROR    | src.data.loader                |   [CEPU] series is entirely NaN (0 rows)
2026-05-24 17:51:37 | ERROR    | src.data.loader                |   [EDN] series is entirely NaN (0 rows)
2026-05-24 17:51:37 | ERROR    | src.data.loader                |   [LOMA] series is entirely NaN (0 rows)
2026-05-24 17:51:37 | ERROR    | src.data.loader                |   [CRESY] series is entirely NaN (0 rows)
2026-05-24 17:51:37 | ERROR    | src.data.loader                |   [IRS] series is entirely NaN (0 rows)
2026-05-24 17:51:37 | ERROR    | src.data.loader                |   [merval] series is entirely NaN (0 rows)
2026-05-24 17:51:37 | ERROR    | src.data.loader                |   [ccl] series is entirely NaN (0 rows)
2026-05-24 17:51:37 | ERROR    | src.data.loader                |   [ipc] series is entirely NaN (0 rows)
2026-05-24 17:51:37 | ERROR    | src.data.loader                |   [reservas] series is entirely NaN (0 rows)
2026-05-24 17:51:37 | ERROR    | src.data.loader                |   [tc_oficial] series is entirely NaN (0 rows)
2026-05-24 17:51:37 | INFO     | src.features.features          | compute_features: 819 weekly rows | 10 tickers | warm-up = 30 rows
2026-05-24 17:51:37 | WARNING  | src.nlp.nlp                    | Skipping bcra_monetario_jul_2024.pdf — extraction failed: No module named 'pdfminer'
2026-05-24 17:51:37 | WARNING  | src.nlp.nlp                    | Skipping bcra_rem_ago_2024.pdf — extraction failed: No module named 'pdfminer'
2026-05-24 17:51:37 | WARNING  | src.nlp.nlp                    | Skipping indec_informa_07_24.pdf — extraction failed: No module named 'pdfminer'
2026-05-24 17:51:39 | INFO     | src.nlp.nlp                    | Loaded from data\news\2024\08 — macro=0 docs, company=61 docs across 10 tickers
2026-05-24 17:51:39 | INFO     | src.utils.utils                | [DONE]  live 2024-08 — 22.41s
2026-05-24 17:51:39 | ERROR    | __main__                       | Month 2024-08 failed (ModuleNotFoundError: No module named 'transformers') — applying carry-forward.
2026-05-24 17:51:39 | ERROR    | __main__                       | No prior allocation to carry forward — month 2024-08 skipped entirely.
2026-05-24 17:51:39 | INFO     | src.utils.utils                | [START] live 2024-09
2026-05-24 17:51:39 | INFO     | src.data.loader                | Starting live-month download: 2026-01-03 → 2024-09-30 (cutoff: 2024-09-30) | tickers: ['YPF', 'GGAL', 'BMA', 'PAM', 'TGS', 'CEPU', 'EDN', 'LOMA', 'CRESY', 'IRS']
2026-05-24 17:51:40 | ERROR    | yfinance                       | $YPF: possibly delisted; no price data found  (1wk 2026-01-03 -> 2024-09-30) (Yahoo error = "Invalid input - start date cannot be after end date. startDate = 1767416400, endDate = 1727668800")
2026-05-24 17:51:40 | WARNING  | src.data.downloader            | [YPF] yfinance returned empty DataFrame
2026-05-24 17:51:42 | ERROR    | yfinance                       | $GGAL: possibly delisted; no price data found  (1wk 2026-01-03 -> 2024-09-30) (Yahoo error = "Invalid input - start date cannot be after end date. startDate = 1767416400, endDate = 1727668800")
2026-05-24 17:51:42 | WARNING  | src.data.downloader            | [GGAL] yfinance returned empty DataFrame
2026-05-24 17:51:43 | ERROR    | yfinance                       | $BMA: possibly delisted; no price data found  (1wk 2026-01-03 -> 2024-09-30) (Yahoo error = "Invalid input - start date cannot be after end date. startDate = 1767416400, endDate = 1727668800")
2026-05-24 17:51:43 | WARNING  | src.data.downloader            | [BMA] yfinance returned empty DataFrame
2026-05-24 17:51:44 | ERROR    | yfinance                       | $PAM: possibly delisted; no price data found  (1wk 2026-01-03 -> 2024-09-30) (Yahoo error = "Invalid input - start date cannot be after end date. startDate = 1767416400, endDate = 1727668800")
2026-05-24 17:51:44 | WARNING  | src.data.downloader            | [PAM] yfinance returned empty DataFrame
2026-05-24 17:51:46 | ERROR    | yfinance                       | $TGS: possibly delisted; no price data found  (1wk 2026-01-03 -> 2024-09-30) (Yahoo error = "Invalid input - start date cannot be after end date. startDate = 1767416400, endDate = 1727668800")
2026-05-24 17:51:46 | WARNING  | src.data.downloader            | [TGS] yfinance returned empty DataFrame
2026-05-24 17:51:47 | ERROR    | yfinance                       | $CEPU: possibly delisted; no price data found  (1wk 2026-01-03 -> 2024-09-30) (Yahoo error = "Invalid input - start date cannot be after end date. startDate = 1767416400, endDate = 1727668800")
2026-05-24 17:51:47 | WARNING  | src.data.downloader            | [CEPU] yfinance returned empty DataFrame
2026-05-24 17:51:48 | ERROR    | yfinance                       | $EDN: possibly delisted; no price data found  (1wk 2026-01-03 -> 2024-09-30) (Yahoo error = "Invalid input - start date cannot be after end date. startDate = 1767416400, endDate = 1727668800")
2026-05-24 17:51:48 | WARNING  | src.data.downloader            | [EDN] yfinance returned empty DataFrame
2026-05-24 17:51:50 | ERROR    | yfinance                       | $LOMA: possibly delisted; no price data found  (1wk 2026-01-03 -> 2024-09-30) (Yahoo error = "Invalid input - start date cannot be after end date. startDate = 1767416400, endDate = 1727668800")
2026-05-24 17:51:50 | WARNING  | src.data.downloader            | [LOMA] yfinance returned empty DataFrame
2026-05-24 17:51:51 | ERROR    | yfinance                       | $CRESY: possibly delisted; no price data found  (1wk 2026-01-03 -> 2024-09-30) (Yahoo error = "Invalid input - start date cannot be after end date. startDate = 1767416400, endDate = 1727668800")
2026-05-24 17:51:51 | WARNING  | src.data.downloader            | [CRESY] yfinance returned empty DataFrame
2026-05-24 17:51:52 | ERROR    | yfinance                       | $IRS: possibly delisted; no price data found  (1wk 2026-01-03 -> 2024-09-30) (Yahoo error = "Invalid input - start date cannot be after end date. startDate = 1767416400, endDate = 1727668800")
2026-05-24 17:51:52 | WARNING  | src.data.downloader            | [IRS] yfinance returned empty DataFrame
2026-05-24 17:51:52 | WARNING  | src.data.downloader            | [YPF] no data downloaded
2026-05-24 17:51:52 | WARNING  | src.data.downloader            | [GGAL] no data downloaded
2026-05-24 17:51:52 | WARNING  | src.data.downloader            | [BMA] no data downloaded
2026-05-24 17:51:52 | WARNING  | src.data.downloader            | [PAM] no data downloaded
2026-05-24 17:51:52 | WARNING  | src.data.downloader            | [TGS] no data downloaded
2026-05-24 17:51:52 | WARNING  | src.data.downloader            | [CEPU] no data downloaded
2026-05-24 17:51:52 | WARNING  | src.data.downloader            | [EDN] no data downloaded
2026-05-24 17:51:52 | WARNING  | src.data.downloader            | [LOMA] no data downloaded
2026-05-24 17:51:52 | WARNING  | src.data.downloader            | [CRESY] no data downloaded
2026-05-24 17:51:52 | WARNING  | src.data.downloader            | [IRS] no data downloaded
2026-05-24 17:51:54 | ERROR    | yfinance                       | $^MERV: possibly delisted; no price data found  (1wk 2026-01-03 -> 2024-09-30) (Yahoo error = "Invalid input - start date cannot be after end date. startDate = 1767409200, endDate = 1727665200")
2026-05-24 17:51:54 | WARNING  | src.data.downloader            | [^MERV] yfinance returned empty DataFrame
2026-05-24 17:51:54 | ERROR    | yfinance                       | $AL30D.BA: possibly delisted; no timezone found
2026-05-24 17:51:54 | WARNING  | src.data.scraper_al30d         | [AL30D.BA] all sources failed and no cache available
2026-05-24 17:51:54 | WARNING  | src.data.scraper_al30d         | sovereign_bond: all sources failed — returning empty series
2026-05-24 17:51:54 | WARNING  | src.data.scraper_ccl           | CCL: all sources failed — returning empty series
2026-05-24 17:51:55 | WARNING  | src.data.scraper_macro         | [macro/ipc] extending last cached value (7076.0410) to fill 2026-01-03 → 2024-09-30
2026-05-24 17:51:55 | WARNING  | src.data.scraper_macro         | [macro/embi] cache has no valid values
2026-05-24 17:51:56 | WARNING  | src.data.scraper_macro         | [macro/reservas] extending last cached value (27580.8333) to fill 2026-01-03 → 2024-09-30
2026-05-24 17:51:57 | WARNING  | src.data.scraper_macro         | [macro/tc_oficial] extending last cached value (990.0000) to fill 2026-01-03 → 2024-09-30
2026-05-24 17:51:57 | INFO     | src.data.validator             | Coverage report [prices]
2026-05-24 17:51:57 | INFO     | src.data.validator             | ----------------------------------------------------------------------------------
2026-05-24 17:51:57 | INFO     | src.data.validator             | asset                 first_date    last_date      rows    nan    nan%  status    
2026-05-24 17:51:57 | INFO     | src.data.validator             | ----------------------------------------------------------------------------------
2026-05-24 17:51:57 | ERROR    | src.data.validator             | YPF                   MISSING       MISSING           0      0  100.00%  ERROR     
2026-05-24 17:51:57 | ERROR    | src.data.validator             | GGAL                  MISSING       MISSING           0      0  100.00%  ERROR     
2026-05-24 17:51:57 | ERROR    | src.data.validator             | BMA                   MISSING       MISSING           0      0  100.00%  ERROR     
2026-05-24 17:51:57 | ERROR    | src.data.validator             | PAM                   MISSING       MISSING           0      0  100.00%  ERROR     
2026-05-24 17:51:57 | ERROR    | src.data.validator             | TGS                   MISSING       MISSING           0      0  100.00%  ERROR     
2026-05-24 17:51:57 | ERROR    | src.data.validator             | CEPU                  MISSING       MISSING           0      0  100.00%  ERROR     
2026-05-24 17:51:57 | ERROR    | src.data.validator             | EDN                   MISSING       MISSING           0      0  100.00%  ERROR     
2026-05-24 17:51:57 | ERROR    | src.data.validator             | LOMA                  MISSING       MISSING           0      0  100.00%  ERROR     
2026-05-24 17:51:57 | ERROR    | src.data.validator             | CRESY                 MISSING       MISSING           0      0  100.00%  ERROR     
2026-05-24 17:51:57 | ERROR    | src.data.validator             | IRS                   MISSING       MISSING           0      0  100.00%  ERROR     
2026-05-24 17:51:57 | ERROR    | src.data.validator             | sovereign_bond        MISSING       MISSING           0      0  100.00%  ERROR     
2026-05-24 17:51:57 | ERROR    | src.data.validator             | merval                MISSING       MISSING           0      0  100.00%  ERROR     
2026-05-24 17:51:57 | ERROR    | src.data.validator             | ccl                   MISSING       MISSING           0      0  100.00%  ERROR     
2026-05-24 17:51:57 | INFO     | src.data.validator             | ----------------------------------------------------------------------------------
2026-05-24 17:51:57 | INFO     | src.data.validator             | Coverage report [macro]
2026-05-24 17:51:57 | INFO     | src.data.validator             | ----------------------------------------------------------------------------------
2026-05-24 17:51:57 | INFO     | src.data.validator             | asset                 first_date    last_date      rows    nan    nan%  status    
2026-05-24 17:51:57 | INFO     | src.data.validator             | ----------------------------------------------------------------------------------
2026-05-24 17:51:57 | ERROR    | src.data.validator             | ipc                   MISSING       MISSING           0      0  100.00%  ERROR     
2026-05-24 17:51:57 | ERROR    | src.data.validator             | embi                  MISSING       MISSING           0      0  100.00%  ERROR     
2026-05-24 17:51:57 | ERROR    | src.data.validator             | reservas              MISSING       MISSING           0      0  100.00%  ERROR     
2026-05-24 17:51:57 | ERROR    | src.data.validator             | tc_oficial            MISSING       MISSING           0      0  100.00%  ERROR     
2026-05-24 17:51:57 | INFO     | src.data.validator             | ----------------------------------------------------------------------------------
2026-05-24 17:51:57 | ERROR    | src.data.loader                | Live-month validation failed — data NOT appended. 15 error(s):
2026-05-24 17:51:57 | ERROR    | src.data.loader                |   [YPF] series is entirely NaN (0 rows)
2026-05-24 17:51:57 | ERROR    | src.data.loader                |   [GGAL] series is entirely NaN (0 rows)
2026-05-24 17:51:57 | ERROR    | src.data.loader                |   [BMA] series is entirely NaN (0 rows)
2026-05-24 17:51:57 | ERROR    | src.data.loader                |   [PAM] series is entirely NaN (0 rows)
2026-05-24 17:51:57 | ERROR    | src.data.loader                |   [TGS] series is entirely NaN (0 rows)
2026-05-24 17:51:57 | ERROR    | src.data.loader                |   [CEPU] series is entirely NaN (0 rows)
2026-05-24 17:51:57 | ERROR    | src.data.loader                |   [EDN] series is entirely NaN (0 rows)
2026-05-24 17:51:57 | ERROR    | src.data.loader                |   [LOMA] series is entirely NaN (0 rows)
2026-05-24 17:51:57 | ERROR    | src.data.loader                |   [CRESY] series is entirely NaN (0 rows)
2026-05-24 17:51:57 | ERROR    | src.data.loader                |   [IRS] series is entirely NaN (0 rows)
2026-05-24 17:51:57 | ERROR    | src.data.loader                |   [merval] series is entirely NaN (0 rows)
2026-05-24 17:51:57 | ERROR    | src.data.loader                |   [ccl] series is entirely NaN (0 rows)
2026-05-24 17:51:57 | ERROR    | src.data.loader                |   [ipc] series is entirely NaN (0 rows)
2026-05-24 17:51:57 | ERROR    | src.data.loader                |   [reservas] series is entirely NaN (0 rows)
2026-05-24 17:51:57 | ERROR    | src.data.loader                |   [tc_oficial] series is entirely NaN (0 rows)
2026-05-24 17:51:57 | INFO     | src.features.features          | compute_features: 824 weekly rows | 10 tickers | warm-up = 30 rows
2026-05-24 17:51:57 | WARNING  | src.nlp.nlp                    | Skipping bcra_monetario_ago_2024.pdf — extraction failed: No module named 'pdfminer'
2026-05-24 17:51:57 | WARNING  | src.nlp.nlp                    | Skipping bcra_rem_sep_2024.pdf — extraction failed: No module named 'pdfminer'
2026-05-24 17:51:57 | WARNING  | src.nlp.nlp                    | Skipping indec_informa_08_24.pdf — extraction failed: No module named 'pdfminer'
2026-05-24 17:51:58 | INFO     | src.nlp.nlp                    | Loaded from data\news\2024\09 — macro=1 docs, company=32 docs across 10 tickers
2026-05-24 17:51:58 | INFO     | src.utils.utils                | [DONE]  live 2024-09 — 19.62s
2026-05-24 17:51:58 | ERROR    | __main__                       | Month 2024-09 failed (ModuleNotFoundError: No module named 'transformers') — applying carry-forward.
2026-05-24 17:51:58 | ERROR    | __main__                       | No prior allocation to carry forward — month 2024-09 skipped entirely.
2026-05-24 17:51:58 | INFO     | src.utils.utils                | [START] live 2024-10
2026-05-24 17:51:58 | INFO     | src.data.loader                | Starting live-month download: 2026-01-03 → 2024-10-31 (cutoff: 2024-10-31) | tickers: ['YPF', 'GGAL', 'BMA', 'PAM', 'TGS', 'CEPU', 'EDN', 'LOMA', 'CRESY', 'IRS']
2026-05-24 17:52:00 | ERROR    | yfinance                       | $YPF: possibly delisted; no price data found  (1wk 2026-01-03 -> 2024-10-31) (Yahoo error = "Invalid input - start date cannot be after end date. startDate = 1767416400, endDate = 1730347200")
2026-05-24 17:52:00 | WARNING  | src.data.downloader            | [YPF] yfinance returned empty DataFrame
2026-05-24 17:52:01 | ERROR    | yfinance                       | $GGAL: possibly delisted; no price data found  (1wk 2026-01-03 -> 2024-10-31) (Yahoo error = "Invalid input - start date cannot be after end date. startDate = 1767416400, endDate = 1730347200")
2026-05-24 17:52:01 | WARNING  | src.data.downloader            | [GGAL] yfinance returned empty DataFrame
2026-05-24 17:52:03 | ERROR    | yfinance                       | $BMA: possibly delisted; no price data found  (1wk 2026-01-03 -> 2024-10-31) (Yahoo error = "Invalid input - start date cannot be after end date. startDate = 1767416400, endDate = 1730347200")
2026-05-24 17:52:03 | WARNING  | src.data.downloader            | [BMA] yfinance returned empty DataFrame
2026-05-24 17:52:04 | ERROR    | yfinance                       | $PAM: possibly delisted; no price data found  (1wk 2026-01-03 -> 2024-10-31) (Yahoo error = "Invalid input - start date cannot be after end date. startDate = 1767416400, endDate = 1730347200")
2026-05-24 17:52:04 | WARNING  | src.data.downloader            | [PAM] yfinance returned empty DataFrame
2026-05-24 17:52:05 | ERROR    | yfinance                       | $TGS: possibly delisted; no price data found  (1wk 2026-01-03 -> 2024-10-31) (Yahoo error = "Invalid input - start date cannot be after end date. startDate = 1767416400, endDate = 1730347200")
2026-05-24 17:52:05 | WARNING  | src.data.downloader            | [TGS] yfinance returned empty DataFrame
2026-05-24 17:52:07 | ERROR    | yfinance                       | $CEPU: possibly delisted; no price data found  (1wk 2026-01-03 -> 2024-10-31) (Yahoo error = "Invalid input - start date cannot be after end date. startDate = 1767416400, endDate = 1730347200")
2026-05-24 17:52:07 | WARNING  | src.data.downloader            | [CEPU] yfinance returned empty DataFrame
2026-05-24 17:52:08 | ERROR    | yfinance                       | $EDN: possibly delisted; no price data found  (1wk 2026-01-03 -> 2024-10-31) (Yahoo error = "Invalid input - start date cannot be after end date. startDate = 1767416400, endDate = 1730347200")
2026-05-24 17:52:08 | WARNING  | src.data.downloader            | [EDN] yfinance returned empty DataFrame
2026-05-24 17:52:10 | ERROR    | yfinance                       | $LOMA: possibly delisted; no price data found  (1wk 2026-01-03 -> 2024-10-31) (Yahoo error = "Invalid input - start date cannot be after end date. startDate = 1767416400, endDate = 1730347200")
2026-05-24 17:52:10 | WARNING  | src.data.downloader            | [LOMA] yfinance returned empty DataFrame
2026-05-24 17:52:11 | ERROR    | yfinance                       | $CRESY: possibly delisted; no price data found  (1wk 2026-01-03 -> 2024-10-31) (Yahoo error = "Invalid input - start date cannot be after end date. startDate = 1767416400, endDate = 1730347200")
2026-05-24 17:52:11 | WARNING  | src.data.downloader            | [CRESY] yfinance returned empty DataFrame
2026-05-24 17:52:13 | ERROR    | yfinance                       | $IRS: possibly delisted; no price data found  (1wk 2026-01-03 -> 2024-10-31) (Yahoo error = "Invalid input - start date cannot be after end date. startDate = 1767416400, endDate = 1730347200")
2026-05-24 17:52:13 | WARNING  | src.data.downloader            | [IRS] yfinance returned empty DataFrame
2026-05-24 17:52:13 | WARNING  | src.data.downloader            | [YPF] no data downloaded
2026-05-24 17:52:13 | WARNING  | src.data.downloader            | [GGAL] no data downloaded
2026-05-24 17:52:13 | WARNING  | src.data.downloader            | [BMA] no data downloaded
2026-05-24 17:52:13 | WARNING  | src.data.downloader            | [PAM] no data downloaded
2026-05-24 17:52:13 | WARNING  | src.data.downloader            | [TGS] no data downloaded
2026-05-24 17:52:13 | WARNING  | src.data.downloader            | [CEPU] no data downloaded
2026-05-24 17:52:13 | WARNING  | src.data.downloader            | [EDN] no data downloaded
2026-05-24 17:52:13 | WARNING  | src.data.downloader            | [LOMA] no data downloaded
2026-05-24 17:52:13 | WARNING  | src.data.downloader            | [CRESY] no data downloaded
2026-05-24 17:52:13 | WARNING  | src.data.downloader            | [IRS] no data downloaded
2026-05-24 17:52:14 | ERROR    | yfinance                       | $^MERV: possibly delisted; no price data found  (1wk 2026-01-03 -> 2024-10-31) (Yahoo error = "Invalid input - start date cannot be after end date. startDate = 1767409200, endDate = 1730343600")
2026-05-24 17:52:14 | WARNING  | src.data.downloader            | [^MERV] yfinance returned empty DataFrame
2026-05-24 17:52:14 | ERROR    | yfinance                       | $AL30D.BA: possibly delisted; no timezone found
2026-05-24 17:52:14 | WARNING  | src.data.scraper_al30d         | [AL30D.BA] all sources failed and no cache available
2026-05-24 17:52:14 | WARNING  | src.data.scraper_al30d         | sovereign_bond: all sources failed — returning empty series
2026-05-24 17:52:14 | WARNING  | src.data.scraper_ccl           | CCL: all sources failed — returning empty series
2026-05-24 17:52:15 | WARNING  | src.data.scraper_macro         | [macro/ipc] extending last cached value (7275.6042) to fill 2026-01-03 → 2024-10-31
2026-05-24 17:52:16 | WARNING  | src.data.scraper_macro         | [macro/embi] cache has no valid values
2026-05-24 17:52:16 | WARNING  | src.data.scraper_macro         | [macro/reservas] extending last cached value (28706.3548) to fill 2026-01-03 → 2024-10-31
2026-05-24 17:52:18 | WARNING  | src.data.scraper_macro         | [macro/tc_oficial] extending last cached value (1011.5000) to fill 2026-01-03 → 2024-10-31
2026-05-24 17:52:18 | INFO     | src.data.validator             | Coverage report [prices]
2026-05-24 17:52:18 | INFO     | src.data.validator             | ----------------------------------------------------------------------------------
2026-05-24 17:52:18 | INFO     | src.data.validator             | asset                 first_date    last_date      rows    nan    nan%  status    
2026-05-24 17:52:18 | INFO     | src.data.validator             | ----------------------------------------------------------------------------------
2026-05-24 17:52:18 | ERROR    | src.data.validator             | YPF                   MISSING       MISSING           0      0  100.00%  ERROR     
2026-05-24 17:52:18 | ERROR    | src.data.validator             | GGAL                  MISSING       MISSING           0      0  100.00%  ERROR     
2026-05-24 17:52:18 | ERROR    | src.data.validator             | BMA                   MISSING       MISSING           0      0  100.00%  ERROR     
2026-05-24 17:52:18 | ERROR    | src.data.validator             | PAM                   MISSING       MISSING           0      0  100.00%  ERROR     
2026-05-24 17:52:18 | ERROR    | src.data.validator             | TGS                   MISSING       MISSING           0      0  100.00%  ERROR     
2026-05-24 17:52:18 | ERROR    | src.data.validator             | CEPU                  MISSING       MISSING           0      0  100.00%  ERROR     
2026-05-24 17:52:18 | ERROR    | src.data.validator             | EDN                   MISSING       MISSING           0      0  100.00%  ERROR     
2026-05-24 17:52:18 | ERROR    | src.data.validator             | LOMA                  MISSING       MISSING           0      0  100.00%  ERROR     
2026-05-24 17:52:18 | ERROR    | src.data.validator             | CRESY                 MISSING       MISSING           0      0  100.00%  ERROR     
2026-05-24 17:52:18 | ERROR    | src.data.validator             | IRS                   MISSING       MISSING           0      0  100.00%  ERROR     
2026-05-24 17:52:18 | ERROR    | src.data.validator             | sovereign_bond        MISSING       MISSING           0      0  100.00%  ERROR     
2026-05-24 17:52:18 | ERROR    | src.data.validator             | merval                MISSING       MISSING           0      0  100.00%  ERROR     
2026-05-24 17:52:18 | ERROR    | src.data.validator             | ccl                   MISSING       MISSING           0      0  100.00%  ERROR     
2026-05-24 17:52:18 | INFO     | src.data.validator             | ----------------------------------------------------------------------------------
2026-05-24 17:52:18 | INFO     | src.data.validator             | Coverage report [macro]
2026-05-24 17:52:18 | INFO     | src.data.validator             | ----------------------------------------------------------------------------------
2026-05-24 17:52:18 | INFO     | src.data.validator             | asset                 first_date    last_date      rows    nan    nan%  status    
2026-05-24 17:52:18 | INFO     | src.data.validator             | ----------------------------------------------------------------------------------
2026-05-24 17:52:18 | ERROR    | src.data.validator             | ipc                   MISSING       MISSING           0      0  100.00%  ERROR     
2026-05-24 17:52:18 | ERROR    | src.data.validator             | embi                  MISSING       MISSING           0      0  100.00%  ERROR     
2026-05-24 17:52:18 | ERROR    | src.data.validator             | reservas              MISSING       MISSING           0      0  100.00%  ERROR     
2026-05-24 17:52:18 | ERROR    | src.data.validator             | tc_oficial            MISSING       MISSING           0      0  100.00%  ERROR     
2026-05-24 17:52:18 | INFO     | src.data.validator             | ----------------------------------------------------------------------------------
2026-05-24 17:52:18 | ERROR    | src.data.loader                | Live-month validation failed — data NOT appended. 15 error(s):
2026-05-24 17:52:18 | ERROR    | src.data.loader                |   [YPF] series is entirely NaN (0 rows)
2026-05-24 17:52:18 | ERROR    | src.data.loader                |   [GGAL] series is entirely NaN (0 rows)
2026-05-24 17:52:18 | ERROR    | src.data.loader                |   [BMA] series is entirely NaN (0 rows)
2026-05-24 17:52:18 | ERROR    | src.data.loader                |   [PAM] series is entirely NaN (0 rows)
2026-05-24 17:52:18 | ERROR    | src.data.loader                |   [TGS] series is entirely NaN (0 rows)
2026-05-24 17:52:18 | ERROR    | src.data.loader                |   [CEPU] series is entirely NaN (0 rows)
2026-05-24 17:52:18 | ERROR    | src.data.loader                |   [EDN] series is entirely NaN (0 rows)
2026-05-24 17:52:18 | ERROR    | src.data.loader                |   [LOMA] series is entirely NaN (0 rows)
2026-05-24 17:52:18 | ERROR    | src.data.loader                |   [CRESY] series is entirely NaN (0 rows)
2026-05-24 17:52:18 | ERROR    | src.data.loader                |   [IRS] series is entirely NaN (0 rows)
2026-05-24 17:52:18 | ERROR    | src.data.loader                |   [merval] series is entirely NaN (0 rows)
2026-05-24 17:52:18 | ERROR    | src.data.loader                |   [ccl] series is entirely NaN (0 rows)
2026-05-24 17:52:18 | ERROR    | src.data.loader                |   [ipc] series is entirely NaN (0 rows)
2026-05-24 17:52:18 | ERROR    | src.data.loader                |   [reservas] series is entirely NaN (0 rows)
2026-05-24 17:52:18 | ERROR    | src.data.loader                |   [tc_oficial] series is entirely NaN (0 rows)
2026-05-24 17:52:18 | INFO     | src.features.features          | compute_features: 828 weekly rows | 10 tickers | warm-up = 30 rows
2026-05-24 17:52:18 | WARNING  | src.nlp.nlp                    | Skipping bcra_monetario_sep_2024.pdf — extraction failed: No module named 'pdfminer'
2026-05-24 17:52:18 | WARNING  | src.nlp.nlp                    | Skipping bcra_rem_oct_2024.pdf — extraction failed: No module named 'pdfminer'
2026-05-24 17:52:18 | WARNING  | src.nlp.nlp                    | Skipping indec_informa_09_24.pdf — extraction failed: No module named 'pdfminer'
2026-05-24 17:52:19 | INFO     | src.nlp.nlp                    | Loaded from data\news\2024\10 — macro=0 docs, company=31 docs across 10 tickers
2026-05-24 17:52:19 | INFO     | src.utils.utils                | [DONE]  live 2024-10 — 20.85s
2026-05-24 17:52:19 | ERROR    | __main__                       | Month 2024-10 failed (ModuleNotFoundError: No module named 'transformers') — applying carry-forward.
2026-05-24 17:52:19 | ERROR    | __main__                       | No prior allocation to carry forward — month 2024-10 skipped entirely.
2026-05-24 17:52:19 | INFO     | src.utils.utils                | [START] live 2024-11
2026-05-24 17:52:19 | INFO     | src.data.loader                | Starting live-month download: 2026-01-03 → 2024-11-30 (cutoff: 2024-11-30) | tickers: ['YPF', 'GGAL', 'BMA', 'PAM', 'TGS', 'CEPU', 'EDN', 'LOMA', 'CRESY', 'IRS']
2026-05-24 17:52:21 | ERROR    | yfinance                       | $YPF: possibly delisted; no price data found  (1wk 2026-01-03 -> 2024-11-30) (Yahoo error = "Invalid input - start date cannot be after end date. startDate = 1767416400, endDate = 1732942800")
2026-05-24 17:52:21 | WARNING  | src.data.downloader            | [YPF] yfinance returned empty DataFrame
2026-05-24 17:52:22 | ERROR    | yfinance                       | $GGAL: possibly delisted; no price data found  (1wk 2026-01-03 -> 2024-11-30) (Yahoo error = "Invalid input - start date cannot be after end date. startDate = 1767416400, endDate = 1732942800")
2026-05-24 17:52:22 | WARNING  | src.data.downloader            | [GGAL] yfinance returned empty DataFrame
2026-05-24 17:52:23 | ERROR    | yfinance                       | $BMA: possibly delisted; no price data found  (1wk 2026-01-03 -> 2024-11-30) (Yahoo error = "Invalid input - start date cannot be after end date. startDate = 1767416400, endDate = 1732942800")
2026-05-24 17:52:23 | WARNING  | src.data.downloader            | [BMA] yfinance returned empty DataFrame
2026-05-24 17:52:25 | ERROR    | yfinance                       | $PAM: possibly delisted; no price data found  (1wk 2026-01-03 -> 2024-11-30) (Yahoo error = "Invalid input - start date cannot be after end date. startDate = 1767416400, endDate = 1732942800")
2026-05-24 17:52:25 | WARNING  | src.data.downloader            | [PAM] yfinance returned empty DataFrame
2026-05-24 17:52:26 | ERROR    | yfinance                       | $TGS: possibly delisted; no price data found  (1wk 2026-01-03 -> 2024-11-30) (Yahoo error = "Invalid input - start date cannot be after end date. startDate = 1767416400, endDate = 1732942800")
2026-05-24 17:52:26 | WARNING  | src.data.downloader            | [TGS] yfinance returned empty DataFrame
2026-05-24 17:52:28 | ERROR    | yfinance                       | $CEPU: possibly delisted; no price data found  (1wk 2026-01-03 -> 2024-11-30) (Yahoo error = "Invalid input - start date cannot be after end date. startDate = 1767416400, endDate = 1732942800")
2026-05-24 17:52:28 | WARNING  | src.data.downloader            | [CEPU] yfinance returned empty DataFrame
2026-05-24 17:52:29 | ERROR    | yfinance                       | $EDN: possibly delisted; no price data found  (1wk 2026-01-03 -> 2024-11-30) (Yahoo error = "Invalid input - start date cannot be after end date. startDate = 1767416400, endDate = 1732942800")
2026-05-24 17:52:29 | WARNING  | src.data.downloader            | [EDN] yfinance returned empty DataFrame
2026-05-24 17:52:31 | ERROR    | yfinance                       | $LOMA: possibly delisted; no price data found  (1wk 2026-01-03 -> 2024-11-30) (Yahoo error = "Invalid input - start date cannot be after end date. startDate = 1767416400, endDate = 1732942800")
2026-05-24 17:52:31 | WARNING  | src.data.downloader            | [LOMA] yfinance returned empty DataFrame
2026-05-24 17:52:32 | ERROR    | yfinance                       | $CRESY: possibly delisted; no price data found  (1wk 2026-01-03 -> 2024-11-30) (Yahoo error = "Invalid input - start date cannot be after end date. startDate = 1767416400, endDate = 1732942800")
2026-05-24 17:52:32 | WARNING  | src.data.downloader            | [CRESY] yfinance returned empty DataFrame
2026-05-24 17:52:34 | ERROR    | yfinance                       | $IRS: possibly delisted; no price data found  (1wk 2026-01-03 -> 2024-11-30) (Yahoo error = "Invalid input - start date cannot be after end date. startDate = 1767416400, endDate = 1732942800")
2026-05-24 17:52:34 | WARNING  | src.data.downloader            | [IRS] yfinance returned empty DataFrame
2026-05-24 17:52:34 | WARNING  | src.data.downloader            | [YPF] no data downloaded
2026-05-24 17:52:34 | WARNING  | src.data.downloader            | [GGAL] no data downloaded
2026-05-24 17:52:34 | WARNING  | src.data.downloader            | [BMA] no data downloaded
2026-05-24 17:52:34 | WARNING  | src.data.downloader            | [PAM] no data downloaded
2026-05-24 17:52:34 | WARNING  | src.data.downloader            | [TGS] no data downloaded
2026-05-24 17:52:34 | WARNING  | src.data.downloader            | [CEPU] no data downloaded
2026-05-24 17:52:34 | WARNING  | src.data.downloader            | [EDN] no data downloaded
2026-05-24 17:52:34 | WARNING  | src.data.downloader            | [LOMA] no data downloaded
2026-05-24 17:52:34 | WARNING  | src.data.downloader            | [CRESY] no data downloaded
2026-05-24 17:52:34 | WARNING  | src.data.downloader            | [IRS] no data downloaded
2026-05-24 17:52:35 | ERROR    | yfinance                       | $^MERV: possibly delisted; no price data found  (1wk 2026-01-03 -> 2024-11-30) (Yahoo error = "Invalid input - start date cannot be after end date. startDate = 1767409200, endDate = 1732935600")
2026-05-24 17:52:35 | WARNING  | src.data.downloader            | [^MERV] yfinance returned empty DataFrame
2026-05-24 17:52:35 | ERROR    | yfinance                       | $AL30D.BA: possibly delisted; no timezone found
2026-05-24 17:52:35 | WARNING  | src.data.scraper_al30d         | [AL30D.BA] all sources failed and no cache available
2026-05-24 17:52:35 | WARNING  | src.data.scraper_al30d         | sovereign_bond: all sources failed — returning empty series
2026-05-24 17:52:36 | WARNING  | src.data.scraper_ccl           | CCL: all sources failed — returning empty series
2026-05-24 17:52:36 | WARNING  | src.data.scraper_macro         | [macro/ipc] extending last cached value (7275.6042) to fill 2026-01-03 → 2024-11-30
2026-05-24 17:52:37 | WARNING  | src.data.scraper_macro         | [macro/embi] cache has no valid values
2026-05-24 17:52:38 | WARNING  | src.data.scraper_macro         | [macro/reservas] extending last cached value (28706.3548) to fill 2026-01-03 → 2024-11-30
2026-05-24 17:52:39 | WARNING  | src.data.scraper_macro         | [macro/tc_oficial] extending last cached value (1031.0000) to fill 2026-01-03 → 2024-11-30
2026-05-24 17:52:39 | INFO     | src.data.validator             | Coverage report [prices]
2026-05-24 17:52:39 | INFO     | src.data.validator             | ----------------------------------------------------------------------------------
2026-05-24 17:52:39 | INFO     | src.data.validator             | asset                 first_date    last_date      rows    nan    nan%  status    
2026-05-24 17:52:39 | INFO     | src.data.validator             | ----------------------------------------------------------------------------------
2026-05-24 17:52:39 | ERROR    | src.data.validator             | YPF                   MISSING       MISSING           0      0  100.00%  ERROR     
2026-05-24 17:52:39 | ERROR    | src.data.validator             | GGAL                  MISSING       MISSING           0      0  100.00%  ERROR     
2026-05-24 17:52:39 | ERROR    | src.data.validator             | BMA                   MISSING       MISSING           0      0  100.00%  ERROR     
2026-05-24 17:52:39 | ERROR    | src.data.validator             | PAM                   MISSING       MISSING           0      0  100.00%  ERROR     
2026-05-24 17:52:39 | ERROR    | src.data.validator             | TGS                   MISSING       MISSING           0      0  100.00%  ERROR     
2026-05-24 17:52:39 | ERROR    | src.data.validator             | CEPU                  MISSING       MISSING           0      0  100.00%  ERROR     
2026-05-24 17:52:39 | ERROR    | src.data.validator             | EDN                   MISSING       MISSING           0      0  100.00%  ERROR     
2026-05-24 17:52:39 | ERROR    | src.data.validator             | LOMA                  MISSING       MISSING           0      0  100.00%  ERROR     
2026-05-24 17:52:39 | ERROR    | src.data.validator             | CRESY                 MISSING       MISSING           0      0  100.00%  ERROR     
2026-05-24 17:52:39 | ERROR    | src.data.validator             | IRS                   MISSING       MISSING           0      0  100.00%  ERROR     
2026-05-24 17:52:39 | ERROR    | src.data.validator             | sovereign_bond        MISSING       MISSING           0      0  100.00%  ERROR     
2026-05-24 17:52:39 | ERROR    | src.data.validator             | merval                MISSING       MISSING           0      0  100.00%  ERROR     
2026-05-24 17:52:39 | ERROR    | src.data.validator             | ccl                   MISSING       MISSING           0      0  100.00%  ERROR     
2026-05-24 17:52:39 | INFO     | src.data.validator             | ----------------------------------------------------------------------------------
2026-05-24 17:52:39 | INFO     | src.data.validator             | Coverage report [macro]
2026-05-24 17:52:39 | INFO     | src.data.validator             | ----------------------------------------------------------------------------------
2026-05-24 17:52:39 | INFO     | src.data.validator             | asset                 first_date    last_date      rows    nan    nan%  status    
2026-05-24 17:52:39 | INFO     | src.data.validator             | ----------------------------------------------------------------------------------
2026-05-24 17:52:39 | ERROR    | src.data.validator             | ipc                   MISSING       MISSING           0      0  100.00%  ERROR     
2026-05-24 17:52:39 | ERROR    | src.data.validator             | embi                  MISSING       MISSING           0      0  100.00%  ERROR     
2026-05-24 17:52:39 | ERROR    | src.data.validator             | reservas              MISSING       MISSING           0      0  100.00%  ERROR     
2026-05-24 17:52:39 | ERROR    | src.data.validator             | tc_oficial            MISSING       MISSING           0      0  100.00%  ERROR     
2026-05-24 17:52:39 | INFO     | src.data.validator             | ----------------------------------------------------------------------------------
2026-05-24 17:52:39 | ERROR    | src.data.loader                | Live-month validation failed — data NOT appended. 15 error(s):
2026-05-24 17:52:39 | ERROR    | src.data.loader                |   [YPF] series is entirely NaN (0 rows)
2026-05-24 17:52:39 | ERROR    | src.data.loader                |   [GGAL] series is entirely NaN (0 rows)
2026-05-24 17:52:39 | ERROR    | src.data.loader                |   [BMA] series is entirely NaN (0 rows)
2026-05-24 17:52:39 | ERROR    | src.data.loader                |   [PAM] series is entirely NaN (0 rows)
2026-05-24 17:52:39 | ERROR    | src.data.loader                |   [TGS] series is entirely NaN (0 rows)
2026-05-24 17:52:39 | ERROR    | src.data.loader                |   [CEPU] series is entirely NaN (0 rows)
2026-05-24 17:52:39 | ERROR    | src.data.loader                |   [EDN] series is entirely NaN (0 rows)
2026-05-24 17:52:39 | ERROR    | src.data.loader                |   [LOMA] series is entirely NaN (0 rows)
2026-05-24 17:52:39 | ERROR    | src.data.loader                |   [CRESY] series is entirely NaN (0 rows)
2026-05-24 17:52:39 | ERROR    | src.data.loader                |   [IRS] series is entirely NaN (0 rows)
2026-05-24 17:52:39 | ERROR    | src.data.loader                |   [merval] series is entirely NaN (0 rows)
2026-05-24 17:52:39 | ERROR    | src.data.loader                |   [ccl] series is entirely NaN (0 rows)
2026-05-24 17:52:39 | ERROR    | src.data.loader                |   [ipc] series is entirely NaN (0 rows)
2026-05-24 17:52:39 | ERROR    | src.data.loader                |   [reservas] series is entirely NaN (0 rows)
2026-05-24 17:52:39 | ERROR    | src.data.loader                |   [tc_oficial] series is entirely NaN (0 rows)
2026-05-24 17:52:39 | INFO     | src.features.features          | compute_features: 832 weekly rows | 10 tickers | warm-up = 30 rows
2026-05-24 17:52:39 | WARNING  | src.nlp.nlp                    | Skipping bcra_monetario_oct_2024.pdf — extraction failed: No module named 'pdfminer'
2026-05-24 17:52:39 | WARNING  | src.nlp.nlp                    | Skipping bcra_rem_nov_2024.pdf — extraction failed: No module named 'pdfminer'
2026-05-24 17:52:39 | WARNING  | src.nlp.nlp                    | Skipping indec_informa_10_24.pdf — extraction failed: No module named 'pdfminer'
2026-05-24 17:52:41 | INFO     | src.nlp.nlp                    | Loaded from data\news\2024\11 — macro=1 docs, company=48 docs across 10 tickers
2026-05-24 17:52:41 | INFO     | src.utils.utils                | [DONE]  live 2024-11 — 21.55s
2026-05-24 17:52:41 | ERROR    | __main__                       | Month 2024-11 failed (ModuleNotFoundError: No module named 'transformers') — applying carry-forward.
2026-05-24 17:52:41 | ERROR    | __main__                       | No prior allocation to carry forward — month 2024-11 skipped entirely.
2026-05-24 17:52:41 | INFO     | src.utils.utils                | [START] live 2024-12
2026-05-24 17:52:41 | INFO     | src.data.loader                | Starting live-month download: 2026-01-03 → 2024-12-31 (cutoff: 2024-12-31) | tickers: ['YPF', 'GGAL', 'BMA', 'PAM', 'TGS', 'CEPU', 'EDN', 'LOMA', 'CRESY', 'IRS']
2026-05-24 17:52:42 | ERROR    | yfinance                       | $YPF: possibly delisted; no price data found  (1wk 2026-01-03 -> 2024-12-31) (Yahoo error = "Invalid input - start date cannot be after end date. startDate = 1767416400, endDate = 1735621200")
2026-05-24 17:52:42 | WARNING  | src.data.downloader            | [YPF] yfinance returned empty DataFrame
2026-05-24 17:52:44 | ERROR    | yfinance                       | $GGAL: possibly delisted; no price data found  (1wk 2026-01-03 -> 2024-12-31) (Yahoo error = "Invalid input - start date cannot be after end date. startDate = 1767416400, endDate = 1735621200")
2026-05-24 17:52:44 | WARNING  | src.data.downloader            | [GGAL] yfinance returned empty DataFrame
2026-05-24 17:52:45 | ERROR    | yfinance                       | $BMA: possibly delisted; no price data found  (1wk 2026-01-03 -> 2024-12-31) (Yahoo error = "Invalid input - start date cannot be after end date. startDate = 1767416400, endDate = 1735621200")
2026-05-24 17:52:45 | WARNING  | src.data.downloader            | [BMA] yfinance returned empty DataFrame
2026-05-24 17:52:46 | ERROR    | yfinance                       | $PAM: possibly delisted; no price data found  (1wk 2026-01-03 -> 2024-12-31) (Yahoo error = "Invalid input - start date cannot be after end date. startDate = 1767416400, endDate = 1735621200")
2026-05-24 17:52:46 | WARNING  | src.data.downloader            | [PAM] yfinance returned empty DataFrame
2026-05-24 17:52:48 | ERROR    | yfinance                       | $TGS: possibly delisted; no price data found  (1wk 2026-01-03 -> 2024-12-31) (Yahoo error = "Invalid input - start date cannot be after end date. startDate = 1767416400, endDate = 1735621200")
2026-05-24 17:52:48 | WARNING  | src.data.downloader            | [TGS] yfinance returned empty DataFrame
2026-05-24 17:52:49 | ERROR    | yfinance                       | $CEPU: possibly delisted; no price data found  (1wk 2026-01-03 -> 2024-12-31) (Yahoo error = "Invalid input - start date cannot be after end date. startDate = 1767416400, endDate = 1735621200")
2026-05-24 17:52:49 | WARNING  | src.data.downloader            | [CEPU] yfinance returned empty DataFrame
2026-05-24 17:52:50 | ERROR    | yfinance                       | $EDN: possibly delisted; no price data found  (1wk 2026-01-03 -> 2024-12-31) (Yahoo error = "Invalid input - start date cannot be after end date. startDate = 1767416400, endDate = 1735621200")
2026-05-24 17:52:50 | WARNING  | src.data.downloader            | [EDN] yfinance returned empty DataFrame
2026-05-24 17:52:52 | ERROR    | yfinance                       | $LOMA: possibly delisted; no price data found  (1wk 2026-01-03 -> 2024-12-31) (Yahoo error = "Invalid input - start date cannot be after end date. startDate = 1767416400, endDate = 1735621200")
2026-05-24 17:52:52 | WARNING  | src.data.downloader            | [LOMA] yfinance returned empty DataFrame
2026-05-24 17:52:53 | ERROR    | yfinance                       | $CRESY: possibly delisted; no price data found  (1wk 2026-01-03 -> 2024-12-31) (Yahoo error = "Invalid input - start date cannot be after end date. startDate = 1767416400, endDate = 1735621200")
2026-05-24 17:52:53 | WARNING  | src.data.downloader            | [CRESY] yfinance returned empty DataFrame
2026-05-24 17:52:55 | ERROR    | yfinance                       | $IRS: possibly delisted; no price data found  (1wk 2026-01-03 -> 2024-12-31) (Yahoo error = "Invalid input - start date cannot be after end date. startDate = 1767416400, endDate = 1735621200")
2026-05-24 17:52:55 | WARNING  | src.data.downloader            | [IRS] yfinance returned empty DataFrame
2026-05-24 17:52:55 | WARNING  | src.data.downloader            | [YPF] no data downloaded
2026-05-24 17:52:55 | WARNING  | src.data.downloader            | [GGAL] no data downloaded
2026-05-24 17:52:55 | WARNING  | src.data.downloader            | [BMA] no data downloaded
2026-05-24 17:52:55 | WARNING  | src.data.downloader            | [PAM] no data downloaded
2026-05-24 17:52:55 | WARNING  | src.data.downloader            | [TGS] no data downloaded
2026-05-24 17:52:55 | WARNING  | src.data.downloader            | [CEPU] no data downloaded
2026-05-24 17:52:55 | WARNING  | src.data.downloader            | [EDN] no data downloaded
2026-05-24 17:52:55 | WARNING  | src.data.downloader            | [LOMA] no data downloaded
2026-05-24 17:52:55 | WARNING  | src.data.downloader            | [CRESY] no data downloaded
2026-05-24 17:52:55 | WARNING  | src.data.downloader            | [IRS] no data downloaded
2026-05-24 17:52:56 | ERROR    | yfinance                       | $^MERV: possibly delisted; no price data found  (1wk 2026-01-03 -> 2024-12-31) (Yahoo error = "Invalid input - start date cannot be after end date. startDate = 1767409200, endDate = 1735614000")
2026-05-24 17:52:56 | WARNING  | src.data.downloader            | [^MERV] yfinance returned empty DataFrame
2026-05-24 17:52:56 | ERROR    | yfinance                       | $AL30D.BA: possibly delisted; no timezone found
2026-05-24 17:52:56 | WARNING  | src.data.scraper_al30d         | [AL30D.BA] all sources failed and no cache available
2026-05-24 17:52:56 | WARNING  | src.data.scraper_al30d         | sovereign_bond: all sources failed — returning empty series
2026-05-24 17:52:56 | WARNING  | src.data.scraper_ccl           | CCL: all sources failed — returning empty series
2026-05-24 17:52:57 | WARNING  | src.data.scraper_macro         | [macro/ipc] extending last cached value (7678.7745) to fill 2026-01-03 → 2024-12-31
2026-05-24 17:52:58 | WARNING  | src.data.scraper_macro         | [macro/embi] cache has no valid values
2026-05-24 17:52:58 | WARNING  | src.data.scraper_macro         | [macro/reservas] extending last cached value (31751.7419) to fill 2026-01-03 → 2024-12-31
2026-05-24 17:53:00 | WARNING  | src.data.scraper_macro         | [macro/tc_oficial] extending last cached value (1052.5000) to fill 2026-01-03 → 2024-12-31
2026-05-24 17:53:00 | INFO     | src.data.validator             | Coverage report [prices]
2026-05-24 17:53:00 | INFO     | src.data.validator             | ----------------------------------------------------------------------------------
2026-05-24 17:53:00 | INFO     | src.data.validator             | asset                 first_date    last_date      rows    nan    nan%  status    
2026-05-24 17:53:00 | INFO     | src.data.validator             | ----------------------------------------------------------------------------------
2026-05-24 17:53:00 | ERROR    | src.data.validator             | YPF                   MISSING       MISSING           0      0  100.00%  ERROR     
2026-05-24 17:53:00 | ERROR    | src.data.validator             | GGAL                  MISSING       MISSING           0      0  100.00%  ERROR     
2026-05-24 17:53:00 | ERROR    | src.data.validator             | BMA                   MISSING       MISSING           0      0  100.00%  ERROR     
2026-05-24 17:53:00 | ERROR    | src.data.validator             | PAM                   MISSING       MISSING           0      0  100.00%  ERROR     
2026-05-24 17:53:00 | ERROR    | src.data.validator             | TGS                   MISSING       MISSING           0      0  100.00%  ERROR     
2026-05-24 17:53:00 | ERROR    | src.data.validator             | CEPU                  MISSING       MISSING           0      0  100.00%  ERROR     
2026-05-24 17:53:00 | ERROR    | src.data.validator             | EDN                   MISSING       MISSING           0      0  100.00%  ERROR     
2026-05-24 17:53:00 | ERROR    | src.data.validator             | LOMA                  MISSING       MISSING           0      0  100.00%  ERROR     
2026-05-24 17:53:00 | ERROR    | src.data.validator             | CRESY                 MISSING       MISSING           0      0  100.00%  ERROR     
2026-05-24 17:53:00 | ERROR    | src.data.validator             | IRS                   MISSING       MISSING           0      0  100.00%  ERROR     
2026-05-24 17:53:00 | ERROR    | src.data.validator             | sovereign_bond        MISSING       MISSING           0      0  100.00%  ERROR     
2026-05-24 17:53:00 | ERROR    | src.data.validator             | merval                MISSING       MISSING           0      0  100.00%  ERROR     
2026-05-24 17:53:00 | ERROR    | src.data.validator             | ccl                   MISSING       MISSING           0      0  100.00%  ERROR     
2026-05-24 17:53:00 | INFO     | src.data.validator             | ----------------------------------------------------------------------------------
2026-05-24 17:53:00 | INFO     | src.data.validator             | Coverage report [macro]
2026-05-24 17:53:00 | INFO     | src.data.validator             | ----------------------------------------------------------------------------------
2026-05-24 17:53:00 | INFO     | src.data.validator             | asset                 first_date    last_date      rows    nan    nan%  status    
2026-05-24 17:53:00 | INFO     | src.data.validator             | ----------------------------------------------------------------------------------
2026-05-24 17:53:00 | ERROR    | src.data.validator             | ipc                   MISSING       MISSING           0      0  100.00%  ERROR     
2026-05-24 17:53:00 | ERROR    | src.data.validator             | embi                  MISSING       MISSING           0      0  100.00%  ERROR     
2026-05-24 17:53:00 | ERROR    | src.data.validator             | reservas              MISSING       MISSING           0      0  100.00%  ERROR     
2026-05-24 17:53:00 | ERROR    | src.data.validator             | tc_oficial            MISSING       MISSING           0      0  100.00%  ERROR     
2026-05-24 17:53:00 | INFO     | src.data.validator             | ----------------------------------------------------------------------------------
2026-05-24 17:53:00 | ERROR    | src.data.loader                | Live-month validation failed — data NOT appended. 15 error(s):
2026-05-24 17:53:00 | ERROR    | src.data.loader                |   [YPF] series is entirely NaN (0 rows)
2026-05-24 17:53:00 | ERROR    | src.data.loader                |   [GGAL] series is entirely NaN (0 rows)
2026-05-24 17:53:00 | ERROR    | src.data.loader                |   [BMA] series is entirely NaN (0 rows)
2026-05-24 17:53:00 | ERROR    | src.data.loader                |   [PAM] series is entirely NaN (0 rows)
2026-05-24 17:53:00 | ERROR    | src.data.loader                |   [TGS] series is entirely NaN (0 rows)
2026-05-24 17:53:00 | ERROR    | src.data.loader                |   [CEPU] series is entirely NaN (0 rows)
2026-05-24 17:53:00 | ERROR    | src.data.loader                |   [EDN] series is entirely NaN (0 rows)
2026-05-24 17:53:00 | ERROR    | src.data.loader                |   [LOMA] series is entirely NaN (0 rows)
2026-05-24 17:53:00 | ERROR    | src.data.loader                |   [CRESY] series is entirely NaN (0 rows)
2026-05-24 17:53:00 | ERROR    | src.data.loader                |   [IRS] series is entirely NaN (0 rows)
2026-05-24 17:53:00 | ERROR    | src.data.loader                |   [merval] series is entirely NaN (0 rows)
2026-05-24 17:53:00 | ERROR    | src.data.loader                |   [ccl] series is entirely NaN (0 rows)
2026-05-24 17:53:00 | ERROR    | src.data.loader                |   [ipc] series is entirely NaN (0 rows)
2026-05-24 17:53:00 | ERROR    | src.data.loader                |   [reservas] series is entirely NaN (0 rows)
2026-05-24 17:53:00 | ERROR    | src.data.loader                |   [tc_oficial] series is entirely NaN (0 rows)
2026-05-24 17:53:00 | INFO     | src.features.features          | compute_features: 837 weekly rows | 10 tickers | warm-up = 30 rows
2026-05-24 17:53:00 | WARNING  | src.nlp.nlp                    | Skipping bcra_monetario_nov_2024.pdf — extraction failed: No module named 'pdfminer'
2026-05-24 17:53:00 | WARNING  | src.nlp.nlp                    | Skipping bcra_rem_dic_2024.pdf — extraction failed: No module named 'pdfminer'
2026-05-24 17:53:00 | WARNING  | src.nlp.nlp                    | Skipping indec_informa_11_24.pdf — extraction failed: No module named 'pdfminer'
2026-05-24 17:53:01 | INFO     | src.nlp.nlp                    | Loaded from data\news\2024\12 — macro=1 docs, company=40 docs across 8 tickers
2026-05-24 17:53:01 | INFO     | src.utils.utils                | [DONE]  live 2024-12 — 20.34s
2026-05-24 17:53:01 | ERROR    | __main__                       | Month 2024-12 failed (ModuleNotFoundError: No module named 'transformers') — applying carry-forward.
2026-05-24 17:53:01 | ERROR    | __main__                       | No prior allocation to carry forward — month 2024-12 skipped entirely.
2026-05-24 17:53:01 | INFO     | src.utils.utils                | [START] live 2025-01
2026-05-24 17:53:01 | INFO     | src.data.loader                | Starting live-month download: 2026-01-03 → 2025-01-31 (cutoff: 2025-01-31) | tickers: ['YPF', 'GGAL', 'BMA', 'PAM', 'TGS', 'CEPU', 'EDN', 'LOMA', 'CRESY', 'IRS']
2026-05-24 17:53:03 | ERROR    | yfinance                       | $YPF: possibly delisted; no price data found  (1wk 2026-01-03 -> 2025-01-31) (Yahoo error = "Invalid input - start date cannot be after end date. startDate = 1767416400, endDate = 1738299600")
2026-05-24 17:53:03 | WARNING  | src.data.downloader            | [YPF] yfinance returned empty DataFrame
2026-05-24 17:53:04 | ERROR    | yfinance                       | $GGAL: possibly delisted; no price data found  (1wk 2026-01-03 -> 2025-01-31) (Yahoo error = "Invalid input - start date cannot be after end date. startDate = 1767416400, endDate = 1738299600")
2026-05-24 17:53:04 | WARNING  | src.data.downloader            | [GGAL] yfinance returned empty DataFrame
2026-05-24 17:53:06 | ERROR    | yfinance                       | $BMA: possibly delisted; no price data found  (1wk 2026-01-03 -> 2025-01-31) (Yahoo error = "Invalid input - start date cannot be after end date. startDate = 1767416400, endDate = 1738299600")
2026-05-24 17:53:06 | WARNING  | src.data.downloader            | [BMA] yfinance returned empty DataFrame
2026-05-24 17:53:07 | ERROR    | yfinance                       | $PAM: possibly delisted; no price data found  (1wk 2026-01-03 -> 2025-01-31) (Yahoo error = "Invalid input - start date cannot be after end date. startDate = 1767416400, endDate = 1738299600")
2026-05-24 17:53:07 | WARNING  | src.data.downloader            | [PAM] yfinance returned empty DataFrame
2026-05-24 17:53:08 | ERROR    | yfinance                       | $TGS: possibly delisted; no price data found  (1wk 2026-01-03 -> 2025-01-31) (Yahoo error = "Invalid input - start date cannot be after end date. startDate = 1767416400, endDate = 1738299600")
2026-05-24 17:53:08 | WARNING  | src.data.downloader            | [TGS] yfinance returned empty DataFrame
2026-05-24 17:53:10 | ERROR    | yfinance                       | $CEPU: possibly delisted; no price data found  (1wk 2026-01-03 -> 2025-01-31) (Yahoo error = "Invalid input - start date cannot be after end date. startDate = 1767416400, endDate = 1738299600")
2026-05-24 17:53:10 | WARNING  | src.data.downloader            | [CEPU] yfinance returned empty DataFrame
2026-05-24 17:53:11 | ERROR    | yfinance                       | $EDN: possibly delisted; no price data found  (1wk 2026-01-03 -> 2025-01-31) (Yahoo error = "Invalid input - start date cannot be after end date. startDate = 1767416400, endDate = 1738299600")
2026-05-24 17:53:11 | WARNING  | src.data.downloader            | [EDN] yfinance returned empty DataFrame
2026-05-24 17:53:12 | ERROR    | yfinance                       | $LOMA: possibly delisted; no price data found  (1wk 2026-01-03 -> 2025-01-31) (Yahoo error = "Invalid input - start date cannot be after end date. startDate = 1767416400, endDate = 1738299600")
2026-05-24 17:53:12 | WARNING  | src.data.downloader            | [LOMA] yfinance returned empty DataFrame
2026-05-24 17:53:14 | ERROR    | yfinance                       | $CRESY: possibly delisted; no price data found  (1wk 2026-01-03 -> 2025-01-31) (Yahoo error = "Invalid input - start date cannot be after end date. startDate = 1767416400, endDate = 1738299600")
2026-05-24 17:53:14 | WARNING  | src.data.downloader            | [CRESY] yfinance returned empty DataFrame
2026-05-24 17:53:15 | ERROR    | yfinance                       | $IRS: possibly delisted; no price data found  (1wk 2026-01-03 -> 2025-01-31) (Yahoo error = "Invalid input - start date cannot be after end date. startDate = 1767416400, endDate = 1738299600")
2026-05-24 17:53:15 | WARNING  | src.data.downloader            | [IRS] yfinance returned empty DataFrame
2026-05-24 17:53:15 | WARNING  | src.data.downloader            | [YPF] no data downloaded
2026-05-24 17:53:15 | WARNING  | src.data.downloader            | [GGAL] no data downloaded
2026-05-24 17:53:15 | WARNING  | src.data.downloader            | [BMA] no data downloaded
2026-05-24 17:53:15 | WARNING  | src.data.downloader            | [PAM] no data downloaded
2026-05-24 17:53:15 | WARNING  | src.data.downloader            | [TGS] no data downloaded
2026-05-24 17:53:15 | WARNING  | src.data.downloader            | [CEPU] no data downloaded
2026-05-24 17:53:15 | WARNING  | src.data.downloader            | [EDN] no data downloaded
2026-05-24 17:53:15 | WARNING  | src.data.downloader            | [LOMA] no data downloaded
2026-05-24 17:53:15 | WARNING  | src.data.downloader            | [CRESY] no data downloaded
2026-05-24 17:53:15 | WARNING  | src.data.downloader            | [IRS] no data downloaded
2026-05-24 17:53:16 | ERROR    | yfinance                       | $^MERV: possibly delisted; no price data found  (1wk 2026-01-03 -> 2025-01-31) (Yahoo error = "Invalid input - start date cannot be after end date. startDate = 1767409200, endDate = 1738292400")
2026-05-24 17:53:16 | WARNING  | src.data.downloader            | [^MERV] yfinance returned empty DataFrame
2026-05-24 17:53:16 | ERROR    | yfinance                       | $AL30D.BA: possibly delisted; no timezone found
2026-05-24 17:53:16 | WARNING  | src.data.scraper_al30d         | [AL30D.BA] all sources failed and no cache available
2026-05-24 17:53:16 | WARNING  | src.data.scraper_al30d         | sovereign_bond: all sources failed — returning empty series
2026-05-24 17:53:17 | WARNING  | src.data.scraper_ccl           | CCL: all sources failed — returning empty series
2026-05-24 17:53:18 | WARNING  | src.data.scraper_macro         | [macro/ipc] extending last cached value (7678.7745) to fill 2026-01-03 → 2025-01-31
2026-05-24 17:53:19 | WARNING  | src.data.scraper_macro         | [macro/embi] cache has no valid values
2026-05-24 17:53:19 | WARNING  | src.data.scraper_macro         | [macro/reservas] extending last cached value (31751.7419) to fill 2026-01-03 → 2025-01-31
2026-05-24 17:53:21 | WARNING  | src.data.scraper_macro         | [macro/tc_oficial] extending last cached value (1073.5000) to fill 2026-01-03 → 2025-01-31
2026-05-24 17:53:21 | INFO     | src.data.validator             | Coverage report [prices]
2026-05-24 17:53:21 | INFO     | src.data.validator             | ----------------------------------------------------------------------------------
2026-05-24 17:53:21 | INFO     | src.data.validator             | asset                 first_date    last_date      rows    nan    nan%  status    
2026-05-24 17:53:21 | INFO     | src.data.validator             | ----------------------------------------------------------------------------------
2026-05-24 17:53:21 | ERROR    | src.data.validator             | YPF                   MISSING       MISSING           0      0  100.00%  ERROR     
2026-05-24 17:53:21 | ERROR    | src.data.validator             | GGAL                  MISSING       MISSING           0      0  100.00%  ERROR     
2026-05-24 17:53:21 | ERROR    | src.data.validator             | BMA                   MISSING       MISSING           0      0  100.00%  ERROR     
2026-05-24 17:53:21 | ERROR    | src.data.validator             | PAM                   MISSING       MISSING           0      0  100.00%  ERROR     
2026-05-24 17:53:21 | ERROR    | src.data.validator             | TGS                   MISSING       MISSING           0      0  100.00%  ERROR     
2026-05-24 17:53:21 | ERROR    | src.data.validator             | CEPU                  MISSING       MISSING           0      0  100.00%  ERROR     
2026-05-24 17:53:21 | ERROR    | src.data.validator             | EDN                   MISSING       MISSING           0      0  100.00%  ERROR     
2026-05-24 17:53:21 | ERROR    | src.data.validator             | LOMA                  MISSING       MISSING           0      0  100.00%  ERROR     
2026-05-24 17:53:21 | ERROR    | src.data.validator             | CRESY                 MISSING       MISSING           0      0  100.00%  ERROR     
2026-05-24 17:53:21 | ERROR    | src.data.validator             | IRS                   MISSING       MISSING           0      0  100.00%  ERROR     
2026-05-24 17:53:21 | ERROR    | src.data.validator             | sovereign_bond        MISSING       MISSING           0      0  100.00%  ERROR     
2026-05-24 17:53:21 | ERROR    | src.data.validator             | merval                MISSING       MISSING           0      0  100.00%  ERROR     
2026-05-24 17:53:21 | ERROR    | src.data.validator             | ccl                   MISSING       MISSING           0      0  100.00%  ERROR     
2026-05-24 17:53:21 | INFO     | src.data.validator             | ----------------------------------------------------------------------------------
2026-05-24 17:53:21 | INFO     | src.data.validator             | Coverage report [macro]
2026-05-24 17:53:21 | INFO     | src.data.validator             | ----------------------------------------------------------------------------------
2026-05-24 17:53:21 | INFO     | src.data.validator             | asset                 first_date    last_date      rows    nan    nan%  status    
2026-05-24 17:53:21 | INFO     | src.data.validator             | ----------------------------------------------------------------------------------
2026-05-24 17:53:21 | ERROR    | src.data.validator             | ipc                   MISSING       MISSING           0      0  100.00%  ERROR     
2026-05-24 17:53:21 | ERROR    | src.data.validator             | embi                  MISSING       MISSING           0      0  100.00%  ERROR     
2026-05-24 17:53:21 | ERROR    | src.data.validator             | reservas              MISSING       MISSING           0      0  100.00%  ERROR     
2026-05-24 17:53:21 | ERROR    | src.data.validator             | tc_oficial            MISSING       MISSING           0      0  100.00%  ERROR     
2026-05-24 17:53:21 | INFO     | src.data.validator             | ----------------------------------------------------------------------------------
2026-05-24 17:53:21 | ERROR    | src.data.loader                | Live-month validation failed — data NOT appended. 15 error(s):
2026-05-24 17:53:21 | ERROR    | src.data.loader                |   [YPF] series is entirely NaN (0 rows)
2026-05-24 17:53:21 | ERROR    | src.data.loader                |   [GGAL] series is entirely NaN (0 rows)
2026-05-24 17:53:21 | ERROR    | src.data.loader                |   [BMA] series is entirely NaN (0 rows)
2026-05-24 17:53:21 | ERROR    | src.data.loader                |   [PAM] series is entirely NaN (0 rows)
2026-05-24 17:53:21 | ERROR    | src.data.loader                |   [TGS] series is entirely NaN (0 rows)
2026-05-24 17:53:21 | ERROR    | src.data.loader                |   [CEPU] series is entirely NaN (0 rows)
2026-05-24 17:53:21 | ERROR    | src.data.loader                |   [EDN] series is entirely NaN (0 rows)
2026-05-24 17:53:21 | ERROR    | src.data.loader                |   [LOMA] series is entirely NaN (0 rows)
2026-05-24 17:53:21 | ERROR    | src.data.loader                |   [CRESY] series is entirely NaN (0 rows)
2026-05-24 17:53:21 | ERROR    | src.data.loader                |   [IRS] series is entirely NaN (0 rows)
2026-05-24 17:53:21 | ERROR    | src.data.loader                |   [merval] series is entirely NaN (0 rows)
2026-05-24 17:53:21 | ERROR    | src.data.loader                |   [ccl] series is entirely NaN (0 rows)
2026-05-24 17:53:21 | ERROR    | src.data.loader                |   [ipc] series is entirely NaN (0 rows)
2026-05-24 17:53:21 | ERROR    | src.data.loader                |   [reservas] series is entirely NaN (0 rows)
2026-05-24 17:53:21 | ERROR    | src.data.loader                |   [tc_oficial] series is entirely NaN (0 rows)
2026-05-24 17:53:21 | INFO     | src.features.features          | compute_features: 842 weekly rows | 10 tickers | warm-up = 30 rows
2026-05-24 17:53:21 | WARNING  | src.nlp.nlp                    | Skipping bcra_monetario_dic_2024.pdf — extraction failed: No module named 'pdfminer'
2026-05-24 17:53:21 | WARNING  | src.nlp.nlp                    | Skipping bcra_rem_ene_2025.pdf — extraction failed: No module named 'pdfminer'
2026-05-24 17:53:21 | WARNING  | src.nlp.nlp                    | Skipping indec_informa_12_24.pdf — extraction failed: No module named 'pdfminer'
2026-05-24 17:53:22 | INFO     | src.nlp.nlp                    | Loaded from data\news\2025\01 — macro=1 docs, company=23 docs across 8 tickers
2026-05-24 17:53:22 | INFO     | src.utils.utils                | [DONE]  live 2025-01 — 20.48s
2026-05-24 17:53:22 | ERROR    | __main__                       | Month 2025-01 failed (ModuleNotFoundError: No module named 'transformers') — applying carry-forward.
2026-05-24 17:53:22 | ERROR    | __main__                       | No prior allocation to carry forward — month 2025-01 skipped entirely.
2026-05-24 17:53:22 | INFO     | src.utils.utils                | [START] live 2025-02
2026-05-24 17:53:22 | INFO     | src.data.loader                | Starting live-month download: 2026-01-03 → 2025-02-28 (cutoff: 2025-02-28) | tickers: ['YPF', 'GGAL', 'BMA', 'PAM', 'TGS', 'CEPU', 'EDN', 'LOMA', 'CRESY', 'IRS']
2026-05-24 17:53:23 | ERROR    | yfinance                       | $YPF: possibly delisted; no price data found  (1wk 2026-01-03 -> 2025-02-28) (Yahoo error = "Invalid input - start date cannot be after end date. startDate = 1767416400, endDate = 1740718800")
2026-05-24 17:53:23 | WARNING  | src.data.downloader            | [YPF] yfinance returned empty DataFrame
2026-05-24 17:53:24 | ERROR    | yfinance                       | $GGAL: possibly delisted; no price data found  (1wk 2026-01-03 -> 2025-02-28) (Yahoo error = "Invalid input - start date cannot be after end date. startDate = 1767416400, endDate = 1740718800")
2026-05-24 17:53:24 | WARNING  | src.data.downloader            | [GGAL] yfinance returned empty DataFrame
2026-05-24 17:53:26 | ERROR    | yfinance                       | $BMA: possibly delisted; no price data found  (1wk 2026-01-03 -> 2025-02-28) (Yahoo error = "Invalid input - start date cannot be after end date. startDate = 1767416400, endDate = 1740718800")
2026-05-24 17:53:26 | WARNING  | src.data.downloader            | [BMA] yfinance returned empty DataFrame
2026-05-24 17:53:27 | ERROR    | yfinance                       | $PAM: possibly delisted; no price data found  (1wk 2026-01-03 -> 2025-02-28) (Yahoo error = "Invalid input - start date cannot be after end date. startDate = 1767416400, endDate = 1740718800")
2026-05-24 17:53:27 | WARNING  | src.data.downloader            | [PAM] yfinance returned empty DataFrame
2026-05-24 17:53:29 | ERROR    | yfinance                       | $TGS: possibly delisted; no price data found  (1wk 2026-01-03 -> 2025-02-28) (Yahoo error = "Invalid input - start date cannot be after end date. startDate = 1767416400, endDate = 1740718800")
2026-05-24 17:53:29 | WARNING  | src.data.downloader            | [TGS] yfinance returned empty DataFrame
2026-05-24 17:53:30 | ERROR    | yfinance                       | $CEPU: possibly delisted; no price data found  (1wk 2026-01-03 -> 2025-02-28) (Yahoo error = "Invalid input - start date cannot be after end date. startDate = 1767416400, endDate = 1740718800")
2026-05-24 17:53:30 | WARNING  | src.data.downloader            | [CEPU] yfinance returned empty DataFrame
2026-05-24 17:53:31 | ERROR    | yfinance                       | $EDN: possibly delisted; no price data found  (1wk 2026-01-03 -> 2025-02-28) (Yahoo error = "Invalid input - start date cannot be after end date. startDate = 1767416400, endDate = 1740718800")
2026-05-24 17:53:31 | WARNING  | src.data.downloader            | [EDN] yfinance returned empty DataFrame
2026-05-24 17:53:33 | ERROR    | yfinance                       | $LOMA: possibly delisted; no price data found  (1wk 2026-01-03 -> 2025-02-28) (Yahoo error = "Invalid input - start date cannot be after end date. startDate = 1767416400, endDate = 1740718800")
2026-05-24 17:53:33 | WARNING  | src.data.downloader            | [LOMA] yfinance returned empty DataFrame
2026-05-24 17:53:34 | ERROR    | yfinance                       | $CRESY: possibly delisted; no price data found  (1wk 2026-01-03 -> 2025-02-28) (Yahoo error = "Invalid input - start date cannot be after end date. startDate = 1767416400, endDate = 1740718800")
2026-05-24 17:53:34 | WARNING  | src.data.downloader            | [CRESY] yfinance returned empty DataFrame
2026-05-24 17:53:35 | ERROR    | yfinance                       | $IRS: possibly delisted; no price data found  (1wk 2026-01-03 -> 2025-02-28) (Yahoo error = "Invalid input - start date cannot be after end date. startDate = 1767416400, endDate = 1740718800")
2026-05-24 17:53:35 | WARNING  | src.data.downloader            | [IRS] yfinance returned empty DataFrame
2026-05-24 17:53:35 | WARNING  | src.data.downloader            | [YPF] no data downloaded
2026-05-24 17:53:35 | WARNING  | src.data.downloader            | [GGAL] no data downloaded
2026-05-24 17:53:35 | WARNING  | src.data.downloader            | [BMA] no data downloaded
2026-05-24 17:53:35 | WARNING  | src.data.downloader            | [PAM] no data downloaded
2026-05-24 17:53:35 | WARNING  | src.data.downloader            | [TGS] no data downloaded
2026-05-24 17:53:35 | WARNING  | src.data.downloader            | [CEPU] no data downloaded
2026-05-24 17:53:35 | WARNING  | src.data.downloader            | [EDN] no data downloaded
2026-05-24 17:53:35 | WARNING  | src.data.downloader            | [LOMA] no data downloaded
2026-05-24 17:53:35 | WARNING  | src.data.downloader            | [CRESY] no data downloaded
2026-05-24 17:53:35 | WARNING  | src.data.downloader            | [IRS] no data downloaded
2026-05-24 17:53:37 | ERROR    | yfinance                       | $^MERV: possibly delisted; no price data found  (1wk 2026-01-03 -> 2025-02-28) (Yahoo error = "Invalid input - start date cannot be after end date. startDate = 1767409200, endDate = 1740711600")
2026-05-24 17:53:37 | WARNING  | src.data.downloader            | [^MERV] yfinance returned empty DataFrame
2026-05-24 17:53:37 | ERROR    | yfinance                       | $AL30D.BA: possibly delisted; no timezone found
2026-05-24 17:53:37 | WARNING  | src.data.scraper_al30d         | [AL30D.BA] all sources failed and no cache available
2026-05-24 17:53:37 | WARNING  | src.data.scraper_al30d         | sovereign_bond: all sources failed — returning empty series
2026-05-24 17:53:37 | WARNING  | src.data.scraper_ccl           | CCL: all sources failed — returning empty series
2026-05-24 17:53:38 | WARNING  | src.data.scraper_macro         | [macro/ipc] extending last cached value (8009.2272) to fill 2026-01-03 → 2025-02-28
2026-05-24 17:53:39 | WARNING  | src.data.scraper_macro         | [macro/embi] cache has no valid values
2026-05-24 17:53:39 | WARNING  | src.data.scraper_macro         | [macro/reservas] extending last cached value (28735.8571) to fill 2026-01-03 → 2025-02-28
2026-05-24 17:53:41 | WARNING  | src.data.scraper_macro         | [macro/tc_oficial] extending last cached value (1084.2500) to fill 2026-01-03 → 2025-02-28
2026-05-24 17:53:41 | INFO     | src.data.validator             | Coverage report [prices]
2026-05-24 17:53:41 | INFO     | src.data.validator             | ----------------------------------------------------------------------------------
2026-05-24 17:53:41 | INFO     | src.data.validator             | asset                 first_date    last_date      rows    nan    nan%  status    
2026-05-24 17:53:41 | INFO     | src.data.validator             | ----------------------------------------------------------------------------------
2026-05-24 17:53:41 | ERROR    | src.data.validator             | YPF                   MISSING       MISSING           0      0  100.00%  ERROR     
2026-05-24 17:53:41 | ERROR    | src.data.validator             | GGAL                  MISSING       MISSING           0      0  100.00%  ERROR     
2026-05-24 17:53:41 | ERROR    | src.data.validator             | BMA                   MISSING       MISSING           0      0  100.00%  ERROR     
2026-05-24 17:53:41 | ERROR    | src.data.validator             | PAM                   MISSING       MISSING           0      0  100.00%  ERROR     
2026-05-24 17:53:41 | ERROR    | src.data.validator             | TGS                   MISSING       MISSING           0      0  100.00%  ERROR     
2026-05-24 17:53:41 | ERROR    | src.data.validator             | CEPU                  MISSING       MISSING           0      0  100.00%  ERROR     
2026-05-24 17:53:41 | ERROR    | src.data.validator             | EDN                   MISSING       MISSING           0      0  100.00%  ERROR     
2026-05-24 17:53:41 | ERROR    | src.data.validator             | LOMA                  MISSING       MISSING           0      0  100.00%  ERROR     
2026-05-24 17:53:41 | ERROR    | src.data.validator             | CRESY                 MISSING       MISSING           0      0  100.00%  ERROR     
2026-05-24 17:53:41 | ERROR    | src.data.validator             | IRS                   MISSING       MISSING           0      0  100.00%  ERROR     
2026-05-24 17:53:41 | ERROR    | src.data.validator             | sovereign_bond        MISSING       MISSING           0      0  100.00%  ERROR     
2026-05-24 17:53:41 | ERROR    | src.data.validator             | merval                MISSING       MISSING           0      0  100.00%  ERROR     
2026-05-24 17:53:41 | ERROR    | src.data.validator             | ccl                   MISSING       MISSING           0      0  100.00%  ERROR     
2026-05-24 17:53:41 | INFO     | src.data.validator             | ----------------------------------------------------------------------------------
2026-05-24 17:53:41 | INFO     | src.data.validator             | Coverage report [macro]
2026-05-24 17:53:41 | INFO     | src.data.validator             | ----------------------------------------------------------------------------------
2026-05-24 17:53:41 | INFO     | src.data.validator             | asset                 first_date    last_date      rows    nan    nan%  status    
2026-05-24 17:53:41 | INFO     | src.data.validator             | ----------------------------------------------------------------------------------
2026-05-24 17:53:41 | ERROR    | src.data.validator             | ipc                   MISSING       MISSING           0      0  100.00%  ERROR     
2026-05-24 17:53:41 | ERROR    | src.data.validator             | embi                  MISSING       MISSING           0      0  100.00%  ERROR     
2026-05-24 17:53:41 | ERROR    | src.data.validator             | reservas              MISSING       MISSING           0      0  100.00%  ERROR     
2026-05-24 17:53:41 | ERROR    | src.data.validator             | tc_oficial            MISSING       MISSING           0      0  100.00%  ERROR     
2026-05-24 17:53:41 | INFO     | src.data.validator             | ----------------------------------------------------------------------------------
2026-05-24 17:53:41 | ERROR    | src.data.loader                | Live-month validation failed — data NOT appended. 15 error(s):
2026-05-24 17:53:41 | ERROR    | src.data.loader                |   [YPF] series is entirely NaN (0 rows)
2026-05-24 17:53:41 | ERROR    | src.data.loader                |   [GGAL] series is entirely NaN (0 rows)
2026-05-24 17:53:41 | ERROR    | src.data.loader                |   [BMA] series is entirely NaN (0 rows)
2026-05-24 17:53:41 | ERROR    | src.data.loader                |   [PAM] series is entirely NaN (0 rows)
2026-05-24 17:53:41 | ERROR    | src.data.loader                |   [TGS] series is entirely NaN (0 rows)
2026-05-24 17:53:41 | ERROR    | src.data.loader                |   [CEPU] series is entirely NaN (0 rows)
2026-05-24 17:53:41 | ERROR    | src.data.loader                |   [EDN] series is entirely NaN (0 rows)
2026-05-24 17:53:41 | ERROR    | src.data.loader                |   [LOMA] series is entirely NaN (0 rows)
2026-05-24 17:53:41 | ERROR    | src.data.loader                |   [CRESY] series is entirely NaN (0 rows)
2026-05-24 17:53:41 | ERROR    | src.data.loader                |   [IRS] series is entirely NaN (0 rows)
2026-05-24 17:53:41 | ERROR    | src.data.loader                |   [merval] series is entirely NaN (0 rows)
2026-05-24 17:53:41 | ERROR    | src.data.loader                |   [ccl] series is entirely NaN (0 rows)
2026-05-24 17:53:41 | ERROR    | src.data.loader                |   [ipc] series is entirely NaN (0 rows)
2026-05-24 17:53:41 | ERROR    | src.data.loader                |   [reservas] series is entirely NaN (0 rows)
2026-05-24 17:53:41 | ERROR    | src.data.loader                |   [tc_oficial] series is entirely NaN (0 rows)
2026-05-24 17:53:41 | INFO     | src.features.features          | compute_features: 846 weekly rows | 10 tickers | warm-up = 30 rows
2026-05-24 17:53:41 | WARNING  | src.nlp.nlp                    | Skipping bcra_monetario_ene_2025.pdf — extraction failed: No module named 'pdfminer'
2026-05-24 17:53:41 | WARNING  | src.nlp.nlp                    | Skipping bcra_rem_feb_2025.pdf — extraction failed: No module named 'pdfminer'
2026-05-24 17:53:41 | WARNING  | src.nlp.nlp                    | Skipping indec_informa_01_25.pdf — extraction failed: No module named 'pdfminer'
2026-05-24 17:53:42 | INFO     | src.nlp.nlp                    | Loaded from data\news\2025\02 — macro=0 docs, company=28 docs across 8 tickers
2026-05-24 17:53:42 | INFO     | src.utils.utils                | [DONE]  live 2025-02 — 20.30s
2026-05-24 17:53:42 | ERROR    | __main__                       | Month 2025-02 failed (ModuleNotFoundError: No module named 'transformers') — applying carry-forward.
2026-05-24 17:53:42 | ERROR    | __main__                       | No prior allocation to carry forward — month 2025-02 skipped entirely.
2026-05-24 17:53:42 | INFO     | src.utils.utils                | [START] live 2025-03
2026-05-24 17:53:42 | INFO     | src.data.loader                | Starting live-month download: 2026-01-03 → 2025-03-31 (cutoff: 2025-03-31) | tickers: ['YPF', 'GGAL', 'BMA', 'PAM', 'TGS', 'CEPU', 'EDN', 'LOMA', 'CRESY', 'IRS']
2026-05-24 17:53:43 | ERROR    | yfinance                       | $YPF: possibly delisted; no price data found  (1wk 2026-01-03 -> 2025-03-31) (Yahoo error = "Invalid input - start date cannot be after end date. startDate = 1767416400, endDate = 1743393600")
2026-05-24 17:53:43 | WARNING  | src.data.downloader            | [YPF] yfinance returned empty DataFrame
2026-05-24 17:53:45 | ERROR    | yfinance                       | $GGAL: possibly delisted; no price data found  (1wk 2026-01-03 -> 2025-03-31) (Yahoo error = "Invalid input - start date cannot be after end date. startDate = 1767416400, endDate = 1743393600")
2026-05-24 17:53:45 | WARNING  | src.data.downloader            | [GGAL] yfinance returned empty DataFrame
2026-05-24 17:53:47 | ERROR    | yfinance                       | $BMA: possibly delisted; no price data found  (1wk 2026-01-03 -> 2025-03-31) (Yahoo error = "Invalid input - start date cannot be after end date. startDate = 1767416400, endDate = 1743393600")
2026-05-24 17:53:47 | WARNING  | src.data.downloader            | [BMA] yfinance returned empty DataFrame
2026-05-24 17:53:48 | ERROR    | yfinance                       | $PAM: possibly delisted; no price data found  (1wk 2026-01-03 -> 2025-03-31) (Yahoo error = "Invalid input - start date cannot be after end date. startDate = 1767416400, endDate = 1743393600")
2026-05-24 17:53:48 | WARNING  | src.data.downloader            | [PAM] yfinance returned empty DataFrame
2026-05-24 17:53:49 | ERROR    | yfinance                       | $TGS: possibly delisted; no price data found  (1wk 2026-01-03 -> 2025-03-31) (Yahoo error = "Invalid input - start date cannot be after end date. startDate = 1767416400, endDate = 1743393600")
2026-05-24 17:53:49 | WARNING  | src.data.downloader            | [TGS] yfinance returned empty DataFrame
2026-05-24 17:53:51 | ERROR    | yfinance                       | $CEPU: possibly delisted; no price data found  (1wk 2026-01-03 -> 2025-03-31) (Yahoo error = "Invalid input - start date cannot be after end date. startDate = 1767416400, endDate = 1743393600")
2026-05-24 17:53:51 | WARNING  | src.data.downloader            | [CEPU] yfinance returned empty DataFrame
2026-05-24 17:53:52 | ERROR    | yfinance                       | $EDN: possibly delisted; no price data found  (1wk 2026-01-03 -> 2025-03-31) (Yahoo error = "Invalid input - start date cannot be after end date. startDate = 1767416400, endDate = 1743393600")
2026-05-24 17:53:52 | WARNING  | src.data.downloader            | [EDN] yfinance returned empty DataFrame
2026-05-24 17:53:54 | ERROR    | yfinance                       | $LOMA: possibly delisted; no price data found  (1wk 2026-01-03 -> 2025-03-31) (Yahoo error = "Invalid input - start date cannot be after end date. startDate = 1767416400, endDate = 1743393600")
2026-05-24 17:53:54 | WARNING  | src.data.downloader            | [LOMA] yfinance returned empty DataFrame
2026-05-24 17:53:55 | ERROR    | yfinance                       | $CRESY: possibly delisted; no price data found  (1wk 2026-01-03 -> 2025-03-31) (Yahoo error = "Invalid input - start date cannot be after end date. startDate = 1767416400, endDate = 1743393600")
2026-05-24 17:53:55 | WARNING  | src.data.downloader            | [CRESY] yfinance returned empty DataFrame
2026-05-24 17:53:57 | ERROR    | yfinance                       | $IRS: possibly delisted; no price data found  (1wk 2026-01-03 -> 2025-03-31) (Yahoo error = "Invalid input - start date cannot be after end date. startDate = 1767416400, endDate = 1743393600")
2026-05-24 17:53:57 | WARNING  | src.data.downloader            | [IRS] yfinance returned empty DataFrame
2026-05-24 17:53:57 | WARNING  | src.data.downloader            | [YPF] no data downloaded
2026-05-24 17:53:57 | WARNING  | src.data.downloader            | [GGAL] no data downloaded
2026-05-24 17:53:57 | WARNING  | src.data.downloader            | [BMA] no data downloaded
2026-05-24 17:53:57 | WARNING  | src.data.downloader            | [PAM] no data downloaded
2026-05-24 17:53:57 | WARNING  | src.data.downloader            | [TGS] no data downloaded
2026-05-24 17:53:57 | WARNING  | src.data.downloader            | [CEPU] no data downloaded
2026-05-24 17:53:57 | WARNING  | src.data.downloader            | [EDN] no data downloaded
2026-05-24 17:53:57 | WARNING  | src.data.downloader            | [LOMA] no data downloaded
2026-05-24 17:53:57 | WARNING  | src.data.downloader            | [CRESY] no data downloaded
2026-05-24 17:53:57 | WARNING  | src.data.downloader            | [IRS] no data downloaded
2026-05-24 17:53:58 | ERROR    | yfinance                       | $^MERV: possibly delisted; no price data found  (1wk 2026-01-03 -> 2025-03-31) (Yahoo error = "Invalid input - start date cannot be after end date. startDate = 1767409200, endDate = 1743390000")
2026-05-24 17:53:58 | WARNING  | src.data.downloader            | [^MERV] yfinance returned empty DataFrame
2026-05-24 17:53:58 | ERROR    | yfinance                       | $AL30D.BA: possibly delisted; no timezone found
2026-05-24 17:53:58 | WARNING  | src.data.scraper_al30d         | [AL30D.BA] all sources failed and no cache available
2026-05-24 17:53:58 | WARNING  | src.data.scraper_al30d         | sovereign_bond: all sources failed — returning empty series
2026-05-24 17:53:59 | WARNING  | src.data.scraper_ccl           | CCL: all sources failed — returning empty series
2026-05-24 17:53:59 | WARNING  | src.data.scraper_macro         | [macro/ipc] extending last cached value (8317.9250) to fill 2026-01-03 → 2025-03-31
2026-05-24 17:54:00 | WARNING  | src.data.scraper_macro         | [macro/embi] cache has no valid values
2026-05-24 17:54:01 | WARNING  | src.data.scraper_macro         | [macro/reservas] extending last cached value (27251.2258) to fill 2026-01-03 → 2025-03-31
2026-05-24 17:54:02 | WARNING  | src.data.scraper_macro         | [macro/tc_oficial] extending last cached value (1093.5000) to fill 2026-01-03 → 2025-03-31
2026-05-24 17:54:02 | INFO     | src.data.validator             | Coverage report [prices]
2026-05-24 17:54:02 | INFO     | src.data.validator             | ----------------------------------------------------------------------------------
2026-05-24 17:54:02 | INFO     | src.data.validator             | asset                 first_date    last_date      rows    nan    nan%  status    
2026-05-24 17:54:02 | INFO     | src.data.validator             | ----------------------------------------------------------------------------------
2026-05-24 17:54:02 | ERROR    | src.data.validator             | YPF                   MISSING       MISSING           0      0  100.00%  ERROR     
2026-05-24 17:54:02 | ERROR    | src.data.validator             | GGAL                  MISSING       MISSING           0      0  100.00%  ERROR     
2026-05-24 17:54:02 | ERROR    | src.data.validator             | BMA                   MISSING       MISSING           0      0  100.00%  ERROR     
2026-05-24 17:54:02 | ERROR    | src.data.validator             | PAM                   MISSING       MISSING           0      0  100.00%  ERROR     
2026-05-24 17:54:02 | ERROR    | src.data.validator             | TGS                   MISSING       MISSING           0      0  100.00%  ERROR     
2026-05-24 17:54:02 | ERROR    | src.data.validator             | CEPU                  MISSING       MISSING           0      0  100.00%  ERROR     
2026-05-24 17:54:02 | ERROR    | src.data.validator             | EDN                   MISSING       MISSING           0      0  100.00%  ERROR     
2026-05-24 17:54:02 | ERROR    | src.data.validator             | LOMA                  MISSING       MISSING           0      0  100.00%  ERROR     
2026-05-24 17:54:02 | ERROR    | src.data.validator             | CRESY                 MISSING       MISSING           0      0  100.00%  ERROR     
2026-05-24 17:54:02 | ERROR    | src.data.validator             | IRS                   MISSING       MISSING           0      0  100.00%  ERROR     
2026-05-24 17:54:02 | ERROR    | src.data.validator             | sovereign_bond        MISSING       MISSING           0      0  100.00%  ERROR     
2026-05-24 17:54:02 | ERROR    | src.data.validator             | merval                MISSING       MISSING           0      0  100.00%  ERROR     
2026-05-24 17:54:02 | ERROR    | src.data.validator             | ccl                   MISSING       MISSING           0      0  100.00%  ERROR     
2026-05-24 17:54:02 | INFO     | src.data.validator             | ----------------------------------------------------------------------------------
2026-05-24 17:54:02 | INFO     | src.data.validator             | Coverage report [macro]
2026-05-24 17:54:02 | INFO     | src.data.validator             | ----------------------------------------------------------------------------------
2026-05-24 17:54:02 | INFO     | src.data.validator             | asset                 first_date    last_date      rows    nan    nan%  status    
2026-05-24 17:54:02 | INFO     | src.data.validator             | ----------------------------------------------------------------------------------
2026-05-24 17:54:02 | ERROR    | src.data.validator             | ipc                   MISSING       MISSING           0      0  100.00%  ERROR     
2026-05-24 17:54:02 | ERROR    | src.data.validator             | embi                  MISSING       MISSING           0      0  100.00%  ERROR     
2026-05-24 17:54:02 | ERROR    | src.data.validator             | reservas              MISSING       MISSING           0      0  100.00%  ERROR     
2026-05-24 17:54:02 | ERROR    | src.data.validator             | tc_oficial            MISSING       MISSING           0      0  100.00%  ERROR     
2026-05-24 17:54:02 | INFO     | src.data.validator             | ----------------------------------------------------------------------------------
2026-05-24 17:54:02 | ERROR    | src.data.loader                | Live-month validation failed — data NOT appended. 15 error(s):
2026-05-24 17:54:02 | ERROR    | src.data.loader                |   [YPF] series is entirely NaN (0 rows)
2026-05-24 17:54:02 | ERROR    | src.data.loader                |   [GGAL] series is entirely NaN (0 rows)
2026-05-24 17:54:02 | ERROR    | src.data.loader                |   [BMA] series is entirely NaN (0 rows)
2026-05-24 17:54:02 | ERROR    | src.data.loader                |   [PAM] series is entirely NaN (0 rows)
2026-05-24 17:54:02 | ERROR    | src.data.loader                |   [TGS] series is entirely NaN (0 rows)
2026-05-24 17:54:02 | ERROR    | src.data.loader                |   [CEPU] series is entirely NaN (0 rows)
2026-05-24 17:54:02 | ERROR    | src.data.loader                |   [EDN] series is entirely NaN (0 rows)
2026-05-24 17:54:02 | ERROR    | src.data.loader                |   [LOMA] series is entirely NaN (0 rows)
2026-05-24 17:54:02 | ERROR    | src.data.loader                |   [CRESY] series is entirely NaN (0 rows)
2026-05-24 17:54:02 | ERROR    | src.data.loader                |   [IRS] series is entirely NaN (0 rows)
2026-05-24 17:54:02 | ERROR    | src.data.loader                |   [merval] series is entirely NaN (0 rows)
2026-05-24 17:54:02 | ERROR    | src.data.loader                |   [ccl] series is entirely NaN (0 rows)
2026-05-24 17:54:02 | ERROR    | src.data.loader                |   [ipc] series is entirely NaN (0 rows)
2026-05-24 17:54:02 | ERROR    | src.data.loader                |   [reservas] series is entirely NaN (0 rows)
2026-05-24 17:54:02 | ERROR    | src.data.loader                |   [tc_oficial] series is entirely NaN (0 rows)
2026-05-24 17:54:02 | INFO     | src.features.features          | compute_features: 851 weekly rows | 10 tickers | warm-up = 30 rows
2026-05-24 17:54:02 | WARNING  | src.nlp.nlp                    | Skipping bcra_monetario_feb_2025.pdf — extraction failed: No module named 'pdfminer'
2026-05-24 17:54:02 | WARNING  | src.nlp.nlp                    | Skipping bcra_rem_mar_2025.pdf — extraction failed: No module named 'pdfminer'
2026-05-24 17:54:02 | WARNING  | src.nlp.nlp                    | Skipping indec_informa_02_25.pdf — extraction failed: No module named 'pdfminer'
2026-05-24 17:54:04 | INFO     | src.nlp.nlp                    | Loaded from data\news\2025\03 — macro=1 docs, company=56 docs across 10 tickers
2026-05-24 17:54:04 | INFO     | src.utils.utils                | [DONE]  live 2025-03 — 22.17s
2026-05-24 17:54:04 | ERROR    | __main__                       | Month 2025-03 failed (ModuleNotFoundError: No module named 'transformers') — applying carry-forward.
2026-05-24 17:54:04 | ERROR    | __main__                       | No prior allocation to carry forward — month 2025-03 skipped entirely.
2026-05-24 17:54:04 | INFO     | src.utils.utils                | [START] live 2025-04
2026-05-24 17:54:04 | INFO     | src.data.loader                | Starting live-month download: 2026-01-03 → 2025-04-30 (cutoff: 2025-04-30) | tickers: ['YPF', 'GGAL', 'BMA', 'PAM', 'TGS', 'CEPU', 'EDN', 'LOMA', 'CRESY', 'IRS']
2026-05-24 17:54:06 | ERROR    | yfinance                       | $YPF: possibly delisted; no price data found  (1wk 2026-01-03 -> 2025-04-30) (Yahoo error = "Invalid input - start date cannot be after end date. startDate = 1767416400, endDate = 1745985600")
2026-05-24 17:54:06 | WARNING  | src.data.downloader            | [YPF] yfinance returned empty DataFrame
2026-05-24 17:54:07 | ERROR    | yfinance                       | $GGAL: possibly delisted; no price data found  (1wk 2026-01-03 -> 2025-04-30) (Yahoo error = "Invalid input - start date cannot be after end date. startDate = 1767416400, endDate = 1745985600")
2026-05-24 17:54:07 | WARNING  | src.data.downloader            | [GGAL] yfinance returned empty DataFrame
2026-05-24 17:54:09 | ERROR    | yfinance                       | $BMA: possibly delisted; no price data found  (1wk 2026-01-03 -> 2025-04-30) (Yahoo error = "Invalid input - start date cannot be after end date. startDate = 1767416400, endDate = 1745985600")
2026-05-24 17:54:09 | WARNING  | src.data.downloader            | [BMA] yfinance returned empty DataFrame
2026-05-24 17:54:10 | ERROR    | yfinance                       | $PAM: possibly delisted; no price data found  (1wk 2026-01-03 -> 2025-04-30) (Yahoo error = "Invalid input - start date cannot be after end date. startDate = 1767416400, endDate = 1745985600")
2026-05-24 17:54:10 | WARNING  | src.data.downloader            | [PAM] yfinance returned empty DataFrame
2026-05-24 17:54:11 | ERROR    | yfinance                       | $TGS: possibly delisted; no price data found  (1wk 2026-01-03 -> 2025-04-30) (Yahoo error = "Invalid input - start date cannot be after end date. startDate = 1767416400, endDate = 1745985600")
2026-05-24 17:54:11 | WARNING  | src.data.downloader            | [TGS] yfinance returned empty DataFrame
2026-05-24 17:54:13 | ERROR    | yfinance                       | $CEPU: possibly delisted; no price data found  (1wk 2026-01-03 -> 2025-04-30) (Yahoo error = "Invalid input - start date cannot be after end date. startDate = 1767416400, endDate = 1745985600")
2026-05-24 17:54:13 | WARNING  | src.data.downloader            | [CEPU] yfinance returned empty DataFrame
2026-05-24 17:54:14 | ERROR    | yfinance                       | $EDN: possibly delisted; no price data found  (1wk 2026-01-03 -> 2025-04-30) (Yahoo error = "Invalid input - start date cannot be after end date. startDate = 1767416400, endDate = 1745985600")
2026-05-24 17:54:14 | WARNING  | src.data.downloader            | [EDN] yfinance returned empty DataFrame
2026-05-24 17:54:15 | ERROR    | yfinance                       | $LOMA: possibly delisted; no price data found  (1wk 2026-01-03 -> 2025-04-30) (Yahoo error = "Invalid input - start date cannot be after end date. startDate = 1767416400, endDate = 1745985600")
2026-05-24 17:54:15 | WARNING  | src.data.downloader            | [LOMA] yfinance returned empty DataFrame
2026-05-24 17:54:17 | ERROR    | yfinance                       | $CRESY: possibly delisted; no price data found  (1wk 2026-01-03 -> 2025-04-30) (Yahoo error = "Invalid input - start date cannot be after end date. startDate = 1767416400, endDate = 1745985600")
2026-05-24 17:54:17 | WARNING  | src.data.downloader            | [CRESY] yfinance returned empty DataFrame
2026-05-24 17:54:18 | ERROR    | yfinance                       | $IRS: possibly delisted; no price data found  (1wk 2026-01-03 -> 2025-04-30) (Yahoo error = "Invalid input - start date cannot be after end date. startDate = 1767416400, endDate = 1745985600")
2026-05-24 17:54:18 | WARNING  | src.data.downloader            | [IRS] yfinance returned empty DataFrame
2026-05-24 17:54:18 | WARNING  | src.data.downloader            | [YPF] no data downloaded
2026-05-24 17:54:18 | WARNING  | src.data.downloader            | [GGAL] no data downloaded
2026-05-24 17:54:18 | WARNING  | src.data.downloader            | [BMA] no data downloaded
2026-05-24 17:54:18 | WARNING  | src.data.downloader            | [PAM] no data downloaded
2026-05-24 17:54:18 | WARNING  | src.data.downloader            | [TGS] no data downloaded
2026-05-24 17:54:18 | WARNING  | src.data.downloader            | [CEPU] no data downloaded
2026-05-24 17:54:18 | WARNING  | src.data.downloader            | [EDN] no data downloaded
2026-05-24 17:54:18 | WARNING  | src.data.downloader            | [LOMA] no data downloaded
2026-05-24 17:54:18 | WARNING  | src.data.downloader            | [CRESY] no data downloaded
2026-05-24 17:54:18 | WARNING  | src.data.downloader            | [IRS] no data downloaded
2026-05-24 17:54:19 | ERROR    | yfinance                       | $^MERV: possibly delisted; no price data found  (1wk 2026-01-03 -> 2025-04-30) (Yahoo error = "Invalid input - start date cannot be after end date. startDate = 1767409200, endDate = 1745982000")
2026-05-24 17:54:19 | WARNING  | src.data.downloader            | [^MERV] yfinance returned empty DataFrame
2026-05-24 17:54:19 | ERROR    | yfinance                       | $AL30D.BA: possibly delisted; no timezone found
2026-05-24 17:54:19 | WARNING  | src.data.scraper_al30d         | [AL30D.BA] all sources failed and no cache available
2026-05-24 17:54:19 | WARNING  | src.data.scraper_al30d         | sovereign_bond: all sources failed — returning empty series
2026-05-24 17:54:20 | WARNING  | src.data.scraper_ccl           | CCL: all sources failed — returning empty series
2026-05-24 17:54:21 | WARNING  | src.data.scraper_macro         | [macro/ipc] extending last cached value (8547.3129) to fill 2026-01-03 → 2025-04-30
2026-05-24 17:54:21 | WARNING  | src.data.scraper_macro         | [macro/embi] cache has no valid values
2026-05-24 17:54:22 | WARNING  | src.data.scraper_macro         | [macro/reservas] extending last cached value (32301.2000) to fill 2026-01-03 → 2025-04-30
2026-05-24 17:54:23 | WARNING  | src.data.scraper_macro         | [macro/tc_oficial] extending last cached value (1190.0000) to fill 2026-01-03 → 2025-04-30
2026-05-24 17:54:23 | INFO     | src.data.validator             | Coverage report [prices]
2026-05-24 17:54:23 | INFO     | src.data.validator             | ----------------------------------------------------------------------------------
2026-05-24 17:54:23 | INFO     | src.data.validator             | asset                 first_date    last_date      rows    nan    nan%  status    
2026-05-24 17:54:23 | INFO     | src.data.validator             | ----------------------------------------------------------------------------------
2026-05-24 17:54:23 | ERROR    | src.data.validator             | YPF                   MISSING       MISSING           0      0  100.00%  ERROR     
2026-05-24 17:54:23 | ERROR    | src.data.validator             | GGAL                  MISSING       MISSING           0      0  100.00%  ERROR     
2026-05-24 17:54:23 | ERROR    | src.data.validator             | BMA                   MISSING       MISSING           0      0  100.00%  ERROR     
2026-05-24 17:54:23 | ERROR    | src.data.validator             | PAM                   MISSING       MISSING           0      0  100.00%  ERROR     
2026-05-24 17:54:23 | ERROR    | src.data.validator             | TGS                   MISSING       MISSING           0      0  100.00%  ERROR     
2026-05-24 17:54:23 | ERROR    | src.data.validator             | CEPU                  MISSING       MISSING           0      0  100.00%  ERROR     
2026-05-24 17:54:23 | ERROR    | src.data.validator             | EDN                   MISSING       MISSING           0      0  100.00%  ERROR     
2026-05-24 17:54:23 | ERROR    | src.data.validator             | LOMA                  MISSING       MISSING           0      0  100.00%  ERROR     
2026-05-24 17:54:23 | ERROR    | src.data.validator             | CRESY                 MISSING       MISSING           0      0  100.00%  ERROR     
2026-05-24 17:54:23 | ERROR    | src.data.validator             | IRS                   MISSING       MISSING           0      0  100.00%  ERROR     
2026-05-24 17:54:23 | ERROR    | src.data.validator             | sovereign_bond        MISSING       MISSING           0      0  100.00%  ERROR     
2026-05-24 17:54:23 | ERROR    | src.data.validator             | merval                MISSING       MISSING           0      0  100.00%  ERROR     
2026-05-24 17:54:23 | ERROR    | src.data.validator             | ccl                   MISSING       MISSING           0      0  100.00%  ERROR     
2026-05-24 17:54:23 | INFO     | src.data.validator             | ----------------------------------------------------------------------------------
2026-05-24 17:54:23 | INFO     | src.data.validator             | Coverage report [macro]
2026-05-24 17:54:23 | INFO     | src.data.validator             | ----------------------------------------------------------------------------------
2026-05-24 17:54:23 | INFO     | src.data.validator             | asset                 first_date    last_date      rows    nan    nan%  status    
2026-05-24 17:54:23 | INFO     | src.data.validator             | ----------------------------------------------------------------------------------
2026-05-24 17:54:23 | ERROR    | src.data.validator             | ipc                   MISSING       MISSING           0      0  100.00%  ERROR     
2026-05-24 17:54:23 | ERROR    | src.data.validator             | embi                  MISSING       MISSING           0      0  100.00%  ERROR     
2026-05-24 17:54:23 | ERROR    | src.data.validator             | reservas              MISSING       MISSING           0      0  100.00%  ERROR     
2026-05-24 17:54:23 | ERROR    | src.data.validator             | tc_oficial            MISSING       MISSING           0      0  100.00%  ERROR     
2026-05-24 17:54:23 | INFO     | src.data.validator             | ----------------------------------------------------------------------------------
2026-05-24 17:54:23 | ERROR    | src.data.loader                | Live-month validation failed — data NOT appended. 15 error(s):
2026-05-24 17:54:23 | ERROR    | src.data.loader                |   [YPF] series is entirely NaN (0 rows)
2026-05-24 17:54:23 | ERROR    | src.data.loader                |   [GGAL] series is entirely NaN (0 rows)
2026-05-24 17:54:23 | ERROR    | src.data.loader                |   [BMA] series is entirely NaN (0 rows)
2026-05-24 17:54:23 | ERROR    | src.data.loader                |   [PAM] series is entirely NaN (0 rows)
2026-05-24 17:54:23 | ERROR    | src.data.loader                |   [TGS] series is entirely NaN (0 rows)
2026-05-24 17:54:23 | ERROR    | src.data.loader                |   [CEPU] series is entirely NaN (0 rows)
2026-05-24 17:54:23 | ERROR    | src.data.loader                |   [EDN] series is entirely NaN (0 rows)
2026-05-24 17:54:23 | ERROR    | src.data.loader                |   [LOMA] series is entirely NaN (0 rows)
2026-05-24 17:54:23 | ERROR    | src.data.loader                |   [CRESY] series is entirely NaN (0 rows)
2026-05-24 17:54:23 | ERROR    | src.data.loader                |   [IRS] series is entirely NaN (0 rows)
2026-05-24 17:54:23 | ERROR    | src.data.loader                |   [merval] series is entirely NaN (0 rows)
2026-05-24 17:54:23 | ERROR    | src.data.loader                |   [ccl] series is entirely NaN (0 rows)
2026-05-24 17:54:23 | ERROR    | src.data.loader                |   [ipc] series is entirely NaN (0 rows)
2026-05-24 17:54:23 | ERROR    | src.data.loader                |   [reservas] series is entirely NaN (0 rows)
2026-05-24 17:54:23 | ERROR    | src.data.loader                |   [tc_oficial] series is entirely NaN (0 rows)
2026-05-24 17:54:23 | INFO     | src.features.features          | compute_features: 855 weekly rows | 10 tickers | warm-up = 30 rows
2026-05-24 17:54:23 | WARNING  | src.nlp.nlp                    | Skipping bcra_monetario_mar_2025.pdf — extraction failed: No module named 'pdfminer'
2026-05-24 17:54:23 | WARNING  | src.nlp.nlp                    | Skipping bcra_rem_abr_2025.pdf — extraction failed: No module named 'pdfminer'
2026-05-24 17:54:23 | WARNING  | src.nlp.nlp                    | Skipping indec_informa_03_25.pdf — extraction failed: No module named 'pdfminer'
2026-05-24 17:54:25 | INFO     | src.nlp.nlp                    | Loaded from data\news\2025\04 — macro=0 docs, company=31 docs across 10 tickers
2026-05-24 17:54:25 | INFO     | src.utils.utils                | [DONE]  live 2025-04 — 21.20s
2026-05-24 17:54:25 | ERROR    | __main__                       | Month 2025-04 failed (ModuleNotFoundError: No module named 'transformers') — applying carry-forward.
2026-05-24 17:54:25 | ERROR    | __main__                       | No prior allocation to carry forward — month 2025-04 skipped entirely.
2026-05-24 17:54:25 | INFO     | src.utils.utils                | [START] live 2025-05
2026-05-24 17:54:25 | INFO     | src.data.loader                | Starting live-month download: 2026-01-03 → 2025-05-31 (cutoff: 2025-05-31) | tickers: ['YPF', 'GGAL', 'BMA', 'PAM', 'TGS', 'CEPU', 'EDN', 'LOMA', 'CRESY', 'IRS']
2026-05-24 17:54:27 | ERROR    | yfinance                       | $YPF: possibly delisted; no price data found  (1wk 2026-01-03 -> 2025-05-31) (Yahoo error = "Invalid input - start date cannot be after end date. startDate = 1767416400, endDate = 1748664000")
2026-05-24 17:54:27 | WARNING  | src.data.downloader            | [YPF] yfinance returned empty DataFrame
2026-05-24 17:54:28 | ERROR    | yfinance                       | $GGAL: possibly delisted; no price data found  (1wk 2026-01-03 -> 2025-05-31) (Yahoo error = "Invalid input - start date cannot be after end date. startDate = 1767416400, endDate = 1748664000")
2026-05-24 17:54:28 | WARNING  | src.data.downloader            | [GGAL] yfinance returned empty DataFrame
2026-05-24 17:54:29 | ERROR    | yfinance                       | $BMA: possibly delisted; no price data found  (1wk 2026-01-03 -> 2025-05-31) (Yahoo error = "Invalid input - start date cannot be after end date. startDate = 1767416400, endDate = 1748664000")
2026-05-24 17:54:29 | WARNING  | src.data.downloader            | [BMA] yfinance returned empty DataFrame
2026-05-24 17:54:31 | ERROR    | yfinance                       | $PAM: possibly delisted; no price data found  (1wk 2026-01-03 -> 2025-05-31) (Yahoo error = "Invalid input - start date cannot be after end date. startDate = 1767416400, endDate = 1748664000")
2026-05-24 17:54:31 | WARNING  | src.data.downloader            | [PAM] yfinance returned empty DataFrame
2026-05-24 17:54:32 | ERROR    | yfinance                       | $TGS: possibly delisted; no price data found  (1wk 2026-01-03 -> 2025-05-31) (Yahoo error = "Invalid input - start date cannot be after end date. startDate = 1767416400, endDate = 1748664000")
2026-05-24 17:54:32 | WARNING  | src.data.downloader            | [TGS] yfinance returned empty DataFrame
2026-05-24 17:54:34 | ERROR    | yfinance                       | $CEPU: possibly delisted; no price data found  (1wk 2026-01-03 -> 2025-05-31) (Yahoo error = "Invalid input - start date cannot be after end date. startDate = 1767416400, endDate = 1748664000")
2026-05-24 17:54:34 | WARNING  | src.data.downloader            | [CEPU] yfinance returned empty DataFrame
2026-05-24 17:54:35 | ERROR    | yfinance                       | $EDN: possibly delisted; no price data found  (1wk 2026-01-03 -> 2025-05-31) (Yahoo error = "Invalid input - start date cannot be after end date. startDate = 1767416400, endDate = 1748664000")
2026-05-24 17:54:35 | WARNING  | src.data.downloader            | [EDN] yfinance returned empty DataFrame
2026-05-24 17:54:37 | ERROR    | yfinance                       | $LOMA: possibly delisted; no price data found  (1wk 2026-01-03 -> 2025-05-31) (Yahoo error = "Invalid input - start date cannot be after end date. startDate = 1767416400, endDate = 1748664000")
2026-05-24 17:54:37 | WARNING  | src.data.downloader            | [LOMA] yfinance returned empty DataFrame
2026-05-24 17:54:38 | ERROR    | yfinance                       | $CRESY: possibly delisted; no price data found  (1wk 2026-01-03 -> 2025-05-31) (Yahoo error = "Invalid input - start date cannot be after end date. startDate = 1767416400, endDate = 1748664000")
2026-05-24 17:54:38 | WARNING  | src.data.downloader            | [CRESY] yfinance returned empty DataFrame
2026-05-24 17:54:40 | ERROR    | yfinance                       | $IRS: possibly delisted; no price data found  (1wk 2026-01-03 -> 2025-05-31) (Yahoo error = "Invalid input - start date cannot be after end date. startDate = 1767416400, endDate = 1748664000")
2026-05-24 17:54:40 | WARNING  | src.data.downloader            | [IRS] yfinance returned empty DataFrame
2026-05-24 17:54:40 | WARNING  | src.data.downloader            | [YPF] no data downloaded
2026-05-24 17:54:40 | WARNING  | src.data.downloader            | [GGAL] no data downloaded
2026-05-24 17:54:40 | WARNING  | src.data.downloader            | [BMA] no data downloaded
2026-05-24 17:54:40 | WARNING  | src.data.downloader            | [PAM] no data downloaded
2026-05-24 17:54:40 | WARNING  | src.data.downloader            | [TGS] no data downloaded
2026-05-24 17:54:40 | WARNING  | src.data.downloader            | [CEPU] no data downloaded
2026-05-24 17:54:40 | WARNING  | src.data.downloader            | [EDN] no data downloaded
2026-05-24 17:54:40 | WARNING  | src.data.downloader            | [LOMA] no data downloaded
2026-05-24 17:54:40 | WARNING  | src.data.downloader            | [CRESY] no data downloaded
2026-05-24 17:54:40 | WARNING  | src.data.downloader            | [IRS] no data downloaded
2026-05-24 17:54:41 | ERROR    | yfinance                       | $^MERV: possibly delisted; no price data found  (1wk 2026-01-03 -> 2025-05-31) (Yahoo error = "Invalid input - start date cannot be after end date. startDate = 1767409200, endDate = 1748660400")
2026-05-24 17:54:41 | WARNING  | src.data.downloader            | [^MERV] yfinance returned empty DataFrame
2026-05-24 17:54:41 | ERROR    | yfinance                       | $AL30D.BA: possibly delisted; no timezone found
2026-05-24 17:54:41 | WARNING  | src.data.scraper_al30d         | [AL30D.BA] all sources failed and no cache available
2026-05-24 17:54:41 | WARNING  | src.data.scraper_al30d         | sovereign_bond: all sources failed — returning empty series
2026-05-24 17:54:41 | WARNING  | src.data.scraper_ccl           | CCL: all sources failed — returning empty series
2026-05-24 17:54:42 | WARNING  | src.data.scraper_macro         | [macro/ipc] extending last cached value (8547.3129) to fill 2026-01-03 → 2025-05-31
2026-05-24 17:54:43 | WARNING  | src.data.scraper_macro         | [macro/embi] cache has no valid values
2026-05-24 17:54:43 | WARNING  | src.data.scraper_macro         | [macro/reservas] extending last cached value (32301.2000) to fill 2026-01-03 → 2025-05-31
2026-05-24 17:54:45 | WARNING  | src.data.scraper_macro         | [macro/tc_oficial] extending last cached value (1200.0000) to fill 2026-01-03 → 2025-05-31
2026-05-24 17:54:45 | INFO     | src.data.validator             | Coverage report [prices]
2026-05-24 17:54:45 | INFO     | src.data.validator             | ----------------------------------------------------------------------------------
2026-05-24 17:54:45 | INFO     | src.data.validator             | asset                 first_date    last_date      rows    nan    nan%  status    
2026-05-24 17:54:45 | INFO     | src.data.validator             | ----------------------------------------------------------------------------------
2026-05-24 17:54:45 | ERROR    | src.data.validator             | YPF                   MISSING       MISSING           0      0  100.00%  ERROR     
2026-05-24 17:54:45 | ERROR    | src.data.validator             | GGAL                  MISSING       MISSING           0      0  100.00%  ERROR     
2026-05-24 17:54:45 | ERROR    | src.data.validator             | BMA                   MISSING       MISSING           0      0  100.00%  ERROR     
2026-05-24 17:54:45 | ERROR    | src.data.validator             | PAM                   MISSING       MISSING           0      0  100.00%  ERROR     
2026-05-24 17:54:45 | ERROR    | src.data.validator             | TGS                   MISSING       MISSING           0      0  100.00%  ERROR     
2026-05-24 17:54:45 | ERROR    | src.data.validator             | CEPU                  MISSING       MISSING           0      0  100.00%  ERROR     
2026-05-24 17:54:45 | ERROR    | src.data.validator             | EDN                   MISSING       MISSING           0      0  100.00%  ERROR     
2026-05-24 17:54:45 | ERROR    | src.data.validator             | LOMA                  MISSING       MISSING           0      0  100.00%  ERROR     
2026-05-24 17:54:45 | ERROR    | src.data.validator             | CRESY                 MISSING       MISSING           0      0  100.00%  ERROR     
2026-05-24 17:54:45 | ERROR    | src.data.validator             | IRS                   MISSING       MISSING           0      0  100.00%  ERROR     
2026-05-24 17:54:45 | ERROR    | src.data.validator             | sovereign_bond        MISSING       MISSING           0      0  100.00%  ERROR     
2026-05-24 17:54:45 | ERROR    | src.data.validator             | merval                MISSING       MISSING           0      0  100.00%  ERROR     
2026-05-24 17:54:45 | ERROR    | src.data.validator             | ccl                   MISSING       MISSING           0      0  100.00%  ERROR     
2026-05-24 17:54:45 | INFO     | src.data.validator             | ----------------------------------------------------------------------------------
2026-05-24 17:54:45 | INFO     | src.data.validator             | Coverage report [macro]
2026-05-24 17:54:45 | INFO     | src.data.validator             | ----------------------------------------------------------------------------------
2026-05-24 17:54:45 | INFO     | src.data.validator             | asset                 first_date    last_date      rows    nan    nan%  status    
2026-05-24 17:54:45 | INFO     | src.data.validator             | ----------------------------------------------------------------------------------
2026-05-24 17:54:45 | ERROR    | src.data.validator             | ipc                   MISSING       MISSING           0      0  100.00%  ERROR     
2026-05-24 17:54:45 | ERROR    | src.data.validator             | embi                  MISSING       MISSING           0      0  100.00%  ERROR     
2026-05-24 17:54:45 | ERROR    | src.data.validator             | reservas              MISSING       MISSING           0      0  100.00%  ERROR     
2026-05-24 17:54:45 | ERROR    | src.data.validator             | tc_oficial            MISSING       MISSING           0      0  100.00%  ERROR     
2026-05-24 17:54:45 | INFO     | src.data.validator             | ----------------------------------------------------------------------------------
2026-05-24 17:54:45 | ERROR    | src.data.loader                | Live-month validation failed — data NOT appended. 15 error(s):
2026-05-24 17:54:45 | ERROR    | src.data.loader                |   [YPF] series is entirely NaN (0 rows)
2026-05-24 17:54:45 | ERROR    | src.data.loader                |   [GGAL] series is entirely NaN (0 rows)
2026-05-24 17:54:45 | ERROR    | src.data.loader                |   [BMA] series is entirely NaN (0 rows)
2026-05-24 17:54:45 | ERROR    | src.data.loader                |   [PAM] series is entirely NaN (0 rows)
2026-05-24 17:54:45 | ERROR    | src.data.loader                |   [TGS] series is entirely NaN (0 rows)
2026-05-24 17:54:45 | ERROR    | src.data.loader                |   [CEPU] series is entirely NaN (0 rows)
2026-05-24 17:54:45 | ERROR    | src.data.loader                |   [EDN] series is entirely NaN (0 rows)
2026-05-24 17:54:45 | ERROR    | src.data.loader                |   [LOMA] series is entirely NaN (0 rows)
2026-05-24 17:54:45 | ERROR    | src.data.loader                |   [CRESY] series is entirely NaN (0 rows)
2026-05-24 17:54:45 | ERROR    | src.data.loader                |   [IRS] series is entirely NaN (0 rows)
2026-05-24 17:54:45 | ERROR    | src.data.loader                |   [merval] series is entirely NaN (0 rows)
2026-05-24 17:54:45 | ERROR    | src.data.loader                |   [ccl] series is entirely NaN (0 rows)
2026-05-24 17:54:45 | ERROR    | src.data.loader                |   [ipc] series is entirely NaN (0 rows)
2026-05-24 17:54:45 | ERROR    | src.data.loader                |   [reservas] series is entirely NaN (0 rows)
2026-05-24 17:54:45 | ERROR    | src.data.loader                |   [tc_oficial] series is entirely NaN (0 rows)
2026-05-24 17:54:45 | INFO     | src.features.features          | compute_features: 859 weekly rows | 10 tickers | warm-up = 30 rows
2026-05-24 17:54:45 | WARNING  | src.nlp.nlp                    | Skipping bcra_monetario_abr_2025.pdf — extraction failed: No module named 'pdfminer'
2026-05-24 17:54:45 | WARNING  | src.nlp.nlp                    | Skipping bcra_rem_may_2025.pdf — extraction failed: No module named 'pdfminer'
2026-05-24 17:54:45 | WARNING  | src.nlp.nlp                    | Skipping indec_informa_04_25.pdf — extraction failed: No module named 'pdfminer'
2026-05-24 17:54:47 | INFO     | src.nlp.nlp                    | Loaded from data\news\2025\05 — macro=1 docs, company=49 docs across 10 tickers
2026-05-24 17:54:47 | INFO     | src.utils.utils                | [DONE]  live 2025-05 — 21.71s
2026-05-24 17:54:47 | ERROR    | __main__                       | Month 2025-05 failed (ModuleNotFoundError: No module named 'transformers') — applying carry-forward.
2026-05-24 17:54:47 | ERROR    | __main__                       | No prior allocation to carry forward — month 2025-05 skipped entirely.
2026-05-24 17:54:47 | INFO     | src.utils.utils                | [START] live 2025-06
2026-05-24 17:54:47 | INFO     | src.data.loader                | Starting live-month download: 2026-01-03 → 2025-06-30 (cutoff: 2025-06-30) | tickers: ['YPF', 'GGAL', 'BMA', 'PAM', 'TGS', 'CEPU', 'EDN', 'LOMA', 'CRESY', 'IRS']
2026-05-24 17:54:48 | ERROR    | yfinance                       | $YPF: possibly delisted; no price data found  (1wk 2026-01-03 -> 2025-06-30) (Yahoo error = "Invalid input - start date cannot be after end date. startDate = 1767416400, endDate = 1751256000")
2026-05-24 17:54:48 | WARNING  | src.data.downloader            | [YPF] yfinance returned empty DataFrame
2026-05-24 17:54:50 | ERROR    | yfinance                       | $GGAL: possibly delisted; no price data found  (1wk 2026-01-03 -> 2025-06-30) (Yahoo error = "Invalid input - start date cannot be after end date. startDate = 1767416400, endDate = 1751256000")
2026-05-24 17:54:50 | WARNING  | src.data.downloader            | [GGAL] yfinance returned empty DataFrame
2026-05-24 17:54:51 | ERROR    | yfinance                       | $BMA: possibly delisted; no price data found  (1wk 2026-01-03 -> 2025-06-30) (Yahoo error = "Invalid input - start date cannot be after end date. startDate = 1767416400, endDate = 1751256000")
2026-05-24 17:54:51 | WARNING  | src.data.downloader            | [BMA] yfinance returned empty DataFrame
2026-05-24 17:54:53 | ERROR    | yfinance                       | $PAM: possibly delisted; no price data found  (1wk 2026-01-03 -> 2025-06-30) (Yahoo error = "Invalid input - start date cannot be after end date. startDate = 1767416400, endDate = 1751256000")
2026-05-24 17:54:53 | WARNING  | src.data.downloader            | [PAM] yfinance returned empty DataFrame
2026-05-24 17:54:54 | ERROR    | yfinance                       | $TGS: possibly delisted; no price data found  (1wk 2026-01-03 -> 2025-06-30) (Yahoo error = "Invalid input - start date cannot be after end date. startDate = 1767416400, endDate = 1751256000")
2026-05-24 17:54:54 | WARNING  | src.data.downloader            | [TGS] yfinance returned empty DataFrame
2026-05-24 17:54:55 | ERROR    | yfinance                       | $CEPU: possibly delisted; no price data found  (1wk 2026-01-03 -> 2025-06-30) (Yahoo error = "Invalid input - start date cannot be after end date. startDate = 1767416400, endDate = 1751256000")
2026-05-24 17:54:55 | WARNING  | src.data.downloader            | [CEPU] yfinance returned empty DataFrame
2026-05-24 17:54:57 | ERROR    | yfinance                       | $EDN: possibly delisted; no price data found  (1wk 2026-01-03 -> 2025-06-30) (Yahoo error = "Invalid input - start date cannot be after end date. startDate = 1767416400, endDate = 1751256000")
2026-05-24 17:54:57 | WARNING  | src.data.downloader            | [EDN] yfinance returned empty DataFrame
2026-05-24 17:54:58 | ERROR    | yfinance                       | $LOMA: possibly delisted; no price data found  (1wk 2026-01-03 -> 2025-06-30) (Yahoo error = "Invalid input - start date cannot be after end date. startDate = 1767416400, endDate = 1751256000")
2026-05-24 17:54:58 | WARNING  | src.data.downloader            | [LOMA] yfinance returned empty DataFrame
2026-05-24 17:55:00 | ERROR    | yfinance                       | $CRESY: possibly delisted; no price data found  (1wk 2026-01-03 -> 2025-06-30) (Yahoo error = "Invalid input - start date cannot be after end date. startDate = 1767416400, endDate = 1751256000")
2026-05-24 17:55:00 | WARNING  | src.data.downloader            | [CRESY] yfinance returned empty DataFrame
2026-05-24 17:55:01 | ERROR    | yfinance                       | $IRS: possibly delisted; no price data found  (1wk 2026-01-03 -> 2025-06-30) (Yahoo error = "Invalid input - start date cannot be after end date. startDate = 1767416400, endDate = 1751256000")
2026-05-24 17:55:01 | WARNING  | src.data.downloader            | [IRS] yfinance returned empty DataFrame
2026-05-24 17:55:01 | WARNING  | src.data.downloader            | [YPF] no data downloaded
2026-05-24 17:55:01 | WARNING  | src.data.downloader            | [GGAL] no data downloaded
2026-05-24 17:55:01 | WARNING  | src.data.downloader            | [BMA] no data downloaded
2026-05-24 17:55:01 | WARNING  | src.data.downloader            | [PAM] no data downloaded
2026-05-24 17:55:01 | WARNING  | src.data.downloader            | [TGS] no data downloaded
2026-05-24 17:55:01 | WARNING  | src.data.downloader            | [CEPU] no data downloaded
2026-05-24 17:55:01 | WARNING  | src.data.downloader            | [EDN] no data downloaded
2026-05-24 17:55:01 | WARNING  | src.data.downloader            | [LOMA] no data downloaded
2026-05-24 17:55:01 | WARNING  | src.data.downloader            | [CRESY] no data downloaded
2026-05-24 17:55:01 | WARNING  | src.data.downloader            | [IRS] no data downloaded
2026-05-24 17:55:02 | ERROR    | yfinance                       | $^MERV: possibly delisted; no price data found  (1wk 2026-01-03 -> 2025-06-30) (Yahoo error = "Invalid input - start date cannot be after end date. startDate = 1767409200, endDate = 1751252400")
2026-05-24 17:55:02 | WARNING  | src.data.downloader            | [^MERV] yfinance returned empty DataFrame
2026-05-24 17:55:02 | ERROR    | yfinance                       | $AL30D.BA: possibly delisted; no timezone found
2026-05-24 17:55:02 | WARNING  | src.data.scraper_al30d         | [AL30D.BA] all sources failed and no cache available
2026-05-24 17:55:02 | WARNING  | src.data.scraper_al30d         | sovereign_bond: all sources failed — returning empty series
2026-05-24 17:55:03 | WARNING  | src.data.scraper_ccl           | CCL: all sources failed — returning empty series
2026-05-24 17:55:04 | WARNING  | src.data.scraper_macro         | [macro/ipc] extending last cached value (8851.2214) to fill 2026-01-03 → 2025-06-30
2026-05-24 17:55:04 | WARNING  | src.data.scraper_macro         | [macro/embi] cache has no valid values
2026-05-24 17:55:05 | WARNING  | src.data.scraper_macro         | [macro/reservas] extending last cached value (39759.5333) to fill 2026-01-03 → 2025-06-30
2026-05-24 17:55:06 | WARNING  | src.data.scraper_macro         | [macro/tc_oficial] extending last cached value (1215.0000) to fill 2026-01-03 → 2025-06-30
2026-05-24 17:55:06 | INFO     | src.data.validator             | Coverage report [prices]
2026-05-24 17:55:06 | INFO     | src.data.validator             | ----------------------------------------------------------------------------------
2026-05-24 17:55:06 | INFO     | src.data.validator             | asset                 first_date    last_date      rows    nan    nan%  status    
2026-05-24 17:55:06 | INFO     | src.data.validator             | ----------------------------------------------------------------------------------
2026-05-24 17:55:06 | ERROR    | src.data.validator             | YPF                   MISSING       MISSING           0      0  100.00%  ERROR     
2026-05-24 17:55:06 | ERROR    | src.data.validator             | GGAL                  MISSING       MISSING           0      0  100.00%  ERROR     
2026-05-24 17:55:06 | ERROR    | src.data.validator             | BMA                   MISSING       MISSING           0      0  100.00%  ERROR     
2026-05-24 17:55:06 | ERROR    | src.data.validator             | PAM                   MISSING       MISSING           0      0  100.00%  ERROR     
2026-05-24 17:55:06 | ERROR    | src.data.validator             | TGS                   MISSING       MISSING           0      0  100.00%  ERROR     
2026-05-24 17:55:06 | ERROR    | src.data.validator             | CEPU                  MISSING       MISSING           0      0  100.00%  ERROR     
2026-05-24 17:55:06 | ERROR    | src.data.validator             | EDN                   MISSING       MISSING           0      0  100.00%  ERROR     
2026-05-24 17:55:06 | ERROR    | src.data.validator             | LOMA                  MISSING       MISSING           0      0  100.00%  ERROR     
2026-05-24 17:55:06 | ERROR    | src.data.validator             | CRESY                 MISSING       MISSING           0      0  100.00%  ERROR     
2026-05-24 17:55:06 | ERROR    | src.data.validator             | IRS                   MISSING       MISSING           0      0  100.00%  ERROR     
2026-05-24 17:55:06 | ERROR    | src.data.validator             | sovereign_bond        MISSING       MISSING           0      0  100.00%  ERROR     
2026-05-24 17:55:06 | ERROR    | src.data.validator             | merval                MISSING       MISSING           0      0  100.00%  ERROR     
2026-05-24 17:55:06 | ERROR    | src.data.validator             | ccl                   MISSING       MISSING           0      0  100.00%  ERROR     
2026-05-24 17:55:06 | INFO     | src.data.validator             | ----------------------------------------------------------------------------------
2026-05-24 17:55:06 | INFO     | src.data.validator             | Coverage report [macro]
2026-05-24 17:55:06 | INFO     | src.data.validator             | ----------------------------------------------------------------------------------
2026-05-24 17:55:06 | INFO     | src.data.validator             | asset                 first_date    last_date      rows    nan    nan%  status    
2026-05-24 17:55:06 | INFO     | src.data.validator             | ----------------------------------------------------------------------------------
2026-05-24 17:55:06 | ERROR    | src.data.validator             | ipc                   MISSING       MISSING           0      0  100.00%  ERROR     
2026-05-24 17:55:06 | ERROR    | src.data.validator             | embi                  MISSING       MISSING           0      0  100.00%  ERROR     
2026-05-24 17:55:06 | ERROR    | src.data.validator             | reservas              MISSING       MISSING           0      0  100.00%  ERROR     
2026-05-24 17:55:06 | ERROR    | src.data.validator             | tc_oficial            MISSING       MISSING           0      0  100.00%  ERROR     
2026-05-24 17:55:06 | INFO     | src.data.validator             | ----------------------------------------------------------------------------------
2026-05-24 17:55:06 | ERROR    | src.data.loader                | Live-month validation failed — data NOT appended. 15 error(s):
2026-05-24 17:55:06 | ERROR    | src.data.loader                |   [YPF] series is entirely NaN (0 rows)
2026-05-24 17:55:06 | ERROR    | src.data.loader                |   [GGAL] series is entirely NaN (0 rows)
2026-05-24 17:55:06 | ERROR    | src.data.loader                |   [BMA] series is entirely NaN (0 rows)
2026-05-24 17:55:06 | ERROR    | src.data.loader                |   [PAM] series is entirely NaN (0 rows)
2026-05-24 17:55:06 | ERROR    | src.data.loader                |   [TGS] series is entirely NaN (0 rows)
2026-05-24 17:55:06 | ERROR    | src.data.loader                |   [CEPU] series is entirely NaN (0 rows)
2026-05-24 17:55:06 | ERROR    | src.data.loader                |   [EDN] series is entirely NaN (0 rows)
2026-05-24 17:55:06 | ERROR    | src.data.loader                |   [LOMA] series is entirely NaN (0 rows)
2026-05-24 17:55:06 | ERROR    | src.data.loader                |   [CRESY] series is entirely NaN (0 rows)
2026-05-24 17:55:06 | ERROR    | src.data.loader                |   [IRS] series is entirely NaN (0 rows)
2026-05-24 17:55:06 | ERROR    | src.data.loader                |   [merval] series is entirely NaN (0 rows)
2026-05-24 17:55:06 | ERROR    | src.data.loader                |   [ccl] series is entirely NaN (0 rows)
2026-05-24 17:55:06 | ERROR    | src.data.loader                |   [ipc] series is entirely NaN (0 rows)
2026-05-24 17:55:06 | ERROR    | src.data.loader                |   [reservas] series is entirely NaN (0 rows)
2026-05-24 17:55:06 | ERROR    | src.data.loader                |   [tc_oficial] series is entirely NaN (0 rows)
2026-05-24 17:55:06 | INFO     | src.features.features          | compute_features: 864 weekly rows | 10 tickers | warm-up = 30 rows
2026-05-24 17:55:06 | WARNING  | src.nlp.nlp                    | Skipping bcra_monetario_may_2025.pdf — extraction failed: No module named 'pdfminer'
2026-05-24 17:55:06 | WARNING  | src.nlp.nlp                    | Skipping bcra_rem_jun_2025.pdf — extraction failed: No module named 'pdfminer'
2026-05-24 17:55:06 | WARNING  | src.nlp.nlp                    | Skipping indec_informa_05_25.pdf — extraction failed: No module named 'pdfminer'
2026-05-24 17:55:07 | INFO     | src.nlp.nlp                    | Loaded from data\news\2025\06 — macro=1 docs, company=25 docs across 8 tickers
2026-05-24 17:55:07 | INFO     | src.utils.utils                | [DONE]  live 2025-06 — 19.82s
2026-05-24 17:55:07 | ERROR    | __main__                       | Month 2025-06 failed (ModuleNotFoundError: No module named 'transformers') — applying carry-forward.
2026-05-24 17:55:07 | ERROR    | __main__                       | No prior allocation to carry forward — month 2025-06 skipped entirely.
2026-05-24 17:55:07 | INFO     | src.utils.utils                | [START] live 2025-07
2026-05-24 17:55:07 | INFO     | src.data.loader                | Starting live-month download: 2026-01-03 → 2025-07-31 (cutoff: 2025-07-31) | tickers: ['YPF', 'GGAL', 'BMA', 'PAM', 'TGS', 'CEPU', 'EDN', 'LOMA', 'CRESY', 'IRS']
2026-05-24 17:55:08 | ERROR    | yfinance                       | $YPF: possibly delisted; no price data found  (1wk 2026-01-03 -> 2025-07-31) (Yahoo error = "Invalid input - start date cannot be after end date. startDate = 1767416400, endDate = 1753934400")
2026-05-24 17:55:08 | WARNING  | src.data.downloader            | [YPF] yfinance returned empty DataFrame
2026-05-24 17:55:10 | ERROR    | yfinance                       | $GGAL: possibly delisted; no price data found  (1wk 2026-01-03 -> 2025-07-31) (Yahoo error = "Invalid input - start date cannot be after end date. startDate = 1767416400, endDate = 1753934400")
2026-05-24 17:55:10 | WARNING  | src.data.downloader            | [GGAL] yfinance returned empty DataFrame
2026-05-24 17:55:11 | ERROR    | yfinance                       | $BMA: possibly delisted; no price data found  (1wk 2026-01-03 -> 2025-07-31) (Yahoo error = "Invalid input - start date cannot be after end date. startDate = 1767416400, endDate = 1753934400")
2026-05-24 17:55:11 | WARNING  | src.data.downloader            | [BMA] yfinance returned empty DataFrame
2026-05-24 17:55:13 | ERROR    | yfinance                       | $PAM: possibly delisted; no price data found  (1wk 2026-01-03 -> 2025-07-31) (Yahoo error = "Invalid input - start date cannot be after end date. startDate = 1767416400, endDate = 1753934400")
2026-05-24 17:55:13 | WARNING  | src.data.downloader            | [PAM] yfinance returned empty DataFrame
2026-05-24 17:55:14 | ERROR    | yfinance                       | $TGS: possibly delisted; no price data found  (1wk 2026-01-03 -> 2025-07-31) (Yahoo error = "Invalid input - start date cannot be after end date. startDate = 1767416400, endDate = 1753934400")
2026-05-24 17:55:14 | WARNING  | src.data.downloader            | [TGS] yfinance returned empty DataFrame
2026-05-24 17:55:15 | ERROR    | yfinance                       | $CEPU: possibly delisted; no price data found  (1wk 2026-01-03 -> 2025-07-31) (Yahoo error = "Invalid input - start date cannot be after end date. startDate = 1767416400, endDate = 1753934400")
2026-05-24 17:55:15 | WARNING  | src.data.downloader            | [CEPU] yfinance returned empty DataFrame
2026-05-24 17:55:17 | ERROR    | yfinance                       | $EDN: possibly delisted; no price data found  (1wk 2026-01-03 -> 2025-07-31) (Yahoo error = "Invalid input - start date cannot be after end date. startDate = 1767416400, endDate = 1753934400")
2026-05-24 17:55:17 | WARNING  | src.data.downloader            | [EDN] yfinance returned empty DataFrame
2026-05-24 17:55:18 | ERROR    | yfinance                       | $LOMA: possibly delisted; no price data found  (1wk 2026-01-03 -> 2025-07-31) (Yahoo error = "Invalid input - start date cannot be after end date. startDate = 1767416400, endDate = 1753934400")
2026-05-24 17:55:18 | WARNING  | src.data.downloader            | [LOMA] yfinance returned empty DataFrame
2026-05-24 17:55:20 | ERROR    | yfinance                       | $CRESY: possibly delisted; no price data found  (1wk 2026-01-03 -> 2025-07-31) (Yahoo error = "Invalid input - start date cannot be after end date. startDate = 1767416400, endDate = 1753934400")
2026-05-24 17:55:20 | WARNING  | src.data.downloader            | [CRESY] yfinance returned empty DataFrame
2026-05-24 17:55:21 | ERROR    | yfinance                       | $IRS: possibly delisted; no price data found  (1wk 2026-01-03 -> 2025-07-31) (Yahoo error = "Invalid input - start date cannot be after end date. startDate = 1767416400, endDate = 1753934400")
2026-05-24 17:55:21 | WARNING  | src.data.downloader            | [IRS] yfinance returned empty DataFrame
2026-05-24 17:55:21 | WARNING  | src.data.downloader            | [YPF] no data downloaded
2026-05-24 17:55:21 | WARNING  | src.data.downloader            | [GGAL] no data downloaded
2026-05-24 17:55:21 | WARNING  | src.data.downloader            | [BMA] no data downloaded
2026-05-24 17:55:21 | WARNING  | src.data.downloader            | [PAM] no data downloaded
2026-05-24 17:55:21 | WARNING  | src.data.downloader            | [TGS] no data downloaded
2026-05-24 17:55:21 | WARNING  | src.data.downloader            | [CEPU] no data downloaded
2026-05-24 17:55:21 | WARNING  | src.data.downloader            | [EDN] no data downloaded
2026-05-24 17:55:21 | WARNING  | src.data.downloader            | [LOMA] no data downloaded
2026-05-24 17:55:21 | WARNING  | src.data.downloader            | [CRESY] no data downloaded
2026-05-24 17:55:21 | WARNING  | src.data.downloader            | [IRS] no data downloaded
2026-05-24 17:55:22 | ERROR    | yfinance                       | $^MERV: possibly delisted; no price data found  (1wk 2026-01-03 -> 2025-07-31) (Yahoo error = "Invalid input - start date cannot be after end date. startDate = 1767409200, endDate = 1753930800")
2026-05-24 17:55:22 | WARNING  | src.data.downloader            | [^MERV] yfinance returned empty DataFrame
2026-05-24 17:55:22 | ERROR    | yfinance                       | $AL30D.BA: possibly delisted; no timezone found
2026-05-24 17:55:22 | WARNING  | src.data.scraper_al30d         | [AL30D.BA] all sources failed and no cache available
2026-05-24 17:55:22 | WARNING  | src.data.scraper_al30d         | sovereign_bond: all sources failed — returning empty series
2026-05-24 17:55:23 | WARNING  | src.data.scraper_ccl           | CCL: all sources failed — returning empty series
2026-05-24 17:55:24 | WARNING  | src.data.scraper_macro         | [macro/ipc] extending last cached value (9016.5562) to fill 2026-01-03 → 2025-07-31
2026-05-24 17:55:24 | WARNING  | src.data.scraper_macro         | [macro/embi] cache has no valid values
2026-05-24 17:55:25 | WARNING  | src.data.scraper_macro         | [macro/reservas] extending last cached value (40286.0323) to fill 2026-01-03 → 2025-07-31
2026-05-24 17:55:26 | WARNING  | src.data.scraper_macro         | [macro/tc_oficial] extending last cached value (1380.0000) to fill 2026-01-03 → 2025-07-31
2026-05-24 17:55:26 | INFO     | src.data.validator             | Coverage report [prices]
2026-05-24 17:55:26 | INFO     | src.data.validator             | ----------------------------------------------------------------------------------
2026-05-24 17:55:26 | INFO     | src.data.validator             | asset                 first_date    last_date      rows    nan    nan%  status    
2026-05-24 17:55:26 | INFO     | src.data.validator             | ----------------------------------------------------------------------------------
2026-05-24 17:55:26 | ERROR    | src.data.validator             | YPF                   MISSING       MISSING           0      0  100.00%  ERROR     
2026-05-24 17:55:26 | ERROR    | src.data.validator             | GGAL                  MISSING       MISSING           0      0  100.00%  ERROR     
2026-05-24 17:55:26 | ERROR    | src.data.validator             | BMA                   MISSING       MISSING           0      0  100.00%  ERROR     
2026-05-24 17:55:26 | ERROR    | src.data.validator             | PAM                   MISSING       MISSING           0      0  100.00%  ERROR     
2026-05-24 17:55:26 | ERROR    | src.data.validator             | TGS                   MISSING       MISSING           0      0  100.00%  ERROR     
2026-05-24 17:55:26 | ERROR    | src.data.validator             | CEPU                  MISSING       MISSING           0      0  100.00%  ERROR     
2026-05-24 17:55:26 | ERROR    | src.data.validator             | EDN                   MISSING       MISSING           0      0  100.00%  ERROR     
2026-05-24 17:55:26 | ERROR    | src.data.validator             | LOMA                  MISSING       MISSING           0      0  100.00%  ERROR     
2026-05-24 17:55:26 | ERROR    | src.data.validator             | CRESY                 MISSING       MISSING           0      0  100.00%  ERROR     
2026-05-24 17:55:26 | ERROR    | src.data.validator             | IRS                   MISSING       MISSING           0      0  100.00%  ERROR     
2026-05-24 17:55:26 | ERROR    | src.data.validator             | sovereign_bond        MISSING       MISSING           0      0  100.00%  ERROR     
2026-05-24 17:55:26 | ERROR    | src.data.validator             | merval                MISSING       MISSING           0      0  100.00%  ERROR     
2026-05-24 17:55:26 | ERROR    | src.data.validator             | ccl                   MISSING       MISSING           0      0  100.00%  ERROR     
2026-05-24 17:55:26 | INFO     | src.data.validator             | ----------------------------------------------------------------------------------
2026-05-24 17:55:26 | INFO     | src.data.validator             | Coverage report [macro]
2026-05-24 17:55:26 | INFO     | src.data.validator             | ----------------------------------------------------------------------------------
2026-05-24 17:55:26 | INFO     | src.data.validator             | asset                 first_date    last_date      rows    nan    nan%  status    
2026-05-24 17:55:26 | INFO     | src.data.validator             | ----------------------------------------------------------------------------------
2026-05-24 17:55:26 | ERROR    | src.data.validator             | ipc                   MISSING       MISSING           0      0  100.00%  ERROR     
2026-05-24 17:55:26 | ERROR    | src.data.validator             | embi                  MISSING       MISSING           0      0  100.00%  ERROR     
2026-05-24 17:55:26 | ERROR    | src.data.validator             | reservas              MISSING       MISSING           0      0  100.00%  ERROR     
2026-05-24 17:55:26 | ERROR    | src.data.validator             | tc_oficial            MISSING       MISSING           0      0  100.00%  ERROR     
2026-05-24 17:55:26 | INFO     | src.data.validator             | ----------------------------------------------------------------------------------
2026-05-24 17:55:26 | ERROR    | src.data.loader                | Live-month validation failed — data NOT appended. 15 error(s):
2026-05-24 17:55:26 | ERROR    | src.data.loader                |   [YPF] series is entirely NaN (0 rows)
2026-05-24 17:55:26 | ERROR    | src.data.loader                |   [GGAL] series is entirely NaN (0 rows)
2026-05-24 17:55:26 | ERROR    | src.data.loader                |   [BMA] series is entirely NaN (0 rows)
2026-05-24 17:55:26 | ERROR    | src.data.loader                |   [PAM] series is entirely NaN (0 rows)
2026-05-24 17:55:26 | ERROR    | src.data.loader                |   [TGS] series is entirely NaN (0 rows)
2026-05-24 17:55:26 | ERROR    | src.data.loader                |   [CEPU] series is entirely NaN (0 rows)
2026-05-24 17:55:26 | ERROR    | src.data.loader                |   [EDN] series is entirely NaN (0 rows)
2026-05-24 17:55:26 | ERROR    | src.data.loader                |   [LOMA] series is entirely NaN (0 rows)
2026-05-24 17:55:26 | ERROR    | src.data.loader                |   [CRESY] series is entirely NaN (0 rows)
2026-05-24 17:55:26 | ERROR    | src.data.loader                |   [IRS] series is entirely NaN (0 rows)
2026-05-24 17:55:26 | ERROR    | src.data.loader                |   [merval] series is entirely NaN (0 rows)
2026-05-24 17:55:26 | ERROR    | src.data.loader                |   [ccl] series is entirely NaN (0 rows)
2026-05-24 17:55:26 | ERROR    | src.data.loader                |   [ipc] series is entirely NaN (0 rows)
2026-05-24 17:55:26 | ERROR    | src.data.loader                |   [reservas] series is entirely NaN (0 rows)
2026-05-24 17:55:26 | ERROR    | src.data.loader                |   [tc_oficial] series is entirely NaN (0 rows)
2026-05-24 17:55:26 | INFO     | src.features.features          | compute_features: 868 weekly rows | 10 tickers | warm-up = 30 rows
2026-05-24 17:55:26 | WARNING  | src.nlp.nlp                    | Skipping bcra_monetario_jun_2025.pdf — extraction failed: No module named 'pdfminer'
2026-05-24 17:55:26 | WARNING  | src.nlp.nlp                    | Skipping bcra_rem_jul_2025.pdf — extraction failed: No module named 'pdfminer'
2026-05-24 17:55:26 | WARNING  | src.nlp.nlp                    | Skipping indec_informa_06_25.pdf — extraction failed: No module named 'pdfminer'
2026-05-24 17:55:27 | INFO     | src.nlp.nlp                    | Loaded from data\news\2025\07 — macro=1 docs, company=23 docs across 9 tickers
2026-05-24 17:55:27 | INFO     | src.utils.utils                | [DONE]  live 2025-07 — 19.89s
2026-05-24 17:55:27 | ERROR    | __main__                       | Month 2025-07 failed (ModuleNotFoundError: No module named 'transformers') — applying carry-forward.
2026-05-24 17:55:27 | ERROR    | __main__                       | No prior allocation to carry forward — month 2025-07 skipped entirely.
2026-05-24 17:55:27 | INFO     | src.utils.utils                | [START] live 2025-08
2026-05-24 17:55:27 | INFO     | src.data.loader                | Starting live-month download: 2026-01-03 → 2025-08-31 (cutoff: 2025-08-31) | tickers: ['YPF', 'GGAL', 'BMA', 'PAM', 'TGS', 'CEPU', 'EDN', 'LOMA', 'CRESY', 'IRS']
2026-05-24 17:55:28 | ERROR    | yfinance                       | $YPF: possibly delisted; no price data found  (1wk 2026-01-03 -> 2025-08-31) (Yahoo error = "Invalid input - start date cannot be after end date. startDate = 1767416400, endDate = 1756612800")
2026-05-24 17:55:28 | WARNING  | src.data.downloader            | [YPF] yfinance returned empty DataFrame
2026-05-24 17:55:29 | ERROR    | yfinance                       | $GGAL: possibly delisted; no price data found  (1wk 2026-01-03 -> 2025-08-31) (Yahoo error = "Invalid input - start date cannot be after end date. startDate = 1767416400, endDate = 1756612800")
2026-05-24 17:55:29 | WARNING  | src.data.downloader            | [GGAL] yfinance returned empty DataFrame
2026-05-24 17:55:31 | ERROR    | yfinance                       | $BMA: possibly delisted; no price data found  (1wk 2026-01-03 -> 2025-08-31) (Yahoo error = "Invalid input - start date cannot be after end date. startDate = 1767416400, endDate = 1756612800")
2026-05-24 17:55:31 | WARNING  | src.data.downloader            | [BMA] yfinance returned empty DataFrame
2026-05-24 17:55:33 | ERROR    | yfinance                       | $PAM: possibly delisted; no price data found  (1wk 2026-01-03 -> 2025-08-31) (Yahoo error = "Invalid input - start date cannot be after end date. startDate = 1767416400, endDate = 1756612800")
2026-05-24 17:55:33 | WARNING  | src.data.downloader            | [PAM] yfinance returned empty DataFrame
2026-05-24 17:55:34 | ERROR    | yfinance                       | $TGS: possibly delisted; no price data found  (1wk 2026-01-03 -> 2025-08-31) (Yahoo error = "Invalid input - start date cannot be after end date. startDate = 1767416400, endDate = 1756612800")
2026-05-24 17:55:34 | WARNING  | src.data.downloader            | [TGS] yfinance returned empty DataFrame
2026-05-24 17:55:36 | ERROR    | yfinance                       | $CEPU: possibly delisted; no price data found  (1wk 2026-01-03 -> 2025-08-31) (Yahoo error = "Invalid input - start date cannot be after end date. startDate = 1767416400, endDate = 1756612800")
2026-05-24 17:55:36 | WARNING  | src.data.downloader            | [CEPU] yfinance returned empty DataFrame
2026-05-24 17:55:37 | ERROR    | yfinance                       | $EDN: possibly delisted; no price data found  (1wk 2026-01-03 -> 2025-08-31) (Yahoo error = "Invalid input - start date cannot be after end date. startDate = 1767416400, endDate = 1756612800")
2026-05-24 17:55:37 | WARNING  | src.data.downloader            | [EDN] yfinance returned empty DataFrame
2026-05-24 17:55:38 | ERROR    | yfinance                       | $LOMA: possibly delisted; no price data found  (1wk 2026-01-03 -> 2025-08-31) (Yahoo error = "Invalid input - start date cannot be after end date. startDate = 1767416400, endDate = 1756612800")
2026-05-24 17:55:38 | WARNING  | src.data.downloader            | [LOMA] yfinance returned empty DataFrame
2026-05-24 17:55:40 | ERROR    | yfinance                       | $CRESY: possibly delisted; no price data found  (1wk 2026-01-03 -> 2025-08-31) (Yahoo error = "Invalid input - start date cannot be after end date. startDate = 1767416400, endDate = 1756612800")
2026-05-24 17:55:40 | WARNING  | src.data.downloader            | [CRESY] yfinance returned empty DataFrame
2026-05-24 17:55:41 | ERROR    | yfinance                       | $IRS: possibly delisted; no price data found  (1wk 2026-01-03 -> 2025-08-31) (Yahoo error = "Invalid input - start date cannot be after end date. startDate = 1767416400, endDate = 1756612800")
2026-05-24 17:55:41 | WARNING  | src.data.downloader            | [IRS] yfinance returned empty DataFrame
2026-05-24 17:55:41 | WARNING  | src.data.downloader            | [YPF] no data downloaded
2026-05-24 17:55:41 | WARNING  | src.data.downloader            | [GGAL] no data downloaded
2026-05-24 17:55:41 | WARNING  | src.data.downloader            | [BMA] no data downloaded
2026-05-24 17:55:41 | WARNING  | src.data.downloader            | [PAM] no data downloaded
2026-05-24 17:55:41 | WARNING  | src.data.downloader            | [TGS] no data downloaded
2026-05-24 17:55:41 | WARNING  | src.data.downloader            | [CEPU] no data downloaded
2026-05-24 17:55:41 | WARNING  | src.data.downloader            | [EDN] no data downloaded
2026-05-24 17:55:41 | WARNING  | src.data.downloader            | [LOMA] no data downloaded
2026-05-24 17:55:41 | WARNING  | src.data.downloader            | [CRESY] no data downloaded
2026-05-24 17:55:41 | WARNING  | src.data.downloader            | [IRS] no data downloaded
2026-05-24 17:55:43 | ERROR    | yfinance                       | $^MERV: possibly delisted; no price data found  (1wk 2026-01-03 -> 2025-08-31) (Yahoo error = "Invalid input - start date cannot be after end date. startDate = 1767409200, endDate = 1756609200")
2026-05-24 17:55:43 | WARNING  | src.data.downloader            | [^MERV] yfinance returned empty DataFrame
2026-05-24 17:55:43 | ERROR    | yfinance                       | $AL30D.BA: possibly delisted; no timezone found
2026-05-24 17:55:43 | WARNING  | src.data.scraper_al30d         | [AL30D.BA] all sources failed and no cache available
2026-05-24 17:55:43 | WARNING  | src.data.scraper_al30d         | sovereign_bond: all sources failed — returning empty series
2026-05-24 17:55:43 | WARNING  | src.data.scraper_ccl           | CCL: all sources failed — returning empty series
2026-05-24 17:55:44 | WARNING  | src.data.scraper_macro         | [macro/ipc] extending last cached value (9016.5562) to fill 2026-01-03 → 2025-08-31
2026-05-24 17:55:44 | WARNING  | src.data.scraper_macro         | [macro/embi] cache has no valid values
2026-05-24 17:55:45 | WARNING  | src.data.scraper_macro         | [macro/reservas] extending last cached value (40286.0323) to fill 2026-01-03 → 2025-08-31
2026-05-24 17:55:46 | WARNING  | src.data.scraper_macro         | [macro/tc_oficial] extending last cached value (1360.0000) to fill 2026-01-03 → 2025-08-31
2026-05-24 17:55:46 | INFO     | src.data.validator             | Coverage report [prices]
2026-05-24 17:55:46 | INFO     | src.data.validator             | ----------------------------------------------------------------------------------
2026-05-24 17:55:46 | INFO     | src.data.validator             | asset                 first_date    last_date      rows    nan    nan%  status    
2026-05-24 17:55:46 | INFO     | src.data.validator             | ----------------------------------------------------------------------------------
2026-05-24 17:55:46 | ERROR    | src.data.validator             | YPF                   MISSING       MISSING           0      0  100.00%  ERROR     
2026-05-24 17:55:46 | ERROR    | src.data.validator             | GGAL                  MISSING       MISSING           0      0  100.00%  ERROR     
2026-05-24 17:55:46 | ERROR    | src.data.validator             | BMA                   MISSING       MISSING           0      0  100.00%  ERROR     
2026-05-24 17:55:46 | ERROR    | src.data.validator             | PAM                   MISSING       MISSING           0      0  100.00%  ERROR     
2026-05-24 17:55:46 | ERROR    | src.data.validator             | TGS                   MISSING       MISSING           0      0  100.00%  ERROR     
2026-05-24 17:55:46 | ERROR    | src.data.validator             | CEPU                  MISSING       MISSING           0      0  100.00%  ERROR     
2026-05-24 17:55:46 | ERROR    | src.data.validator             | EDN                   MISSING       MISSING           0      0  100.00%  ERROR     
2026-05-24 17:55:46 | ERROR    | src.data.validator             | LOMA                  MISSING       MISSING           0      0  100.00%  ERROR     
2026-05-24 17:55:46 | ERROR    | src.data.validator             | CRESY                 MISSING       MISSING           0      0  100.00%  ERROR     
2026-05-24 17:55:46 | ERROR    | src.data.validator             | IRS                   MISSING       MISSING           0      0  100.00%  ERROR     
2026-05-24 17:55:46 | ERROR    | src.data.validator             | sovereign_bond        MISSING       MISSING           0      0  100.00%  ERROR     
2026-05-24 17:55:46 | ERROR    | src.data.validator             | merval                MISSING       MISSING           0      0  100.00%  ERROR     
2026-05-24 17:55:46 | ERROR    | src.data.validator             | ccl                   MISSING       MISSING           0      0  100.00%  ERROR     
2026-05-24 17:55:46 | INFO     | src.data.validator             | ----------------------------------------------------------------------------------
2026-05-24 17:55:46 | INFO     | src.data.validator             | Coverage report [macro]
2026-05-24 17:55:46 | INFO     | src.data.validator             | ----------------------------------------------------------------------------------
2026-05-24 17:55:46 | INFO     | src.data.validator             | asset                 first_date    last_date      rows    nan    nan%  status    
2026-05-24 17:55:46 | INFO     | src.data.validator             | ----------------------------------------------------------------------------------
2026-05-24 17:55:46 | ERROR    | src.data.validator             | ipc                   MISSING       MISSING           0      0  100.00%  ERROR     
2026-05-24 17:55:46 | ERROR    | src.data.validator             | embi                  MISSING       MISSING           0      0  100.00%  ERROR     
2026-05-24 17:55:46 | ERROR    | src.data.validator             | reservas              MISSING       MISSING           0      0  100.00%  ERROR     
2026-05-24 17:55:46 | ERROR    | src.data.validator             | tc_oficial            MISSING       MISSING           0      0  100.00%  ERROR     
2026-05-24 17:55:46 | INFO     | src.data.validator             | ----------------------------------------------------------------------------------
2026-05-24 17:55:46 | ERROR    | src.data.loader                | Live-month validation failed — data NOT appended. 15 error(s):
2026-05-24 17:55:46 | ERROR    | src.data.loader                |   [YPF] series is entirely NaN (0 rows)
2026-05-24 17:55:46 | ERROR    | src.data.loader                |   [GGAL] series is entirely NaN (0 rows)
2026-05-24 17:55:46 | ERROR    | src.data.loader                |   [BMA] series is entirely NaN (0 rows)
2026-05-24 17:55:46 | ERROR    | src.data.loader                |   [PAM] series is entirely NaN (0 rows)
2026-05-24 17:55:46 | ERROR    | src.data.loader                |   [TGS] series is entirely NaN (0 rows)
2026-05-24 17:55:46 | ERROR    | src.data.loader                |   [CEPU] series is entirely NaN (0 rows)
2026-05-24 17:55:46 | ERROR    | src.data.loader                |   [EDN] series is entirely NaN (0 rows)
2026-05-24 17:55:46 | ERROR    | src.data.loader                |   [LOMA] series is entirely NaN (0 rows)
2026-05-24 17:55:46 | ERROR    | src.data.loader                |   [CRESY] series is entirely NaN (0 rows)
2026-05-24 17:55:46 | ERROR    | src.data.loader                |   [IRS] series is entirely NaN (0 rows)
2026-05-24 17:55:46 | ERROR    | src.data.loader                |   [merval] series is entirely NaN (0 rows)
2026-05-24 17:55:46 | ERROR    | src.data.loader                |   [ccl] series is entirely NaN (0 rows)
2026-05-24 17:55:46 | ERROR    | src.data.loader                |   [ipc] series is entirely NaN (0 rows)
2026-05-24 17:55:46 | ERROR    | src.data.loader                |   [reservas] series is entirely NaN (0 rows)
2026-05-24 17:55:46 | ERROR    | src.data.loader                |   [tc_oficial] series is entirely NaN (0 rows)
2026-05-24 17:55:46 | INFO     | src.features.features          | compute_features: 872 weekly rows | 10 tickers | warm-up = 30 rows
2026-05-24 17:55:46 | WARNING  | src.nlp.nlp                    | Skipping bcra_monetario_jul_2025.pdf — extraction failed: No module named 'pdfminer'
2026-05-24 17:55:46 | WARNING  | src.nlp.nlp                    | Skipping bcra_rem_ago_2025.pdf — extraction failed: No module named 'pdfminer'
2026-05-24 17:55:46 | WARNING  | src.nlp.nlp                    | Skipping indec_informa_07_25.pdf — extraction failed: No module named 'pdfminer'
2026-05-24 17:55:48 | INFO     | src.nlp.nlp                    | Loaded from data\news\2025\08 — macro=0 docs, company=38 docs across 9 tickers
2026-05-24 17:55:48 | INFO     | src.utils.utils                | [DONE]  live 2025-08 — 20.79s
2026-05-24 17:55:48 | ERROR    | __main__                       | Month 2025-08 failed (ModuleNotFoundError: No module named 'transformers') — applying carry-forward.
2026-05-24 17:55:48 | ERROR    | __main__                       | No prior allocation to carry forward — month 2025-08 skipped entirely.
2026-05-24 17:55:48 | INFO     | src.utils.utils                | [START] live 2025-09
2026-05-24 17:55:48 | INFO     | src.data.loader                | Starting live-month download: 2026-01-03 → 2025-09-30 (cutoff: 2025-09-30) | tickers: ['YPF', 'GGAL', 'BMA', 'PAM', 'TGS', 'CEPU', 'EDN', 'LOMA', 'CRESY', 'IRS']
2026-05-24 17:55:49 | ERROR    | yfinance                       | $YPF: possibly delisted; no price data found  (1wk 2026-01-03 -> 2025-09-30) (Yahoo error = "Invalid input - start date cannot be after end date. startDate = 1767416400, endDate = 1759204800")
2026-05-24 17:55:49 | WARNING  | src.data.downloader            | [YPF] yfinance returned empty DataFrame
2026-05-24 17:55:50 | ERROR    | yfinance                       | $GGAL: possibly delisted; no price data found  (1wk 2026-01-03 -> 2025-09-30) (Yahoo error = "Invalid input - start date cannot be after end date. startDate = 1767416400, endDate = 1759204800")
2026-05-24 17:55:50 | WARNING  | src.data.downloader            | [GGAL] yfinance returned empty DataFrame
2026-05-24 17:55:52 | ERROR    | yfinance                       | $BMA: possibly delisted; no price data found  (1wk 2026-01-03 -> 2025-09-30) (Yahoo error = "Invalid input - start date cannot be after end date. startDate = 1767416400, endDate = 1759204800")
2026-05-24 17:55:52 | WARNING  | src.data.downloader            | [BMA] yfinance returned empty DataFrame
2026-05-24 17:55:53 | ERROR    | yfinance                       | $PAM: possibly delisted; no price data found  (1wk 2026-01-03 -> 2025-09-30) (Yahoo error = "Invalid input - start date cannot be after end date. startDate = 1767416400, endDate = 1759204800")
2026-05-24 17:55:53 | WARNING  | src.data.downloader            | [PAM] yfinance returned empty DataFrame
2026-05-24 17:55:54 | ERROR    | yfinance                       | $TGS: possibly delisted; no price data found  (1wk 2026-01-03 -> 2025-09-30) (Yahoo error = "Invalid input - start date cannot be after end date. startDate = 1767416400, endDate = 1759204800")
2026-05-24 17:55:54 | WARNING  | src.data.downloader            | [TGS] yfinance returned empty DataFrame
2026-05-24 17:55:56 | ERROR    | yfinance                       | $CEPU: possibly delisted; no price data found  (1wk 2026-01-03 -> 2025-09-30) (Yahoo error = "Invalid input - start date cannot be after end date. startDate = 1767416400, endDate = 1759204800")
2026-05-24 17:55:56 | WARNING  | src.data.downloader            | [CEPU] yfinance returned empty DataFrame
2026-05-24 17:55:57 | ERROR    | yfinance                       | $EDN: possibly delisted; no price data found  (1wk 2026-01-03 -> 2025-09-30) (Yahoo error = "Invalid input - start date cannot be after end date. startDate = 1767416400, endDate = 1759204800")
2026-05-24 17:55:57 | WARNING  | src.data.downloader            | [EDN] yfinance returned empty DataFrame
2026-05-24 17:55:58 | ERROR    | yfinance                       | $LOMA: possibly delisted; no price data found  (1wk 2026-01-03 -> 2025-09-30) (Yahoo error = "Invalid input - start date cannot be after end date. startDate = 1767416400, endDate = 1759204800")
2026-05-24 17:55:58 | WARNING  | src.data.downloader            | [LOMA] yfinance returned empty DataFrame
2026-05-24 17:56:00 | ERROR    | yfinance                       | $CRESY: possibly delisted; no price data found  (1wk 2026-01-03 -> 2025-09-30) (Yahoo error = "Invalid input - start date cannot be after end date. startDate = 1767416400, endDate = 1759204800")
2026-05-24 17:56:00 | WARNING  | src.data.downloader            | [CRESY] yfinance returned empty DataFrame
2026-05-24 17:56:01 | ERROR    | yfinance                       | $IRS: possibly delisted; no price data found  (1wk 2026-01-03 -> 2025-09-30) (Yahoo error = "Invalid input - start date cannot be after end date. startDate = 1767416400, endDate = 1759204800")
2026-05-24 17:56:01 | WARNING  | src.data.downloader            | [IRS] yfinance returned empty DataFrame
2026-05-24 17:56:01 | WARNING  | src.data.downloader            | [YPF] no data downloaded
2026-05-24 17:56:01 | WARNING  | src.data.downloader            | [GGAL] no data downloaded
2026-05-24 17:56:01 | WARNING  | src.data.downloader            | [BMA] no data downloaded
2026-05-24 17:56:01 | WARNING  | src.data.downloader            | [PAM] no data downloaded
2026-05-24 17:56:01 | WARNING  | src.data.downloader            | [TGS] no data downloaded
2026-05-24 17:56:01 | WARNING  | src.data.downloader            | [CEPU] no data downloaded
2026-05-24 17:56:01 | WARNING  | src.data.downloader            | [EDN] no data downloaded
2026-05-24 17:56:01 | WARNING  | src.data.downloader            | [LOMA] no data downloaded
2026-05-24 17:56:01 | WARNING  | src.data.downloader            | [CRESY] no data downloaded
2026-05-24 17:56:01 | WARNING  | src.data.downloader            | [IRS] no data downloaded
2026-05-24 17:56:02 | ERROR    | yfinance                       | $^MERV: possibly delisted; no price data found  (1wk 2026-01-03 -> 2025-09-30) (Yahoo error = "Invalid input - start date cannot be after end date. startDate = 1767409200, endDate = 1759201200")
2026-05-24 17:56:02 | WARNING  | src.data.downloader            | [^MERV] yfinance returned empty DataFrame
2026-05-24 17:56:02 | ERROR    | yfinance                       | $AL30D.BA: possibly delisted; no timezone found
2026-05-24 17:56:02 | WARNING  | src.data.scraper_al30d         | [AL30D.BA] all sources failed and no cache available
2026-05-24 17:56:02 | WARNING  | src.data.scraper_al30d         | sovereign_bond: all sources failed — returning empty series
2026-05-24 17:56:03 | WARNING  | src.data.scraper_ccl           | CCL: all sources failed — returning empty series
2026-05-24 17:56:05 | WARNING  | src.data.scraper_macro         | [macro/ipc] extending last cached value (9377.7681) to fill 2026-01-03 → 2025-09-30
2026-05-24 17:56:05 | WARNING  | src.data.scraper_macro         | [macro/embi] cache has no valid values
2026-05-24 17:56:06 | WARNING  | src.data.scraper_macro         | [macro/reservas] extending last cached value (40158.4000) to fill 2026-01-03 → 2025-09-30
2026-05-24 17:56:07 | WARNING  | src.data.scraper_macro         | [macro/tc_oficial] extending last cached value (1400.0000) to fill 2026-01-03 → 2025-09-30
2026-05-24 17:56:07 | INFO     | src.data.validator             | Coverage report [prices]
2026-05-24 17:56:07 | INFO     | src.data.validator             | ----------------------------------------------------------------------------------
2026-05-24 17:56:07 | INFO     | src.data.validator             | asset                 first_date    last_date      rows    nan    nan%  status    
2026-05-24 17:56:07 | INFO     | src.data.validator             | ----------------------------------------------------------------------------------
2026-05-24 17:56:07 | ERROR    | src.data.validator             | YPF                   MISSING       MISSING           0      0  100.00%  ERROR     
2026-05-24 17:56:07 | ERROR    | src.data.validator             | GGAL                  MISSING       MISSING           0      0  100.00%  ERROR     
2026-05-24 17:56:07 | ERROR    | src.data.validator             | BMA                   MISSING       MISSING           0      0  100.00%  ERROR     
2026-05-24 17:56:07 | ERROR    | src.data.validator             | PAM                   MISSING       MISSING           0      0  100.00%  ERROR     
2026-05-24 17:56:07 | ERROR    | src.data.validator             | TGS                   MISSING       MISSING           0      0  100.00%  ERROR     
2026-05-24 17:56:07 | ERROR    | src.data.validator             | CEPU                  MISSING       MISSING           0      0  100.00%  ERROR     
2026-05-24 17:56:07 | ERROR    | src.data.validator             | EDN                   MISSING       MISSING           0      0  100.00%  ERROR     
2026-05-24 17:56:07 | ERROR    | src.data.validator             | LOMA                  MISSING       MISSING           0      0  100.00%  ERROR     
2026-05-24 17:56:07 | ERROR    | src.data.validator             | CRESY                 MISSING       MISSING           0      0  100.00%  ERROR     
2026-05-24 17:56:07 | ERROR    | src.data.validator             | IRS                   MISSING       MISSING           0      0  100.00%  ERROR     
2026-05-24 17:56:07 | ERROR    | src.data.validator             | sovereign_bond        MISSING       MISSING           0      0  100.00%  ERROR     
2026-05-24 17:56:07 | ERROR    | src.data.validator             | merval                MISSING       MISSING           0      0  100.00%  ERROR     
2026-05-24 17:56:07 | ERROR    | src.data.validator             | ccl                   MISSING       MISSING           0      0  100.00%  ERROR     
2026-05-24 17:56:07 | INFO     | src.data.validator             | ----------------------------------------------------------------------------------
2026-05-24 17:56:07 | INFO     | src.data.validator             | Coverage report [macro]
2026-05-24 17:56:07 | INFO     | src.data.validator             | ----------------------------------------------------------------------------------
2026-05-24 17:56:07 | INFO     | src.data.validator             | asset                 first_date    last_date      rows    nan    nan%  status    
2026-05-24 17:56:07 | INFO     | src.data.validator             | ----------------------------------------------------------------------------------
2026-05-24 17:56:07 | ERROR    | src.data.validator             | ipc                   MISSING       MISSING           0      0  100.00%  ERROR     
2026-05-24 17:56:07 | ERROR    | src.data.validator             | embi                  MISSING       MISSING           0      0  100.00%  ERROR     
2026-05-24 17:56:07 | ERROR    | src.data.validator             | reservas              MISSING       MISSING           0      0  100.00%  ERROR     
2026-05-24 17:56:07 | ERROR    | src.data.validator             | tc_oficial            MISSING       MISSING           0      0  100.00%  ERROR     
2026-05-24 17:56:07 | INFO     | src.data.validator             | ----------------------------------------------------------------------------------
2026-05-24 17:56:07 | ERROR    | src.data.loader                | Live-month validation failed — data NOT appended. 15 error(s):
2026-05-24 17:56:07 | ERROR    | src.data.loader                |   [YPF] series is entirely NaN (0 rows)
2026-05-24 17:56:07 | ERROR    | src.data.loader                |   [GGAL] series is entirely NaN (0 rows)
2026-05-24 17:56:07 | ERROR    | src.data.loader                |   [BMA] series is entirely NaN (0 rows)
2026-05-24 17:56:07 | ERROR    | src.data.loader                |   [PAM] series is entirely NaN (0 rows)
2026-05-24 17:56:07 | ERROR    | src.data.loader                |   [TGS] series is entirely NaN (0 rows)
2026-05-24 17:56:07 | ERROR    | src.data.loader                |   [CEPU] series is entirely NaN (0 rows)
2026-05-24 17:56:07 | ERROR    | src.data.loader                |   [EDN] series is entirely NaN (0 rows)
2026-05-24 17:56:07 | ERROR    | src.data.loader                |   [LOMA] series is entirely NaN (0 rows)
2026-05-24 17:56:07 | ERROR    | src.data.loader                |   [CRESY] series is entirely NaN (0 rows)
2026-05-24 17:56:07 | ERROR    | src.data.loader                |   [IRS] series is entirely NaN (0 rows)
2026-05-24 17:56:07 | ERROR    | src.data.loader                |   [merval] series is entirely NaN (0 rows)
2026-05-24 17:56:07 | ERROR    | src.data.loader                |   [ccl] series is entirely NaN (0 rows)
2026-05-24 17:56:07 | ERROR    | src.data.loader                |   [ipc] series is entirely NaN (0 rows)
2026-05-24 17:56:07 | ERROR    | src.data.loader                |   [reservas] series is entirely NaN (0 rows)
2026-05-24 17:56:07 | ERROR    | src.data.loader                |   [tc_oficial] series is entirely NaN (0 rows)
2026-05-24 17:56:07 | INFO     | src.features.features          | compute_features: 877 weekly rows | 10 tickers | warm-up = 30 rows
2026-05-24 17:56:07 | WARNING  | src.nlp.nlp                    | Skipping bcra_monetario_ago_2025.pdf — extraction failed: No module named 'pdfminer'
2026-05-24 17:56:07 | WARNING  | src.nlp.nlp                    | Skipping bcra_rem_sep_2025.pdf — extraction failed: No module named 'pdfminer'
2026-05-24 17:56:07 | WARNING  | src.nlp.nlp                    | Skipping indec_informa_08_25.pdf — extraction failed: No module named 'pdfminer'
2026-05-24 17:56:09 | INFO     | src.nlp.nlp                    | Loaded from data\news\2025\09 — macro=1 docs, company=27 docs across 7 tickers
2026-05-24 17:56:09 | INFO     | src.utils.utils                | [DONE]  live 2025-09 — 21.20s
2026-05-24 17:56:09 | ERROR    | __main__                       | Month 2025-09 failed (ModuleNotFoundError: No module named 'transformers') — applying carry-forward.
2026-05-24 17:56:09 | ERROR    | __main__                       | No prior allocation to carry forward — month 2025-09 skipped entirely.
2026-05-24 17:56:09 | INFO     | src.utils.utils                | [START] live 2025-10
2026-05-24 17:56:09 | INFO     | src.data.loader                | Starting live-month download: 2026-01-03 → 2025-10-31 (cutoff: 2025-10-31) | tickers: ['YPF', 'GGAL', 'BMA', 'PAM', 'TGS', 'CEPU', 'EDN', 'LOMA', 'CRESY', 'IRS']
2026-05-24 17:56:10 | ERROR    | yfinance                       | $YPF: possibly delisted; no price data found  (1wk 2026-01-03 -> 2025-10-31) (Yahoo error = "Invalid input - start date cannot be after end date. startDate = 1767416400, endDate = 1761883200")
2026-05-24 17:56:10 | WARNING  | src.data.downloader            | [YPF] yfinance returned empty DataFrame
2026-05-24 17:56:11 | ERROR    | yfinance                       | $GGAL: possibly delisted; no price data found  (1wk 2026-01-03 -> 2025-10-31) (Yahoo error = "Invalid input - start date cannot be after end date. startDate = 1767416400, endDate = 1761883200")
2026-05-24 17:56:11 | WARNING  | src.data.downloader            | [GGAL] yfinance returned empty DataFrame
2026-05-24 17:56:13 | ERROR    | yfinance                       | $BMA: possibly delisted; no price data found  (1wk 2026-01-03 -> 2025-10-31) (Yahoo error = "Invalid input - start date cannot be after end date. startDate = 1767416400, endDate = 1761883200")
2026-05-24 17:56:13 | WARNING  | src.data.downloader            | [BMA] yfinance returned empty DataFrame
2026-05-24 17:56:14 | ERROR    | yfinance                       | $PAM: possibly delisted; no price data found  (1wk 2026-01-03 -> 2025-10-31) (Yahoo error = "Invalid input - start date cannot be after end date. startDate = 1767416400, endDate = 1761883200")
2026-05-24 17:56:14 | WARNING  | src.data.downloader            | [PAM] yfinance returned empty DataFrame
2026-05-24 17:56:16 | ERROR    | yfinance                       | $TGS: possibly delisted; no price data found  (1wk 2026-01-03 -> 2025-10-31) (Yahoo error = "Invalid input - start date cannot be after end date. startDate = 1767416400, endDate = 1761883200")
2026-05-24 17:56:16 | WARNING  | src.data.downloader            | [TGS] yfinance returned empty DataFrame
2026-05-24 17:56:17 | ERROR    | yfinance                       | $CEPU: possibly delisted; no price data found  (1wk 2026-01-03 -> 2025-10-31) (Yahoo error = "Invalid input - start date cannot be after end date. startDate = 1767416400, endDate = 1761883200")
2026-05-24 17:56:17 | WARNING  | src.data.downloader            | [CEPU] yfinance returned empty DataFrame
2026-05-24 17:56:18 | ERROR    | yfinance                       | $EDN: possibly delisted; no price data found  (1wk 2026-01-03 -> 2025-10-31) (Yahoo error = "Invalid input - start date cannot be after end date. startDate = 1767416400, endDate = 1761883200")
2026-05-24 17:56:18 | WARNING  | src.data.downloader            | [EDN] yfinance returned empty DataFrame
2026-05-24 17:56:20 | ERROR    | yfinance                       | $LOMA: possibly delisted; no price data found  (1wk 2026-01-03 -> 2025-10-31) (Yahoo error = "Invalid input - start date cannot be after end date. startDate = 1767416400, endDate = 1761883200")
2026-05-24 17:56:20 | WARNING  | src.data.downloader            | [LOMA] yfinance returned empty DataFrame
2026-05-24 17:56:21 | ERROR    | yfinance                       | $CRESY: possibly delisted; no price data found  (1wk 2026-01-03 -> 2025-10-31) (Yahoo error = "Invalid input - start date cannot be after end date. startDate = 1767416400, endDate = 1761883200")
2026-05-24 17:56:21 | WARNING  | src.data.downloader            | [CRESY] yfinance returned empty DataFrame
2026-05-24 17:56:23 | ERROR    | yfinance                       | $IRS: possibly delisted; no price data found  (1wk 2026-01-03 -> 2025-10-31) (Yahoo error = "Invalid input - start date cannot be after end date. startDate = 1767416400, endDate = 1761883200")
2026-05-24 17:56:23 | WARNING  | src.data.downloader            | [IRS] yfinance returned empty DataFrame
2026-05-24 17:56:23 | WARNING  | src.data.downloader            | [YPF] no data downloaded
2026-05-24 17:56:23 | WARNING  | src.data.downloader            | [GGAL] no data downloaded
2026-05-24 17:56:23 | WARNING  | src.data.downloader            | [BMA] no data downloaded
2026-05-24 17:56:23 | WARNING  | src.data.downloader            | [PAM] no data downloaded
2026-05-24 17:56:23 | WARNING  | src.data.downloader            | [TGS] no data downloaded
2026-05-24 17:56:23 | WARNING  | src.data.downloader            | [CEPU] no data downloaded
2026-05-24 17:56:23 | WARNING  | src.data.downloader            | [EDN] no data downloaded
2026-05-24 17:56:23 | WARNING  | src.data.downloader            | [LOMA] no data downloaded
2026-05-24 17:56:23 | WARNING  | src.data.downloader            | [CRESY] no data downloaded
2026-05-24 17:56:23 | WARNING  | src.data.downloader            | [IRS] no data downloaded
2026-05-24 17:56:24 | ERROR    | yfinance                       | $^MERV: possibly delisted; no price data found  (1wk 2026-01-03 -> 2025-10-31) (Yahoo error = "Invalid input - start date cannot be after end date. startDate = 1767409200, endDate = 1761879600")
2026-05-24 17:56:24 | WARNING  | src.data.downloader            | [^MERV] yfinance returned empty DataFrame
2026-05-24 17:56:24 | ERROR    | yfinance                       | $AL30D.BA: possibly delisted; no timezone found
2026-05-24 17:56:24 | WARNING  | src.data.scraper_al30d         | [AL30D.BA] all sources failed and no cache available
2026-05-24 17:56:24 | WARNING  | src.data.scraper_al30d         | sovereign_bond: all sources failed — returning empty series
2026-05-24 17:56:24 | WARNING  | src.data.scraper_ccl           | CCL: all sources failed — returning empty series
2026-05-24 17:56:25 | WARNING  | src.data.scraper_macro         | [macro/ipc] extending last cached value (9377.7681) to fill 2026-01-03 → 2025-10-31
2026-05-24 17:56:26 | WARNING  | src.data.scraper_macro         | [macro/embi] cache has no valid values
2026-05-24 17:56:26 | WARNING  | src.data.scraper_macro         | [macro/reservas] extending last cached value (40158.4000) to fill 2026-01-03 → 2025-10-31
2026-05-24 17:56:28 | WARNING  | src.data.scraper_macro         | [macro/tc_oficial] extending last cached value (1475.0000) to fill 2026-01-03 → 2025-10-31
2026-05-24 17:56:28 | INFO     | src.data.validator             | Coverage report [prices]
2026-05-24 17:56:28 | INFO     | src.data.validator             | ----------------------------------------------------------------------------------
2026-05-24 17:56:28 | INFO     | src.data.validator             | asset                 first_date    last_date      rows    nan    nan%  status    
2026-05-24 17:56:28 | INFO     | src.data.validator             | ----------------------------------------------------------------------------------
2026-05-24 17:56:28 | ERROR    | src.data.validator             | YPF                   MISSING       MISSING           0      0  100.00%  ERROR     
2026-05-24 17:56:28 | ERROR    | src.data.validator             | GGAL                  MISSING       MISSING           0      0  100.00%  ERROR     
2026-05-24 17:56:28 | ERROR    | src.data.validator             | BMA                   MISSING       MISSING           0      0  100.00%  ERROR     
2026-05-24 17:56:28 | ERROR    | src.data.validator             | PAM                   MISSING       MISSING           0      0  100.00%  ERROR     
2026-05-24 17:56:28 | ERROR    | src.data.validator             | TGS                   MISSING       MISSING           0      0  100.00%  ERROR     
2026-05-24 17:56:28 | ERROR    | src.data.validator             | CEPU                  MISSING       MISSING           0      0  100.00%  ERROR     
2026-05-24 17:56:28 | ERROR    | src.data.validator             | EDN                   MISSING       MISSING           0      0  100.00%  ERROR     
2026-05-24 17:56:28 | ERROR    | src.data.validator             | LOMA                  MISSING       MISSING           0      0  100.00%  ERROR     
2026-05-24 17:56:28 | ERROR    | src.data.validator             | CRESY                 MISSING       MISSING           0      0  100.00%  ERROR     
2026-05-24 17:56:28 | ERROR    | src.data.validator             | IRS                   MISSING       MISSING           0      0  100.00%  ERROR     
2026-05-24 17:56:28 | ERROR    | src.data.validator             | sovereign_bond        MISSING       MISSING           0      0  100.00%  ERROR     
2026-05-24 17:56:28 | ERROR    | src.data.validator             | merval                MISSING       MISSING           0      0  100.00%  ERROR     
2026-05-24 17:56:28 | ERROR    | src.data.validator             | ccl                   MISSING       MISSING           0      0  100.00%  ERROR     
2026-05-24 17:56:28 | INFO     | src.data.validator             | ----------------------------------------------------------------------------------
2026-05-24 17:56:28 | INFO     | src.data.validator             | Coverage report [macro]
2026-05-24 17:56:28 | INFO     | src.data.validator             | ----------------------------------------------------------------------------------
2026-05-24 17:56:28 | INFO     | src.data.validator             | asset                 first_date    last_date      rows    nan    nan%  status    
2026-05-24 17:56:28 | INFO     | src.data.validator             | ----------------------------------------------------------------------------------
2026-05-24 17:56:28 | ERROR    | src.data.validator             | ipc                   MISSING       MISSING           0      0  100.00%  ERROR     
2026-05-24 17:56:28 | ERROR    | src.data.validator             | embi                  MISSING       MISSING           0      0  100.00%  ERROR     
2026-05-24 17:56:28 | ERROR    | src.data.validator             | reservas              MISSING       MISSING           0      0  100.00%  ERROR     
2026-05-24 17:56:28 | ERROR    | src.data.validator             | tc_oficial            MISSING       MISSING           0      0  100.00%  ERROR     
2026-05-24 17:56:28 | INFO     | src.data.validator             | ----------------------------------------------------------------------------------
2026-05-24 17:56:28 | ERROR    | src.data.loader                | Live-month validation failed — data NOT appended. 15 error(s):
2026-05-24 17:56:28 | ERROR    | src.data.loader                |   [YPF] series is entirely NaN (0 rows)
2026-05-24 17:56:28 | ERROR    | src.data.loader                |   [GGAL] series is entirely NaN (0 rows)
2026-05-24 17:56:28 | ERROR    | src.data.loader                |   [BMA] series is entirely NaN (0 rows)
2026-05-24 17:56:28 | ERROR    | src.data.loader                |   [PAM] series is entirely NaN (0 rows)
2026-05-24 17:56:28 | ERROR    | src.data.loader                |   [TGS] series is entirely NaN (0 rows)
2026-05-24 17:56:28 | ERROR    | src.data.loader                |   [CEPU] series is entirely NaN (0 rows)
2026-05-24 17:56:28 | ERROR    | src.data.loader                |   [EDN] series is entirely NaN (0 rows)
2026-05-24 17:56:28 | ERROR    | src.data.loader                |   [LOMA] series is entirely NaN (0 rows)
2026-05-24 17:56:28 | ERROR    | src.data.loader                |   [CRESY] series is entirely NaN (0 rows)
2026-05-24 17:56:28 | ERROR    | src.data.loader                |   [IRS] series is entirely NaN (0 rows)
2026-05-24 17:56:28 | ERROR    | src.data.loader                |   [merval] series is entirely NaN (0 rows)
2026-05-24 17:56:28 | ERROR    | src.data.loader                |   [ccl] series is entirely NaN (0 rows)
2026-05-24 17:56:28 | ERROR    | src.data.loader                |   [ipc] series is entirely NaN (0 rows)
2026-05-24 17:56:28 | ERROR    | src.data.loader                |   [reservas] series is entirely NaN (0 rows)
2026-05-24 17:56:28 | ERROR    | src.data.loader                |   [tc_oficial] series is entirely NaN (0 rows)
2026-05-24 17:56:28 | INFO     | src.features.features          | compute_features: 881 weekly rows | 10 tickers | warm-up = 30 rows
2026-05-24 17:56:28 | WARNING  | src.nlp.nlp                    | Skipping bcra_monetario_sep_2025.pdf — extraction failed: No module named 'pdfminer'
2026-05-24 17:56:28 | WARNING  | src.nlp.nlp                    | Skipping bcra_rem_oct_2025.pdf — extraction failed: No module named 'pdfminer'
2026-05-24 17:56:28 | WARNING  | src.nlp.nlp                    | Skipping indec_informa_09_25.pdf — extraction failed: No module named 'pdfminer'
2026-05-24 17:56:30 | INFO     | src.nlp.nlp                    | Loaded from data\news\2025\10 — macro=0 docs, company=41 docs across 9 tickers
2026-05-24 17:56:30 | INFO     | src.utils.utils                | [DONE]  live 2025-10 — 21.03s
2026-05-24 17:56:30 | ERROR    | __main__                       | Month 2025-10 failed (ModuleNotFoundError: No module named 'transformers') — applying carry-forward.
2026-05-24 17:56:30 | ERROR    | __main__                       | No prior allocation to carry forward — month 2025-10 skipped entirely.
2026-05-24 17:56:30 | INFO     | src.utils.utils                | [START] live 2025-11
2026-05-24 17:56:30 | INFO     | src.data.loader                | Starting live-month download: 2026-01-03 → 2025-11-30 (cutoff: 2025-11-30) | tickers: ['YPF', 'GGAL', 'BMA', 'PAM', 'TGS', 'CEPU', 'EDN', 'LOMA', 'CRESY', 'IRS']
2026-05-24 17:56:31 | ERROR    | yfinance                       | $YPF: possibly delisted; no price data found  (1wk 2026-01-03 -> 2025-11-30) (Yahoo error = "Invalid input - start date cannot be after end date. startDate = 1767416400, endDate = 1764478800")
2026-05-24 17:56:31 | WARNING  | src.data.downloader            | [YPF] yfinance returned empty DataFrame
2026-05-24 17:56:33 | ERROR    | yfinance                       | $GGAL: possibly delisted; no price data found  (1wk 2026-01-03 -> 2025-11-30) (Yahoo error = "Invalid input - start date cannot be after end date. startDate = 1767416400, endDate = 1764478800")
2026-05-24 17:56:33 | WARNING  | src.data.downloader            | [GGAL] yfinance returned empty DataFrame
2026-05-24 17:56:34 | ERROR    | yfinance                       | $BMA: possibly delisted; no price data found  (1wk 2026-01-03 -> 2025-11-30) (Yahoo error = "Invalid input - start date cannot be after end date. startDate = 1767416400, endDate = 1764478800")
2026-05-24 17:56:34 | WARNING  | src.data.downloader            | [BMA] yfinance returned empty DataFrame
2026-05-24 17:56:36 | ERROR    | yfinance                       | $PAM: possibly delisted; no price data found  (1wk 2026-01-03 -> 2025-11-30) (Yahoo error = "Invalid input - start date cannot be after end date. startDate = 1767416400, endDate = 1764478800")
2026-05-24 17:56:36 | WARNING  | src.data.downloader            | [PAM] yfinance returned empty DataFrame
2026-05-24 17:56:38 | ERROR    | yfinance                       | $TGS: possibly delisted; no price data found  (1wk 2026-01-03 -> 2025-11-30) (Yahoo error = "Invalid input - start date cannot be after end date. startDate = 1767416400, endDate = 1764478800")
2026-05-24 17:56:38 | WARNING  | src.data.downloader            | [TGS] yfinance returned empty DataFrame
2026-05-24 17:56:39 | ERROR    | yfinance                       | $CEPU: possibly delisted; no price data found  (1wk 2026-01-03 -> 2025-11-30) (Yahoo error = "Invalid input - start date cannot be after end date. startDate = 1767416400, endDate = 1764478800")
2026-05-24 17:56:39 | WARNING  | src.data.downloader            | [CEPU] yfinance returned empty DataFrame
2026-05-24 17:56:40 | ERROR    | yfinance                       | $EDN: possibly delisted; no price data found  (1wk 2026-01-03 -> 2025-11-30) (Yahoo error = "Invalid input - start date cannot be after end date. startDate = 1767416400, endDate = 1764478800")
2026-05-24 17:56:40 | WARNING  | src.data.downloader            | [EDN] yfinance returned empty DataFrame
2026-05-24 17:56:42 | ERROR    | yfinance                       | $LOMA: possibly delisted; no price data found  (1wk 2026-01-03 -> 2025-11-30) (Yahoo error = "Invalid input - start date cannot be after end date. startDate = 1767416400, endDate = 1764478800")
2026-05-24 17:56:42 | WARNING  | src.data.downloader            | [LOMA] yfinance returned empty DataFrame
2026-05-24 17:56:43 | ERROR    | yfinance                       | $CRESY: possibly delisted; no price data found  (1wk 2026-01-03 -> 2025-11-30) (Yahoo error = "Invalid input - start date cannot be after end date. startDate = 1767416400, endDate = 1764478800")
2026-05-24 17:56:43 | WARNING  | src.data.downloader            | [CRESY] yfinance returned empty DataFrame
2026-05-24 17:56:45 | ERROR    | yfinance                       | $IRS: possibly delisted; no price data found  (1wk 2026-01-03 -> 2025-11-30) (Yahoo error = "Invalid input - start date cannot be after end date. startDate = 1767416400, endDate = 1764478800")
2026-05-24 17:56:45 | WARNING  | src.data.downloader            | [IRS] yfinance returned empty DataFrame
2026-05-24 17:56:45 | WARNING  | src.data.downloader            | [YPF] no data downloaded
2026-05-24 17:56:45 | WARNING  | src.data.downloader            | [GGAL] no data downloaded
2026-05-24 17:56:45 | WARNING  | src.data.downloader            | [BMA] no data downloaded
2026-05-24 17:56:45 | WARNING  | src.data.downloader            | [PAM] no data downloaded
2026-05-24 17:56:45 | WARNING  | src.data.downloader            | [TGS] no data downloaded
2026-05-24 17:56:45 | WARNING  | src.data.downloader            | [CEPU] no data downloaded
2026-05-24 17:56:45 | WARNING  | src.data.downloader            | [EDN] no data downloaded
2026-05-24 17:56:45 | WARNING  | src.data.downloader            | [LOMA] no data downloaded
2026-05-24 17:56:45 | WARNING  | src.data.downloader            | [CRESY] no data downloaded
2026-05-24 17:56:45 | WARNING  | src.data.downloader            | [IRS] no data downloaded
2026-05-24 17:56:46 | ERROR    | yfinance                       | $^MERV: possibly delisted; no price data found  (1wk 2026-01-03 -> 2025-11-30) (Yahoo error = "Invalid input - start date cannot be after end date. startDate = 1767409200, endDate = 1764471600")
2026-05-24 17:56:46 | WARNING  | src.data.downloader            | [^MERV] yfinance returned empty DataFrame
2026-05-24 17:56:46 | ERROR    | yfinance                       | $AL30D.BA: possibly delisted; no timezone found
2026-05-24 17:56:46 | WARNING  | src.data.scraper_al30d         | [AL30D.BA] all sources failed and no cache available
2026-05-24 17:56:46 | WARNING  | src.data.scraper_al30d         | sovereign_bond: all sources failed — returning empty series
2026-05-24 17:56:47 | WARNING  | src.data.scraper_ccl           | CCL: all sources failed — returning empty series
2026-05-24 17:56:47 | WARNING  | src.data.scraper_macro         | [macro/ipc] extending last cached value (9840.8457) to fill 2026-01-03 → 2025-11-30
2026-05-24 17:56:48 | WARNING  | src.data.scraper_macro         | [macro/embi] cache has no valid values
2026-05-24 17:56:48 | WARNING  | src.data.scraper_macro         | [macro/reservas] extending last cached value (40653.3333) to fill 2026-01-03 → 2025-11-30
2026-05-24 17:56:50 | WARNING  | src.data.scraper_macro         | [macro/tc_oficial] extending last cached value (1475.0000) to fill 2026-01-03 → 2025-11-30
2026-05-24 17:56:50 | INFO     | src.data.validator             | Coverage report [prices]
2026-05-24 17:56:50 | INFO     | src.data.validator             | ----------------------------------------------------------------------------------
2026-05-24 17:56:50 | INFO     | src.data.validator             | asset                 first_date    last_date      rows    nan    nan%  status    
2026-05-24 17:56:50 | INFO     | src.data.validator             | ----------------------------------------------------------------------------------
2026-05-24 17:56:50 | ERROR    | src.data.validator             | YPF                   MISSING       MISSING           0      0  100.00%  ERROR     
2026-05-24 17:56:50 | ERROR    | src.data.validator             | GGAL                  MISSING       MISSING           0      0  100.00%  ERROR     
2026-05-24 17:56:50 | ERROR    | src.data.validator             | BMA                   MISSING       MISSING           0      0  100.00%  ERROR     
2026-05-24 17:56:50 | ERROR    | src.data.validator             | PAM                   MISSING       MISSING           0      0  100.00%  ERROR     
2026-05-24 17:56:50 | ERROR    | src.data.validator             | TGS                   MISSING       MISSING           0      0  100.00%  ERROR     
2026-05-24 17:56:50 | ERROR    | src.data.validator             | CEPU                  MISSING       MISSING           0      0  100.00%  ERROR     
2026-05-24 17:56:50 | ERROR    | src.data.validator             | EDN                   MISSING       MISSING           0      0  100.00%  ERROR     
2026-05-24 17:56:50 | ERROR    | src.data.validator             | LOMA                  MISSING       MISSING           0      0  100.00%  ERROR     
2026-05-24 17:56:50 | ERROR    | src.data.validator             | CRESY                 MISSING       MISSING           0      0  100.00%  ERROR     
2026-05-24 17:56:50 | ERROR    | src.data.validator             | IRS                   MISSING       MISSING           0      0  100.00%  ERROR     
2026-05-24 17:56:50 | ERROR    | src.data.validator             | sovereign_bond        MISSING       MISSING           0      0  100.00%  ERROR     
2026-05-24 17:56:50 | ERROR    | src.data.validator             | merval                MISSING       MISSING           0      0  100.00%  ERROR     
2026-05-24 17:56:50 | ERROR    | src.data.validator             | ccl                   MISSING       MISSING           0      0  100.00%  ERROR     
2026-05-24 17:56:50 | INFO     | src.data.validator             | ----------------------------------------------------------------------------------
2026-05-24 17:56:50 | INFO     | src.data.validator             | Coverage report [macro]
2026-05-24 17:56:50 | INFO     | src.data.validator             | ----------------------------------------------------------------------------------
2026-05-24 17:56:50 | INFO     | src.data.validator             | asset                 first_date    last_date      rows    nan    nan%  status    
2026-05-24 17:56:50 | INFO     | src.data.validator             | ----------------------------------------------------------------------------------
2026-05-24 17:56:50 | ERROR    | src.data.validator             | ipc                   MISSING       MISSING           0      0  100.00%  ERROR     
2026-05-24 17:56:50 | ERROR    | src.data.validator             | embi                  MISSING       MISSING           0      0  100.00%  ERROR     
2026-05-24 17:56:50 | ERROR    | src.data.validator             | reservas              MISSING       MISSING           0      0  100.00%  ERROR     
2026-05-24 17:56:50 | ERROR    | src.data.validator             | tc_oficial            MISSING       MISSING           0      0  100.00%  ERROR     
2026-05-24 17:56:50 | INFO     | src.data.validator             | ----------------------------------------------------------------------------------
2026-05-24 17:56:50 | ERROR    | src.data.loader                | Live-month validation failed — data NOT appended. 15 error(s):
2026-05-24 17:56:50 | ERROR    | src.data.loader                |   [YPF] series is entirely NaN (0 rows)
2026-05-24 17:56:50 | ERROR    | src.data.loader                |   [GGAL] series is entirely NaN (0 rows)
2026-05-24 17:56:50 | ERROR    | src.data.loader                |   [BMA] series is entirely NaN (0 rows)
2026-05-24 17:56:50 | ERROR    | src.data.loader                |   [PAM] series is entirely NaN (0 rows)
2026-05-24 17:56:50 | ERROR    | src.data.loader                |   [TGS] series is entirely NaN (0 rows)
2026-05-24 17:56:50 | ERROR    | src.data.loader                |   [CEPU] series is entirely NaN (0 rows)
2026-05-24 17:56:50 | ERROR    | src.data.loader                |   [EDN] series is entirely NaN (0 rows)
2026-05-24 17:56:50 | ERROR    | src.data.loader                |   [LOMA] series is entirely NaN (0 rows)
2026-05-24 17:56:50 | ERROR    | src.data.loader                |   [CRESY] series is entirely NaN (0 rows)
2026-05-24 17:56:50 | ERROR    | src.data.loader                |   [IRS] series is entirely NaN (0 rows)
2026-05-24 17:56:50 | ERROR    | src.data.loader                |   [merval] series is entirely NaN (0 rows)
2026-05-24 17:56:50 | ERROR    | src.data.loader                |   [ccl] series is entirely NaN (0 rows)
2026-05-24 17:56:50 | ERROR    | src.data.loader                |   [ipc] series is entirely NaN (0 rows)
2026-05-24 17:56:50 | ERROR    | src.data.loader                |   [reservas] series is entirely NaN (0 rows)
2026-05-24 17:56:50 | ERROR    | src.data.loader                |   [tc_oficial] series is entirely NaN (0 rows)
2026-05-24 17:56:50 | INFO     | src.features.features          | compute_features: 885 weekly rows | 10 tickers | warm-up = 30 rows
2026-05-24 17:56:50 | WARNING  | src.nlp.nlp                    | Skipping bcra_monetario_oct_2025.pdf — extraction failed: No module named 'pdfminer'
2026-05-24 17:56:50 | WARNING  | src.nlp.nlp                    | Skipping bcra_rem_nov_2025.pdf — extraction failed: No module named 'pdfminer'
2026-05-24 17:56:50 | WARNING  | src.nlp.nlp                    | Skipping indec_informa_10_25.pdf — extraction failed: No module named 'pdfminer'
2026-05-24 17:56:52 | INFO     | src.nlp.nlp                    | Loaded from data\news\2025\11 — macro=0 docs, company=42 docs across 10 tickers
2026-05-24 17:56:52 | INFO     | src.utils.utils                | [DONE]  live 2025-11 — 22.03s
2026-05-24 17:56:52 | ERROR    | __main__                       | Month 2025-11 failed (ModuleNotFoundError: No module named 'transformers') — applying carry-forward.
2026-05-24 17:56:52 | ERROR    | __main__                       | No prior allocation to carry forward — month 2025-11 skipped entirely.
2026-05-24 17:56:52 | INFO     | src.utils.utils                | [START] live 2025-12
2026-05-24 17:56:52 | INFO     | src.data.loader                | Starting live-month download: 2026-01-03 → 2025-12-31 (cutoff: 2025-12-31) | tickers: ['YPF', 'GGAL', 'BMA', 'PAM', 'TGS', 'CEPU', 'EDN', 'LOMA', 'CRESY', 'IRS']
2026-05-24 17:56:53 | ERROR    | yfinance                       | $YPF: possibly delisted; no price data found  (1wk 2026-01-03 -> 2025-12-31) (Yahoo error = "Invalid input - start date cannot be after end date. startDate = 1767416400, endDate = 1767157200")
2026-05-24 17:56:53 | WARNING  | src.data.downloader            | [YPF] yfinance returned empty DataFrame
2026-05-24 17:56:55 | ERROR    | yfinance                       | $GGAL: possibly delisted; no price data found  (1wk 2026-01-03 -> 2025-12-31) (Yahoo error = "Invalid input - start date cannot be after end date. startDate = 1767416400, endDate = 1767157200")
2026-05-24 17:56:55 | WARNING  | src.data.downloader            | [GGAL] yfinance returned empty DataFrame
2026-05-24 17:56:56 | ERROR    | yfinance                       | $BMA: possibly delisted; no price data found  (1wk 2026-01-03 -> 2025-12-31) (Yahoo error = "Invalid input - start date cannot be after end date. startDate = 1767416400, endDate = 1767157200")
2026-05-24 17:56:56 | WARNING  | src.data.downloader            | [BMA] yfinance returned empty DataFrame
2026-05-24 17:56:57 | ERROR    | yfinance                       | $PAM: possibly delisted; no price data found  (1wk 2026-01-03 -> 2025-12-31) (Yahoo error = "Invalid input - start date cannot be after end date. startDate = 1767416400, endDate = 1767157200")
2026-05-24 17:56:57 | WARNING  | src.data.downloader            | [PAM] yfinance returned empty DataFrame
2026-05-24 17:56:59 | ERROR    | yfinance                       | $TGS: possibly delisted; no price data found  (1wk 2026-01-03 -> 2025-12-31) (Yahoo error = "Invalid input - start date cannot be after end date. startDate = 1767416400, endDate = 1767157200")
2026-05-24 17:56:59 | WARNING  | src.data.downloader            | [TGS] yfinance returned empty DataFrame
2026-05-24 17:57:00 | ERROR    | yfinance                       | $CEPU: possibly delisted; no price data found  (1wk 2026-01-03 -> 2025-12-31) (Yahoo error = "Invalid input - start date cannot be after end date. startDate = 1767416400, endDate = 1767157200")
2026-05-24 17:57:00 | WARNING  | src.data.downloader            | [CEPU] yfinance returned empty DataFrame
2026-05-24 17:57:01 | ERROR    | yfinance                       | $EDN: possibly delisted; no price data found  (1wk 2026-01-03 -> 2025-12-31) (Yahoo error = "Invalid input - start date cannot be after end date. startDate = 1767416400, endDate = 1767157200")
2026-05-24 17:57:01 | WARNING  | src.data.downloader            | [EDN] yfinance returned empty DataFrame
2026-05-24 17:57:03 | ERROR    | yfinance                       | $LOMA: possibly delisted; no price data found  (1wk 2026-01-03 -> 2025-12-31) (Yahoo error = "Invalid input - start date cannot be after end date. startDate = 1767416400, endDate = 1767157200")
2026-05-24 17:57:03 | WARNING  | src.data.downloader            | [LOMA] yfinance returned empty DataFrame
2026-05-24 17:57:04 | ERROR    | yfinance                       | $CRESY: possibly delisted; no price data found  (1wk 2026-01-03 -> 2025-12-31) (Yahoo error = "Invalid input - start date cannot be after end date. startDate = 1767416400, endDate = 1767157200")
2026-05-24 17:57:04 | WARNING  | src.data.downloader            | [CRESY] yfinance returned empty DataFrame
2026-05-24 17:57:06 | ERROR    | yfinance                       | $IRS: possibly delisted; no price data found  (1wk 2026-01-03 -> 2025-12-31) (Yahoo error = "Invalid input - start date cannot be after end date. startDate = 1767416400, endDate = 1767157200")
2026-05-24 17:57:06 | WARNING  | src.data.downloader            | [IRS] yfinance returned empty DataFrame
2026-05-24 17:57:06 | WARNING  | src.data.downloader            | [YPF] no data downloaded
2026-05-24 17:57:06 | WARNING  | src.data.downloader            | [GGAL] no data downloaded
2026-05-24 17:57:06 | WARNING  | src.data.downloader            | [BMA] no data downloaded
2026-05-24 17:57:06 | WARNING  | src.data.downloader            | [PAM] no data downloaded
2026-05-24 17:57:06 | WARNING  | src.data.downloader            | [TGS] no data downloaded
2026-05-24 17:57:06 | WARNING  | src.data.downloader            | [CEPU] no data downloaded
2026-05-24 17:57:06 | WARNING  | src.data.downloader            | [EDN] no data downloaded
2026-05-24 17:57:06 | WARNING  | src.data.downloader            | [LOMA] no data downloaded
2026-05-24 17:57:06 | WARNING  | src.data.downloader            | [CRESY] no data downloaded
2026-05-24 17:57:06 | WARNING  | src.data.downloader            | [IRS] no data downloaded
2026-05-24 17:57:07 | ERROR    | yfinance                       | $^MERV: possibly delisted; no price data found  (1wk 2026-01-03 -> 2025-12-31) (Yahoo error = "Invalid input - start date cannot be after end date. startDate = 1767409200, endDate = 1767150000")
2026-05-24 17:57:07 | WARNING  | src.data.downloader            | [^MERV] yfinance returned empty DataFrame
2026-05-24 17:57:07 | ERROR    | yfinance                       | $AL30D.BA: possibly delisted; no timezone found
2026-05-24 17:57:07 | WARNING  | src.data.scraper_al30d         | [AL30D.BA] all sources failed and no cache available
2026-05-24 17:57:07 | WARNING  | src.data.scraper_al30d         | sovereign_bond: all sources failed — returning empty series
2026-05-24 17:57:07 | WARNING  | src.data.scraper_ccl           | CCL: all sources failed — returning empty series
2026-05-24 17:57:08 | WARNING  | src.data.scraper_macro         | [macro/ipc] extending last cached value (10115.6707) to fill 2026-01-03 → 2025-12-31
2026-05-24 17:57:09 | WARNING  | src.data.scraper_macro         | [macro/embi] cache has no valid values
2026-05-24 17:57:09 | WARNING  | src.data.scraper_macro         | [macro/reservas] extending last cached value (42210.6774) to fill 2026-01-03 → 2025-12-31
2026-05-24 17:57:10 | WARNING  | src.data.scraper_macro         | [macro/tc_oficial] extending last cached value (1480.0000) to fill 2026-01-03 → 2025-12-31
2026-05-24 17:57:10 | INFO     | src.data.validator             | Coverage report [prices]
2026-05-24 17:57:10 | INFO     | src.data.validator             | ----------------------------------------------------------------------------------
2026-05-24 17:57:10 | INFO     | src.data.validator             | asset                 first_date    last_date      rows    nan    nan%  status    
2026-05-24 17:57:10 | INFO     | src.data.validator             | ----------------------------------------------------------------------------------
2026-05-24 17:57:10 | ERROR    | src.data.validator             | YPF                   MISSING       MISSING           0      0  100.00%  ERROR     
2026-05-24 17:57:10 | ERROR    | src.data.validator             | GGAL                  MISSING       MISSING           0      0  100.00%  ERROR     
2026-05-24 17:57:10 | ERROR    | src.data.validator             | BMA                   MISSING       MISSING           0      0  100.00%  ERROR     
2026-05-24 17:57:10 | ERROR    | src.data.validator             | PAM                   MISSING       MISSING           0      0  100.00%  ERROR     
2026-05-24 17:57:10 | ERROR    | src.data.validator             | TGS                   MISSING       MISSING           0      0  100.00%  ERROR     
2026-05-24 17:57:10 | ERROR    | src.data.validator             | CEPU                  MISSING       MISSING           0      0  100.00%  ERROR     
2026-05-24 17:57:10 | ERROR    | src.data.validator             | EDN                   MISSING       MISSING           0      0  100.00%  ERROR     
2026-05-24 17:57:10 | ERROR    | src.data.validator             | LOMA                  MISSING       MISSING           0      0  100.00%  ERROR     
2026-05-24 17:57:10 | ERROR    | src.data.validator             | CRESY                 MISSING       MISSING           0      0  100.00%  ERROR     
2026-05-24 17:57:10 | ERROR    | src.data.validator             | IRS                   MISSING       MISSING           0      0  100.00%  ERROR     
2026-05-24 17:57:10 | ERROR    | src.data.validator             | sovereign_bond        MISSING       MISSING           0      0  100.00%  ERROR     
2026-05-24 17:57:10 | ERROR    | src.data.validator             | merval                MISSING       MISSING           0      0  100.00%  ERROR     
2026-05-24 17:57:10 | ERROR    | src.data.validator             | ccl                   MISSING       MISSING           0      0  100.00%  ERROR     
2026-05-24 17:57:10 | INFO     | src.data.validator             | ----------------------------------------------------------------------------------
2026-05-24 17:57:10 | INFO     | src.data.validator             | Coverage report [macro]
2026-05-24 17:57:10 | INFO     | src.data.validator             | ----------------------------------------------------------------------------------
2026-05-24 17:57:10 | INFO     | src.data.validator             | asset                 first_date    last_date      rows    nan    nan%  status    
2026-05-24 17:57:10 | INFO     | src.data.validator             | ----------------------------------------------------------------------------------
2026-05-24 17:57:10 | ERROR    | src.data.validator             | ipc                   MISSING       MISSING           0      0  100.00%  ERROR     
2026-05-24 17:57:10 | ERROR    | src.data.validator             | embi                  MISSING       MISSING           0      0  100.00%  ERROR     
2026-05-24 17:57:10 | ERROR    | src.data.validator             | reservas              MISSING       MISSING           0      0  100.00%  ERROR     
2026-05-24 17:57:10 | ERROR    | src.data.validator             | tc_oficial            MISSING       MISSING           0      0  100.00%  ERROR     
2026-05-24 17:57:10 | INFO     | src.data.validator             | ----------------------------------------------------------------------------------
2026-05-24 17:57:10 | ERROR    | src.data.loader                | Live-month validation failed — data NOT appended. 15 error(s):
2026-05-24 17:57:10 | ERROR    | src.data.loader                |   [YPF] series is entirely NaN (0 rows)
2026-05-24 17:57:10 | ERROR    | src.data.loader                |   [GGAL] series is entirely NaN (0 rows)
2026-05-24 17:57:10 | ERROR    | src.data.loader                |   [BMA] series is entirely NaN (0 rows)
2026-05-24 17:57:10 | ERROR    | src.data.loader                |   [PAM] series is entirely NaN (0 rows)
2026-05-24 17:57:10 | ERROR    | src.data.loader                |   [TGS] series is entirely NaN (0 rows)
2026-05-24 17:57:10 | ERROR    | src.data.loader                |   [CEPU] series is entirely NaN (0 rows)
2026-05-24 17:57:10 | ERROR    | src.data.loader                |   [EDN] series is entirely NaN (0 rows)
2026-05-24 17:57:10 | ERROR    | src.data.loader                |   [LOMA] series is entirely NaN (0 rows)
2026-05-24 17:57:10 | ERROR    | src.data.loader                |   [CRESY] series is entirely NaN (0 rows)
2026-05-24 17:57:10 | ERROR    | src.data.loader                |   [IRS] series is entirely NaN (0 rows)
2026-05-24 17:57:10 | ERROR    | src.data.loader                |   [merval] series is entirely NaN (0 rows)
2026-05-24 17:57:10 | ERROR    | src.data.loader                |   [ccl] series is entirely NaN (0 rows)
2026-05-24 17:57:10 | ERROR    | src.data.loader                |   [ipc] series is entirely NaN (0 rows)
2026-05-24 17:57:10 | ERROR    | src.data.loader                |   [reservas] series is entirely NaN (0 rows)
2026-05-24 17:57:10 | ERROR    | src.data.loader                |   [tc_oficial] series is entirely NaN (0 rows)
2026-05-24 17:57:10 | INFO     | src.features.features          | compute_features: 890 weekly rows | 10 tickers | warm-up = 30 rows
2026-05-24 17:57:10 | WARNING  | src.nlp.nlp                    | Skipping bcra_monetario_nov_2025.pdf — extraction failed: No module named 'pdfminer'
2026-05-24 17:57:10 | WARNING  | src.nlp.nlp                    | Skipping bcra_rem_dic_2025.pdf — extraction failed: No module named 'pdfminer'
2026-05-24 17:57:11 | WARNING  | src.nlp.nlp                    | Skipping indec_informa_11_25.pdf — extraction failed: No module named 'pdfminer'
2026-05-24 17:57:12 | INFO     | src.nlp.nlp                    | Loaded from data\news\2025\12 — macro=1 docs, company=31 docs across 9 tickers
2026-05-24 17:57:12 | INFO     | src.utils.utils                | [DONE]  live 2025-12 — 20.59s
2026-05-24 17:57:12 | ERROR    | __main__                       | Month 2025-12 failed (ModuleNotFoundError: No module named 'transformers') — applying carry-forward.
2026-05-24 17:57:12 | ERROR    | __main__                       | No prior allocation to carry forward — month 2025-12 skipped entirely.
