2026-05-24 12:30:59 | INFO     | src.utils.utils                | Logging initialized — level=INFO  file=logs\run_20260524_153059.log
2026-05-24 12:30:59 | INFO     | __main__                       | === gestionHvsA-adrsArgy | mode=live ===
2026-05-24 12:30:59 | INFO     | __main__                       | Live mode: 24 months | 2024-01 → 2025-12
2026-05-24 12:30:59 | INFO     | src.utils.utils                | [START] live 2024-01
2026-05-24 12:30:59 | INFO     | src.data.loader                | Starting live-month download: 2026-01-03 → 2024-01-31 (cutoff: 2024-01-31) | tickers: ['YPF', 'GGAL', 'BMA', 'PAM', 'TGS', 'CEPU', 'EDN', 'LOMA', 'CRESY', 'IRS']
2026-05-24 12:31:03 | ERROR    | yfinance                       | $YPF: possibly delisted; no price data found  (1wk 2026-01-03 -> 2024-01-31) (Yahoo error = "Invalid input - start date cannot be after end date. startDate = 1767416400, endDate = 1706677200")
2026-05-24 12:31:03 | WARNING  | src.data.downloader            | [YPF] yfinance returned empty DataFrame
2026-05-24 12:31:04 | ERROR    | yfinance                       | $GGAL: possibly delisted; no price data found  (1wk 2026-01-03 -> 2024-01-31) (Yahoo error = "Invalid input - start date cannot be after end date. startDate = 1767416400, endDate = 1706677200")
2026-05-24 12:31:04 | WARNING  | src.data.downloader            | [GGAL] yfinance returned empty DataFrame
2026-05-24 12:31:05 | ERROR    | yfinance                       | $BMA: possibly delisted; no price data found  (1wk 2026-01-03 -> 2024-01-31) (Yahoo error = "Invalid input - start date cannot be after end date. startDate = 1767416400, endDate = 1706677200")
2026-05-24 12:31:05 | WARNING  | src.data.downloader            | [BMA] yfinance returned empty DataFrame
2026-05-24 12:31:06 | ERROR    | yfinance                       | $PAM: possibly delisted; no price data found  (1wk 2026-01-03 -> 2024-01-31) (Yahoo error = "Invalid input - start date cannot be after end date. startDate = 1767416400, endDate = 1706677200")
2026-05-24 12:31:06 | WARNING  | src.data.downloader            | [PAM] yfinance returned empty DataFrame
2026-05-24 12:31:07 | ERROR    | yfinance                       | $TGS: possibly delisted; no price data found  (1wk 2026-01-03 -> 2024-01-31) (Yahoo error = "Invalid input - start date cannot be after end date. startDate = 1767416400, endDate = 1706677200")
2026-05-24 12:31:07 | WARNING  | src.data.downloader            | [TGS] yfinance returned empty DataFrame
2026-05-24 12:31:08 | ERROR    | yfinance                       | $CEPU: possibly delisted; no price data found  (1wk 2026-01-03 -> 2024-01-31) (Yahoo error = "Invalid input - start date cannot be after end date. startDate = 1767416400, endDate = 1706677200")
2026-05-24 12:31:08 | WARNING  | src.data.downloader            | [CEPU] yfinance returned empty DataFrame
2026-05-24 12:31:10 | ERROR    | yfinance                       | $EDN: possibly delisted; no price data found  (1wk 2026-01-03 -> 2024-01-31) (Yahoo error = "Invalid input - start date cannot be after end date. startDate = 1767416400, endDate = 1706677200")
2026-05-24 12:31:10 | WARNING  | src.data.downloader            | [EDN] yfinance returned empty DataFrame
2026-05-24 12:31:11 | ERROR    | yfinance                       | $LOMA: possibly delisted; no price data found  (1wk 2026-01-03 -> 2024-01-31) (Yahoo error = "Invalid input - start date cannot be after end date. startDate = 1767416400, endDate = 1706677200")
2026-05-24 12:31:11 | WARNING  | src.data.downloader            | [LOMA] yfinance returned empty DataFrame
2026-05-24 12:31:12 | ERROR    | yfinance                       | $CRESY: possibly delisted; no price data found  (1wk 2026-01-03 -> 2024-01-31) (Yahoo error = "Invalid input - start date cannot be after end date. startDate = 1767416400, endDate = 1706677200")
2026-05-24 12:31:12 | WARNING  | src.data.downloader            | [CRESY] yfinance returned empty DataFrame
2026-05-24 12:31:13 | ERROR    | yfinance                       | $IRS: possibly delisted; no price data found  (1wk 2026-01-03 -> 2024-01-31) (Yahoo error = "Invalid input - start date cannot be after end date. startDate = 1767416400, endDate = 1706677200")
2026-05-24 12:31:13 | WARNING  | src.data.downloader            | [IRS] yfinance returned empty DataFrame
2026-05-24 12:31:13 | WARNING  | src.data.downloader            | [YPF] no data downloaded
2026-05-24 12:31:13 | WARNING  | src.data.downloader            | [GGAL] no data downloaded
2026-05-24 12:31:13 | WARNING  | src.data.downloader            | [BMA] no data downloaded
2026-05-24 12:31:13 | WARNING  | src.data.downloader            | [PAM] no data downloaded
2026-05-24 12:31:13 | WARNING  | src.data.downloader            | [TGS] no data downloaded
2026-05-24 12:31:13 | WARNING  | src.data.downloader            | [CEPU] no data downloaded
2026-05-24 12:31:13 | WARNING  | src.data.downloader            | [EDN] no data downloaded
2026-05-24 12:31:13 | WARNING  | src.data.downloader            | [LOMA] no data downloaded
2026-05-24 12:31:13 | WARNING  | src.data.downloader            | [CRESY] no data downloaded
2026-05-24 12:31:13 | WARNING  | src.data.downloader            | [IRS] no data downloaded
2026-05-24 12:31:14 | ERROR    | yfinance                       | $^MERV: possibly delisted; no price data found  (1wk 2026-01-03 -> 2024-01-31) (Yahoo error = "Invalid input - start date cannot be after end date. startDate = 1767409200, endDate = 1706670000")
2026-05-24 12:31:14 | WARNING  | src.data.downloader            | [^MERV] yfinance returned empty DataFrame
2026-05-24 12:31:18 | ERROR    | yfinance                       | HTTP Error 404: {"quoteSummary":{"result":null,"error":{"code":"Not Found","description":"Quote not found for symbol: AL30D.BA"}}}
2026-05-24 12:31:18 | ERROR    | yfinance                       | $AL30D.BA: possibly delisted; no timezone found
2026-05-24 12:31:18 | WARNING  | src.data.scraper_al30d         | [AL30D.BA] all sources failed and no cache available
2026-05-24 12:31:18 | WARNING  | src.data.scraper_al30d         | sovereign_bond: all sources failed — returning empty series
2026-05-24 12:31:19 | WARNING  | src.data.scraper_ccl           | CCL: all sources failed — returning empty series
2026-05-24 12:31:20 | WARNING  | src.data.scraper_macro         | [macro/ipc] extending last cached value (4132.4790) to fill 2026-01-03 → 2024-01-31
2026-05-24 12:31:20 | WARNING  | src.data.scraper_macro         | [macro/embi] cache has no valid values
2026-05-24 12:31:21 | WARNING  | src.data.scraper_macro         | [macro/reservas] extending last cached value (24302.2581) to fill 2026-01-03 → 2024-01-31
2026-05-24 12:31:22 | WARNING  | src.data.scraper_macro         | [macro/tc_oficial] extending last cached value (845.5000) to fill 2026-01-03 → 2024-01-31
2026-05-24 12:31:22 | INFO     | src.data.validator             | Coverage report [prices]
2026-05-24 12:31:22 | INFO     | src.data.validator             | ----------------------------------------------------------------------------------
2026-05-24 12:31:22 | INFO     | src.data.validator             | asset                 first_date    last_date      rows    nan    nan%  status    
2026-05-24 12:31:22 | INFO     | src.data.validator             | ----------------------------------------------------------------------------------
2026-05-24 12:31:22 | ERROR    | src.data.validator             | YPF                   MISSING       MISSING           0      0  100.00%  ERROR     
2026-05-24 12:31:22 | ERROR    | src.data.validator             | GGAL                  MISSING       MISSING           0      0  100.00%  ERROR     
2026-05-24 12:31:22 | ERROR    | src.data.validator             | BMA                   MISSING       MISSING           0      0  100.00%  ERROR     
2026-05-24 12:31:22 | ERROR    | src.data.validator             | PAM                   MISSING       MISSING           0      0  100.00%  ERROR     
2026-05-24 12:31:22 | ERROR    | src.data.validator             | TGS                   MISSING       MISSING           0      0  100.00%  ERROR     
2026-05-24 12:31:22 | ERROR    | src.data.validator             | CEPU                  MISSING       MISSING           0      0  100.00%  ERROR     
2026-05-24 12:31:22 | ERROR    | src.data.validator             | EDN                   MISSING       MISSING           0      0  100.00%  ERROR     
2026-05-24 12:31:22 | ERROR    | src.data.validator             | LOMA                  MISSING       MISSING           0      0  100.00%  ERROR     
2026-05-24 12:31:22 | ERROR    | src.data.validator             | CRESY                 MISSING       MISSING           0      0  100.00%  ERROR     
2026-05-24 12:31:22 | ERROR    | src.data.validator             | IRS                   MISSING       MISSING           0      0  100.00%  ERROR     
2026-05-24 12:31:22 | ERROR    | src.data.validator             | sovereign_bond        MISSING       MISSING           0      0  100.00%  ERROR     
2026-05-24 12:31:22 | ERROR    | src.data.validator             | merval                MISSING       MISSING           0      0  100.00%  ERROR     
2026-05-24 12:31:22 | ERROR    | src.data.validator             | ccl                   MISSING       MISSING           0      0  100.00%  ERROR     
2026-05-24 12:31:22 | INFO     | src.data.validator             | ----------------------------------------------------------------------------------
2026-05-24 12:31:22 | INFO     | src.data.validator             | Coverage report [macro]
2026-05-24 12:31:22 | INFO     | src.data.validator             | ----------------------------------------------------------------------------------
2026-05-24 12:31:22 | INFO     | src.data.validator             | asset                 first_date    last_date      rows    nan    nan%  status    
2026-05-24 12:31:22 | INFO     | src.data.validator             | ----------------------------------------------------------------------------------
2026-05-24 12:31:22 | ERROR    | src.data.validator             | ipc                   MISSING       MISSING           0      0  100.00%  ERROR     
2026-05-24 12:31:22 | ERROR    | src.data.validator             | embi                  MISSING       MISSING           0      0  100.00%  ERROR     
2026-05-24 12:31:22 | ERROR    | src.data.validator             | reservas              MISSING       MISSING           0      0  100.00%  ERROR     
2026-05-24 12:31:22 | ERROR    | src.data.validator             | tc_oficial            MISSING       MISSING           0      0  100.00%  ERROR     
2026-05-24 12:31:22 | INFO     | src.data.validator             | ----------------------------------------------------------------------------------
2026-05-24 12:31:22 | ERROR    | src.data.loader                | Live-month validation failed — data NOT appended. 15 error(s):
2026-05-24 12:31:22 | ERROR    | src.data.loader                |   [YPF] series is entirely NaN (0 rows)
2026-05-24 12:31:22 | ERROR    | src.data.loader                |   [GGAL] series is entirely NaN (0 rows)
2026-05-24 12:31:22 | ERROR    | src.data.loader                |   [BMA] series is entirely NaN (0 rows)
2026-05-24 12:31:22 | ERROR    | src.data.loader                |   [PAM] series is entirely NaN (0 rows)
2026-05-24 12:31:22 | ERROR    | src.data.loader                |   [TGS] series is entirely NaN (0 rows)
2026-05-24 12:31:22 | ERROR    | src.data.loader                |   [CEPU] series is entirely NaN (0 rows)
2026-05-24 12:31:22 | ERROR    | src.data.loader                |   [EDN] series is entirely NaN (0 rows)
2026-05-24 12:31:22 | ERROR    | src.data.loader                |   [LOMA] series is entirely NaN (0 rows)
2026-05-24 12:31:22 | ERROR    | src.data.loader                |   [CRESY] series is entirely NaN (0 rows)
2026-05-24 12:31:22 | ERROR    | src.data.loader                |   [IRS] series is entirely NaN (0 rows)
2026-05-24 12:31:22 | ERROR    | src.data.loader                |   [merval] series is entirely NaN (0 rows)
2026-05-24 12:31:22 | ERROR    | src.data.loader                |   [ccl] series is entirely NaN (0 rows)
2026-05-24 12:31:22 | ERROR    | src.data.loader                |   [ipc] series is entirely NaN (0 rows)
2026-05-24 12:31:22 | ERROR    | src.data.loader                |   [reservas] series is entirely NaN (0 rows)
2026-05-24 12:31:22 | ERROR    | src.data.loader                |   [tc_oficial] series is entirely NaN (0 rows)
2026-05-24 12:31:22 | INFO     | src.features.features          | compute_features: 789 weekly rows | 10 tickers | warm-up = 30 rows
2026-05-24 12:31:22 | WARNING  | src.nlp.nlp                    | News directory not found: data\news\2024\01 — returning 0.0 (neutral)
2026-05-24 12:31:22 | WARNING  | src.signals.regime             | _build_monthly_feature_matrix: 'embi' is entirely NaN — filling with 0.0
2026-05-24 12:31:22 | INFO     | src.signals.regime             | Regime prediction: risk_off (p=0.431) | month=2024-01 | nlp_score=0.0000
2026-05-24 12:31:22 | INFO     | src.allocation.allocator       | compute_weights: risk_off (p=0.431) | active=[BMA=1.495, CEPU=1.506, CRESY=1.269, EDN=1.448, GGAL=1.509, IRS=1.311, LOMA=1.126, PAM=1.172, TGS=1.238, YPF=1.300] | excluded=[none] | BMA=0.0800 CEPU=0.0800 CRESY=0.0800 EDN=0.0800 GGAL=0.0800 IRS=0.0800 LOMA=0.0800 PAM=0.0800 TGS=0.0800 YPF=0.0800 AL30D=0.2000
2026-05-24 12:31:22 | INFO     | __main__                       | 2024-01 | risk_off (p=0.431) | nlp=0.0000 | active=10 excluded=0
2026-05-24 12:31:22 | INFO     | src.utils.utils                | [DONE]  live 2024-01 — 23.31s
2026-05-24 12:31:22 | INFO     | src.utils.utils                | [START] live 2024-02
2026-05-24 12:31:22 | INFO     | src.data.loader                | Starting live-month download: 2026-01-03 → 2024-02-29 (cutoff: 2024-02-29) | tickers: ['YPF', 'GGAL', 'BMA', 'PAM', 'TGS', 'CEPU', 'EDN', 'LOMA', 'CRESY', 'IRS']
2026-05-24 12:31:23 | ERROR    | yfinance                       | $YPF: possibly delisted; no price data found  (1wk 2026-01-03 -> 2024-02-29) (Yahoo error = "Invalid input - start date cannot be after end date. startDate = 1767416400, endDate = 1709182800")
2026-05-24 12:31:23 | WARNING  | src.data.downloader            | [YPF] yfinance returned empty DataFrame
2026-05-24 12:31:24 | ERROR    | yfinance                       | $GGAL: possibly delisted; no price data found  (1wk 2026-01-03 -> 2024-02-29) (Yahoo error = "Invalid input - start date cannot be after end date. startDate = 1767416400, endDate = 1709182800")
2026-05-24 12:31:24 | WARNING  | src.data.downloader            | [GGAL] yfinance returned empty DataFrame
2026-05-24 12:31:26 | ERROR    | yfinance                       | $BMA: possibly delisted; no price data found  (1wk 2026-01-03 -> 2024-02-29) (Yahoo error = "Invalid input - start date cannot be after end date. startDate = 1767416400, endDate = 1709182800")
2026-05-24 12:31:26 | WARNING  | src.data.downloader            | [BMA] yfinance returned empty DataFrame
2026-05-24 12:31:27 | ERROR    | yfinance                       | $PAM: possibly delisted; no price data found  (1wk 2026-01-03 -> 2024-02-29) (Yahoo error = "Invalid input - start date cannot be after end date. startDate = 1767416400, endDate = 1709182800")
2026-05-24 12:31:27 | WARNING  | src.data.downloader            | [PAM] yfinance returned empty DataFrame
2026-05-24 12:31:27 | ERROR    | yfinance                       | $TGS: possibly delisted; no price data found  (1wk 2026-01-03 -> 2024-02-29) (Yahoo error = "Invalid input - start date cannot be after end date. startDate = 1767416400, endDate = 1709182800")
2026-05-24 12:31:27 | WARNING  | src.data.downloader            | [TGS] yfinance returned empty DataFrame
2026-05-24 12:31:28 | ERROR    | yfinance                       | $CEPU: possibly delisted; no price data found  (1wk 2026-01-03 -> 2024-02-29) (Yahoo error = "Invalid input - start date cannot be after end date. startDate = 1767416400, endDate = 1709182800")
2026-05-24 12:31:28 | WARNING  | src.data.downloader            | [CEPU] yfinance returned empty DataFrame
2026-05-24 12:31:30 | ERROR    | yfinance                       | $EDN: possibly delisted; no price data found  (1wk 2026-01-03 -> 2024-02-29) (Yahoo error = "Invalid input - start date cannot be after end date. startDate = 1767416400, endDate = 1709182800")
2026-05-24 12:31:30 | WARNING  | src.data.downloader            | [EDN] yfinance returned empty DataFrame
2026-05-24 12:31:30 | ERROR    | yfinance                       | $LOMA: possibly delisted; no price data found  (1wk 2026-01-03 -> 2024-02-29) (Yahoo error = "Invalid input - start date cannot be after end date. startDate = 1767416400, endDate = 1709182800")
2026-05-24 12:31:30 | WARNING  | src.data.downloader            | [LOMA] yfinance returned empty DataFrame
2026-05-24 12:31:32 | ERROR    | yfinance                       | $CRESY: possibly delisted; no price data found  (1wk 2026-01-03 -> 2024-02-29) (Yahoo error = "Invalid input - start date cannot be after end date. startDate = 1767416400, endDate = 1709182800")
2026-05-24 12:31:32 | WARNING  | src.data.downloader            | [CRESY] yfinance returned empty DataFrame
2026-05-24 12:31:33 | ERROR    | yfinance                       | $IRS: possibly delisted; no price data found  (1wk 2026-01-03 -> 2024-02-29) (Yahoo error = "Invalid input - start date cannot be after end date. startDate = 1767416400, endDate = 1709182800")
2026-05-24 12:31:33 | WARNING  | src.data.downloader            | [IRS] yfinance returned empty DataFrame
2026-05-24 12:31:33 | WARNING  | src.data.downloader            | [YPF] no data downloaded
2026-05-24 12:31:33 | WARNING  | src.data.downloader            | [GGAL] no data downloaded
2026-05-24 12:31:33 | WARNING  | src.data.downloader            | [BMA] no data downloaded
2026-05-24 12:31:33 | WARNING  | src.data.downloader            | [PAM] no data downloaded
2026-05-24 12:31:33 | WARNING  | src.data.downloader            | [TGS] no data downloaded
2026-05-24 12:31:33 | WARNING  | src.data.downloader            | [CEPU] no data downloaded
2026-05-24 12:31:33 | WARNING  | src.data.downloader            | [EDN] no data downloaded
2026-05-24 12:31:33 | WARNING  | src.data.downloader            | [LOMA] no data downloaded
2026-05-24 12:31:33 | WARNING  | src.data.downloader            | [CRESY] no data downloaded
2026-05-24 12:31:33 | WARNING  | src.data.downloader            | [IRS] no data downloaded
2026-05-24 12:31:33 | ERROR    | yfinance                       | $^MERV: possibly delisted; no price data found  (1wk 2026-01-03 -> 2024-02-29) (Yahoo error = "Invalid input - start date cannot be after end date. startDate = 1767409200, endDate = 1709175600")
2026-05-24 12:31:33 | WARNING  | src.data.downloader            | [^MERV] yfinance returned empty DataFrame
2026-05-24 12:31:34 | ERROR    | yfinance                       | HTTP Error 404: {"quoteSummary":{"result":null,"error":{"code":"Not Found","description":"Quote not found for symbol: AL30D.BA"}}}
2026-05-24 12:31:35 | ERROR    | yfinance                       | $AL30D.BA: possibly delisted; no timezone found
2026-05-24 12:31:35 | WARNING  | src.data.scraper_al30d         | [AL30D.BA] all sources failed and no cache available
2026-05-24 12:31:35 | WARNING  | src.data.scraper_al30d         | sovereign_bond: all sources failed — returning empty series
2026-05-24 12:31:35 | WARNING  | src.data.scraper_ccl           | CCL: all sources failed — returning empty series
2026-05-24 12:31:36 | WARNING  | src.data.scraper_macro         | [macro/ipc] extending last cached value (4132.4790) to fill 2026-01-03 → 2024-02-29
2026-05-24 12:31:36 | WARNING  | src.data.scraper_macro         | [macro/embi] cache has no valid values
2026-05-24 12:31:37 | WARNING  | src.data.scraper_macro         | [macro/reservas] extending last cached value (24302.2581) to fill 2026-01-03 → 2024-02-29
2026-05-24 12:31:38 | WARNING  | src.data.scraper_macro         | [macro/tc_oficial] extending last cached value (861.0000) to fill 2026-01-03 → 2024-02-29
2026-05-24 12:31:38 | INFO     | src.data.validator             | Coverage report [prices]
2026-05-24 12:31:38 | INFO     | src.data.validator             | ----------------------------------------------------------------------------------
2026-05-24 12:31:38 | INFO     | src.data.validator             | asset                 first_date    last_date      rows    nan    nan%  status    
2026-05-24 12:31:38 | INFO     | src.data.validator             | ----------------------------------------------------------------------------------
2026-05-24 12:31:38 | ERROR    | src.data.validator             | YPF                   MISSING       MISSING           0      0  100.00%  ERROR     
2026-05-24 12:31:38 | ERROR    | src.data.validator             | GGAL                  MISSING       MISSING           0      0  100.00%  ERROR     
2026-05-24 12:31:38 | ERROR    | src.data.validator             | BMA                   MISSING       MISSING           0      0  100.00%  ERROR     
2026-05-24 12:31:38 | ERROR    | src.data.validator             | PAM                   MISSING       MISSING           0      0  100.00%  ERROR     
2026-05-24 12:31:38 | ERROR    | src.data.validator             | TGS                   MISSING       MISSING           0      0  100.00%  ERROR     
2026-05-24 12:31:38 | ERROR    | src.data.validator             | CEPU                  MISSING       MISSING           0      0  100.00%  ERROR     
2026-05-24 12:31:38 | ERROR    | src.data.validator             | EDN                   MISSING       MISSING           0      0  100.00%  ERROR     
2026-05-24 12:31:38 | ERROR    | src.data.validator             | LOMA                  MISSING       MISSING           0      0  100.00%  ERROR     
2026-05-24 12:31:38 | ERROR    | src.data.validator             | CRESY                 MISSING       MISSING           0      0  100.00%  ERROR     
2026-05-24 12:31:38 | ERROR    | src.data.validator             | IRS                   MISSING       MISSING           0      0  100.00%  ERROR     
2026-05-24 12:31:38 | ERROR    | src.data.validator             | sovereign_bond        MISSING       MISSING           0      0  100.00%  ERROR     
2026-05-24 12:31:38 | ERROR    | src.data.validator             | merval                MISSING       MISSING           0      0  100.00%  ERROR     
2026-05-24 12:31:38 | ERROR    | src.data.validator             | ccl                   MISSING       MISSING           0      0  100.00%  ERROR     
2026-05-24 12:31:38 | INFO     | src.data.validator             | ----------------------------------------------------------------------------------
2026-05-24 12:31:38 | INFO     | src.data.validator             | Coverage report [macro]
2026-05-24 12:31:38 | INFO     | src.data.validator             | ----------------------------------------------------------------------------------
2026-05-24 12:31:38 | INFO     | src.data.validator             | asset                 first_date    last_date      rows    nan    nan%  status    
2026-05-24 12:31:38 | INFO     | src.data.validator             | ----------------------------------------------------------------------------------
2026-05-24 12:31:38 | ERROR    | src.data.validator             | ipc                   MISSING       MISSING           0      0  100.00%  ERROR     
2026-05-24 12:31:38 | ERROR    | src.data.validator             | embi                  MISSING       MISSING           0      0  100.00%  ERROR     
2026-05-24 12:31:38 | ERROR    | src.data.validator             | reservas              MISSING       MISSING           0      0  100.00%  ERROR     
2026-05-24 12:31:38 | ERROR    | src.data.validator             | tc_oficial            MISSING       MISSING           0      0  100.00%  ERROR     
2026-05-24 12:31:38 | INFO     | src.data.validator             | ----------------------------------------------------------------------------------
2026-05-24 12:31:38 | ERROR    | src.data.loader                | Live-month validation failed — data NOT appended. 15 error(s):
2026-05-24 12:31:38 | ERROR    | src.data.loader                |   [YPF] series is entirely NaN (0 rows)
2026-05-24 12:31:38 | ERROR    | src.data.loader                |   [GGAL] series is entirely NaN (0 rows)
2026-05-24 12:31:38 | ERROR    | src.data.loader                |   [BMA] series is entirely NaN (0 rows)
2026-05-24 12:31:38 | ERROR    | src.data.loader                |   [PAM] series is entirely NaN (0 rows)
2026-05-24 12:31:38 | ERROR    | src.data.loader                |   [TGS] series is entirely NaN (0 rows)
2026-05-24 12:31:38 | ERROR    | src.data.loader                |   [CEPU] series is entirely NaN (0 rows)
2026-05-24 12:31:38 | ERROR    | src.data.loader                |   [EDN] series is entirely NaN (0 rows)
2026-05-24 12:31:38 | ERROR    | src.data.loader                |   [LOMA] series is entirely NaN (0 rows)
2026-05-24 12:31:38 | ERROR    | src.data.loader                |   [CRESY] series is entirely NaN (0 rows)
2026-05-24 12:31:38 | ERROR    | src.data.loader                |   [IRS] series is entirely NaN (0 rows)
2026-05-24 12:31:38 | ERROR    | src.data.loader                |   [merval] series is entirely NaN (0 rows)
2026-05-24 12:31:38 | ERROR    | src.data.loader                |   [ccl] series is entirely NaN (0 rows)
2026-05-24 12:31:38 | ERROR    | src.data.loader                |   [ipc] series is entirely NaN (0 rows)
2026-05-24 12:31:38 | ERROR    | src.data.loader                |   [reservas] series is entirely NaN (0 rows)
2026-05-24 12:31:38 | ERROR    | src.data.loader                |   [tc_oficial] series is entirely NaN (0 rows)
2026-05-24 12:31:38 | INFO     | src.features.features          | compute_features: 793 weekly rows | 10 tickers | warm-up = 30 rows
2026-05-24 12:31:38 | WARNING  | src.nlp.nlp                    | News directory not found: data\news\2024\02 — returning 0.0 (neutral)
2026-05-24 12:31:38 | WARNING  | src.signals.regime             | _build_monthly_feature_matrix: 'embi' is entirely NaN — filling with 0.0
2026-05-24 12:31:38 | INFO     | src.signals.regime             | Regime prediction: risk_on (p=0.973) | month=2024-02 | nlp_score=0.0000
2026-05-24 12:31:38 | INFO     | src.allocation.allocator       | compute_weights: risk_on (p=0.973) | active=[BMA=1.672, CEPU=1.200, CRESY=1.052, EDN=1.166, GGAL=1.464, IRS=1.123, LOMA=1.032, PAM=1.002, TGS=1.072, YPF=1.247] | excluded=[none] | BMA=0.1000 CEPU=0.1000 CRESY=0.1000 EDN=0.1000 GGAL=0.1000 IRS=0.1000 LOMA=0.1000 PAM=0.1000 TGS=0.1000 YPF=0.1000
2026-05-24 12:31:38 | INFO     | __main__                       | 2024-02 | risk_on (p=0.973) | nlp=0.0000 | active=10 excluded=0
2026-05-24 12:31:38 | INFO     | src.utils.utils                | [DONE]  live 2024-02 — 16.29s
2026-05-24 12:31:38 | INFO     | src.utils.utils                | [START] live 2024-03
2026-05-24 12:31:38 | INFO     | src.data.loader                | Starting live-month download: 2026-01-03 → 2024-03-31 (cutoff: 2024-03-31) | tickers: ['YPF', 'GGAL', 'BMA', 'PAM', 'TGS', 'CEPU', 'EDN', 'LOMA', 'CRESY', 'IRS']
2026-05-24 12:31:39 | ERROR    | yfinance                       | $YPF: possibly delisted; no price data found  (1wk 2026-01-03 -> 2024-03-31) (Yahoo error = "Invalid input - start date cannot be after end date. startDate = 1767416400, endDate = 1711857600")
2026-05-24 12:31:39 | WARNING  | src.data.downloader            | [YPF] yfinance returned empty DataFrame
2026-05-24 12:31:40 | ERROR    | yfinance                       | $GGAL: possibly delisted; no price data found  (1wk 2026-01-03 -> 2024-03-31) (Yahoo error = "Invalid input - start date cannot be after end date. startDate = 1767416400, endDate = 1711857600")
2026-05-24 12:31:40 | WARNING  | src.data.downloader            | [GGAL] yfinance returned empty DataFrame
2026-05-24 12:31:41 | ERROR    | yfinance                       | $BMA: possibly delisted; no price data found  (1wk 2026-01-03 -> 2024-03-31) (Yahoo error = "Invalid input - start date cannot be after end date. startDate = 1767416400, endDate = 1711857600")
2026-05-24 12:31:41 | WARNING  | src.data.downloader            | [BMA] yfinance returned empty DataFrame
2026-05-24 12:31:42 | ERROR    | yfinance                       | $PAM: possibly delisted; no price data found  (1wk 2026-01-03 -> 2024-03-31) (Yahoo error = "Invalid input - start date cannot be after end date. startDate = 1767416400, endDate = 1711857600")
2026-05-24 12:31:42 | WARNING  | src.data.downloader            | [PAM] yfinance returned empty DataFrame
2026-05-24 12:31:44 | ERROR    | yfinance                       | $TGS: possibly delisted; no price data found  (1wk 2026-01-03 -> 2024-03-31) (Yahoo error = "Invalid input - start date cannot be after end date. startDate = 1767416400, endDate = 1711857600")
2026-05-24 12:31:44 | WARNING  | src.data.downloader            | [TGS] yfinance returned empty DataFrame
2026-05-24 12:31:44 | ERROR    | yfinance                       | $CEPU: possibly delisted; no price data found  (1wk 2026-01-03 -> 2024-03-31) (Yahoo error = "Invalid input - start date cannot be after end date. startDate = 1767416400, endDate = 1711857600")
2026-05-24 12:31:44 | WARNING  | src.data.downloader            | [CEPU] yfinance returned empty DataFrame
2026-05-24 12:31:45 | ERROR    | yfinance                       | $EDN: possibly delisted; no price data found  (1wk 2026-01-03 -> 2024-03-31) (Yahoo error = "Invalid input - start date cannot be after end date. startDate = 1767416400, endDate = 1711857600")
2026-05-24 12:31:45 | WARNING  | src.data.downloader            | [EDN] yfinance returned empty DataFrame
2026-05-24 12:31:46 | ERROR    | yfinance                       | $LOMA: possibly delisted; no price data found  (1wk 2026-01-03 -> 2024-03-31) (Yahoo error = "Invalid input - start date cannot be after end date. startDate = 1767416400, endDate = 1711857600")
2026-05-24 12:31:46 | WARNING  | src.data.downloader            | [LOMA] yfinance returned empty DataFrame
2026-05-24 12:31:47 | ERROR    | yfinance                       | $CRESY: possibly delisted; no price data found  (1wk 2026-01-03 -> 2024-03-31) (Yahoo error = "Invalid input - start date cannot be after end date. startDate = 1767416400, endDate = 1711857600")
2026-05-24 12:31:47 | WARNING  | src.data.downloader            | [CRESY] yfinance returned empty DataFrame
2026-05-24 12:31:48 | ERROR    | yfinance                       | $IRS: possibly delisted; no price data found  (1wk 2026-01-03 -> 2024-03-31) (Yahoo error = "Invalid input - start date cannot be after end date. startDate = 1767416400, endDate = 1711857600")
2026-05-24 12:31:48 | WARNING  | src.data.downloader            | [IRS] yfinance returned empty DataFrame
2026-05-24 12:31:48 | WARNING  | src.data.downloader            | [YPF] no data downloaded
2026-05-24 12:31:48 | WARNING  | src.data.downloader            | [GGAL] no data downloaded
2026-05-24 12:31:48 | WARNING  | src.data.downloader            | [BMA] no data downloaded
2026-05-24 12:31:48 | WARNING  | src.data.downloader            | [PAM] no data downloaded
2026-05-24 12:31:48 | WARNING  | src.data.downloader            | [TGS] no data downloaded
2026-05-24 12:31:48 | WARNING  | src.data.downloader            | [CEPU] no data downloaded
2026-05-24 12:31:48 | WARNING  | src.data.downloader            | [EDN] no data downloaded
2026-05-24 12:31:48 | WARNING  | src.data.downloader            | [LOMA] no data downloaded
2026-05-24 12:31:48 | WARNING  | src.data.downloader            | [CRESY] no data downloaded
2026-05-24 12:31:48 | WARNING  | src.data.downloader            | [IRS] no data downloaded
2026-05-24 12:31:49 | ERROR    | yfinance                       | $^MERV: possibly delisted; no price data found  (1wk 2026-01-03 -> 2024-03-31) (Yahoo error = "Invalid input - start date cannot be after end date. startDate = 1767409200, endDate = 1711854000")
2026-05-24 12:31:49 | WARNING  | src.data.downloader            | [^MERV] yfinance returned empty DataFrame
2026-05-24 12:31:49 | ERROR    | yfinance                       | $AL30D.BA: possibly delisted; no timezone found
2026-05-24 12:31:50 | WARNING  | src.data.scraper_al30d         | [AL30D.BA] all sources failed and no cache available
2026-05-24 12:31:50 | WARNING  | src.data.scraper_al30d         | sovereign_bond: all sources failed — returning empty series
2026-05-24 12:31:50 | WARNING  | src.data.scraper_ccl           | CCL: all sources failed — returning empty series
2026-05-24 12:31:51 | WARNING  | src.data.scraper_macro         | [macro/ipc] extending last cached value (4132.4790) to fill 2026-01-03 → 2024-03-31
2026-05-24 12:31:51 | WARNING  | src.data.scraper_macro         | [macro/embi] cache has no valid values
2026-05-24 12:31:52 | WARNING  | src.data.scraper_macro         | [macro/reservas] extending last cached value (24302.2581) to fill 2026-01-03 → 2024-03-31
2026-05-24 12:31:53 | WARNING  | src.data.scraper_macro         | [macro/tc_oficial] extending last cached value (876.0000) to fill 2026-01-03 → 2024-03-31
2026-05-24 12:31:53 | INFO     | src.data.validator             | Coverage report [prices]
2026-05-24 12:31:53 | INFO     | src.data.validator             | ----------------------------------------------------------------------------------
2026-05-24 12:31:53 | INFO     | src.data.validator             | asset                 first_date    last_date      rows    nan    nan%  status    
2026-05-24 12:31:53 | INFO     | src.data.validator             | ----------------------------------------------------------------------------------
2026-05-24 12:31:53 | ERROR    | src.data.validator             | YPF                   MISSING       MISSING           0      0  100.00%  ERROR     
2026-05-24 12:31:53 | ERROR    | src.data.validator             | GGAL                  MISSING       MISSING           0      0  100.00%  ERROR     
2026-05-24 12:31:53 | ERROR    | src.data.validator             | BMA                   MISSING       MISSING           0      0  100.00%  ERROR     
2026-05-24 12:31:53 | ERROR    | src.data.validator             | PAM                   MISSING       MISSING           0      0  100.00%  ERROR     
2026-05-24 12:31:53 | ERROR    | src.data.validator             | TGS                   MISSING       MISSING           0      0  100.00%  ERROR     
2026-05-24 12:31:53 | ERROR    | src.data.validator             | CEPU                  MISSING       MISSING           0      0  100.00%  ERROR     
2026-05-24 12:31:53 | ERROR    | src.data.validator             | EDN                   MISSING       MISSING           0      0  100.00%  ERROR     
2026-05-24 12:31:53 | ERROR    | src.data.validator             | LOMA                  MISSING       MISSING           0      0  100.00%  ERROR     
2026-05-24 12:31:53 | ERROR    | src.data.validator             | CRESY                 MISSING       MISSING           0      0  100.00%  ERROR     
2026-05-24 12:31:53 | ERROR    | src.data.validator             | IRS                   MISSING       MISSING           0      0  100.00%  ERROR     
2026-05-24 12:31:53 | ERROR    | src.data.validator             | sovereign_bond        MISSING       MISSING           0      0  100.00%  ERROR     
2026-05-24 12:31:53 | ERROR    | src.data.validator             | merval                MISSING       MISSING           0      0  100.00%  ERROR     
2026-05-24 12:31:53 | ERROR    | src.data.validator             | ccl                   MISSING       MISSING           0      0  100.00%  ERROR     
2026-05-24 12:31:53 | INFO     | src.data.validator             | ----------------------------------------------------------------------------------
2026-05-24 12:31:53 | INFO     | src.data.validator             | Coverage report [macro]
2026-05-24 12:31:53 | INFO     | src.data.validator             | ----------------------------------------------------------------------------------
2026-05-24 12:31:53 | INFO     | src.data.validator             | asset                 first_date    last_date      rows    nan    nan%  status    
2026-05-24 12:31:53 | INFO     | src.data.validator             | ----------------------------------------------------------------------------------
2026-05-24 12:31:53 | ERROR    | src.data.validator             | ipc                   MISSING       MISSING           0      0  100.00%  ERROR     
2026-05-24 12:31:53 | ERROR    | src.data.validator             | embi                  MISSING       MISSING           0      0  100.00%  ERROR     
2026-05-24 12:31:53 | ERROR    | src.data.validator             | reservas              MISSING       MISSING           0      0  100.00%  ERROR     
2026-05-24 12:31:53 | ERROR    | src.data.validator             | tc_oficial            MISSING       MISSING           0      0  100.00%  ERROR     
2026-05-24 12:31:53 | INFO     | src.data.validator             | ----------------------------------------------------------------------------------
2026-05-24 12:31:53 | ERROR    | src.data.loader                | Live-month validation failed — data NOT appended. 15 error(s):
2026-05-24 12:31:53 | ERROR    | src.data.loader                |   [YPF] series is entirely NaN (0 rows)
2026-05-24 12:31:53 | ERROR    | src.data.loader                |   [GGAL] series is entirely NaN (0 rows)
2026-05-24 12:31:53 | ERROR    | src.data.loader                |   [BMA] series is entirely NaN (0 rows)
2026-05-24 12:31:53 | ERROR    | src.data.loader                |   [PAM] series is entirely NaN (0 rows)
2026-05-24 12:31:53 | ERROR    | src.data.loader                |   [TGS] series is entirely NaN (0 rows)
2026-05-24 12:31:53 | ERROR    | src.data.loader                |   [CEPU] series is entirely NaN (0 rows)
2026-05-24 12:31:53 | ERROR    | src.data.loader                |   [EDN] series is entirely NaN (0 rows)
2026-05-24 12:31:53 | ERROR    | src.data.loader                |   [LOMA] series is entirely NaN (0 rows)
2026-05-24 12:31:53 | ERROR    | src.data.loader                |   [CRESY] series is entirely NaN (0 rows)
2026-05-24 12:31:53 | ERROR    | src.data.loader                |   [IRS] series is entirely NaN (0 rows)
2026-05-24 12:31:53 | ERROR    | src.data.loader                |   [merval] series is entirely NaN (0 rows)
2026-05-24 12:31:53 | ERROR    | src.data.loader                |   [ccl] series is entirely NaN (0 rows)
2026-05-24 12:31:53 | ERROR    | src.data.loader                |   [ipc] series is entirely NaN (0 rows)
2026-05-24 12:31:53 | ERROR    | src.data.loader                |   [reservas] series is entirely NaN (0 rows)
2026-05-24 12:31:53 | ERROR    | src.data.loader                |   [tc_oficial] series is entirely NaN (0 rows)
2026-05-24 12:31:53 | INFO     | src.features.features          | compute_features: 797 weekly rows | 10 tickers | warm-up = 30 rows
2026-05-24 12:31:53 | WARNING  | src.nlp.nlp                    | News directory not found: data\news\2024\03 — returning 0.0 (neutral)
2026-05-24 12:31:53 | WARNING  | src.signals.regime             | _build_monthly_feature_matrix: 'embi' is entirely NaN — filling with 0.0
2026-05-24 12:31:53 | INFO     | src.signals.regime             | Regime prediction: risk_on (p=0.980) | month=2024-03 | nlp_score=0.0000
2026-05-24 12:31:53 | INFO     | src.allocation.allocator       | compute_weights: risk_on (p=0.980) | active=[BMA=1.762, CEPU=1.282, CRESY=1.146, EDN=1.180, GGAL=1.535, IRS=1.288, LOMA=1.032, PAM=1.017, TGS=1.178, YPF=1.339] | excluded=[none] | BMA=0.1000 CEPU=0.1000 CRESY=0.1000 EDN=0.1000 GGAL=0.1000 IRS=0.1000 LOMA=0.1000 PAM=0.1000 TGS=0.1000 YPF=0.1000
2026-05-24 12:31:53 | INFO     | __main__                       | 2024-03 | risk_on (p=0.980) | nlp=0.0000 | active=10 excluded=0
2026-05-24 12:31:53 | INFO     | src.utils.utils                | [DONE]  live 2024-03 — 14.73s
2026-05-24 12:31:53 | INFO     | src.utils.utils                | [START] live 2024-04
2026-05-24 12:31:53 | INFO     | src.data.loader                | Starting live-month download: 2026-01-03 → 2024-04-30 (cutoff: 2024-04-30) | tickers: ['YPF', 'GGAL', 'BMA', 'PAM', 'TGS', 'CEPU', 'EDN', 'LOMA', 'CRESY', 'IRS']
2026-05-24 12:31:54 | ERROR    | yfinance                       | $YPF: possibly delisted; no price data found  (1wk 2026-01-03 -> 2024-04-30) (Yahoo error = "Invalid input - start date cannot be after end date. startDate = 1767416400, endDate = 1714449600")
2026-05-24 12:31:54 | WARNING  | src.data.downloader            | [YPF] yfinance returned empty DataFrame
2026-05-24 12:31:55 | ERROR    | yfinance                       | $GGAL: possibly delisted; no price data found  (1wk 2026-01-03 -> 2024-04-30) (Yahoo error = "Invalid input - start date cannot be after end date. startDate = 1767416400, endDate = 1714449600")
2026-05-24 12:31:55 | WARNING  | src.data.downloader            | [GGAL] yfinance returned empty DataFrame
2026-05-24 12:31:56 | ERROR    | yfinance                       | $BMA: possibly delisted; no price data found  (1wk 2026-01-03 -> 2024-04-30) (Yahoo error = "Invalid input - start date cannot be after end date. startDate = 1767416400, endDate = 1714449600")
2026-05-24 12:31:56 | WARNING  | src.data.downloader            | [BMA] yfinance returned empty DataFrame
2026-05-24 12:31:57 | ERROR    | yfinance                       | $PAM: possibly delisted; no price data found  (1wk 2026-01-03 -> 2024-04-30) (Yahoo error = "Invalid input - start date cannot be after end date. startDate = 1767416400, endDate = 1714449600")
2026-05-24 12:31:57 | WARNING  | src.data.downloader            | [PAM] yfinance returned empty DataFrame
2026-05-24 12:31:58 | ERROR    | yfinance                       | $TGS: possibly delisted; no price data found  (1wk 2026-01-03 -> 2024-04-30) (Yahoo error = "Invalid input - start date cannot be after end date. startDate = 1767416400, endDate = 1714449600")
2026-05-24 12:31:58 | WARNING  | src.data.downloader            | [TGS] yfinance returned empty DataFrame
2026-05-24 12:31:59 | ERROR    | yfinance                       | $CEPU: possibly delisted; no price data found  (1wk 2026-01-03 -> 2024-04-30) (Yahoo error = "Invalid input - start date cannot be after end date. startDate = 1767416400, endDate = 1714449600")
2026-05-24 12:31:59 | WARNING  | src.data.downloader            | [CEPU] yfinance returned empty DataFrame
2026-05-24 12:32:00 | ERROR    | yfinance                       | $EDN: possibly delisted; no price data found  (1wk 2026-01-03 -> 2024-04-30) (Yahoo error = "Invalid input - start date cannot be after end date. startDate = 1767416400, endDate = 1714449600")
2026-05-24 12:32:00 | WARNING  | src.data.downloader            | [EDN] yfinance returned empty DataFrame
2026-05-24 12:32:01 | ERROR    | yfinance                       | $LOMA: possibly delisted; no price data found  (1wk 2026-01-03 -> 2024-04-30) (Yahoo error = "Invalid input - start date cannot be after end date. startDate = 1767416400, endDate = 1714449600")
2026-05-24 12:32:01 | WARNING  | src.data.downloader            | [LOMA] yfinance returned empty DataFrame
2026-05-24 12:32:02 | ERROR    | yfinance                       | $CRESY: possibly delisted; no price data found  (1wk 2026-01-03 -> 2024-04-30) (Yahoo error = "Invalid input - start date cannot be after end date. startDate = 1767416400, endDate = 1714449600")
2026-05-24 12:32:02 | WARNING  | src.data.downloader            | [CRESY] yfinance returned empty DataFrame
2026-05-24 12:32:04 | ERROR    | yfinance                       | $IRS: possibly delisted; no price data found  (1wk 2026-01-03 -> 2024-04-30) (Yahoo error = "Invalid input - start date cannot be after end date. startDate = 1767416400, endDate = 1714449600")
2026-05-24 12:32:04 | WARNING  | src.data.downloader            | [IRS] yfinance returned empty DataFrame
2026-05-24 12:32:04 | WARNING  | src.data.downloader            | [YPF] no data downloaded
2026-05-24 12:32:04 | WARNING  | src.data.downloader            | [GGAL] no data downloaded
2026-05-24 12:32:04 | WARNING  | src.data.downloader            | [BMA] no data downloaded
2026-05-24 12:32:04 | WARNING  | src.data.downloader            | [PAM] no data downloaded
2026-05-24 12:32:04 | WARNING  | src.data.downloader            | [TGS] no data downloaded
2026-05-24 12:32:04 | WARNING  | src.data.downloader            | [CEPU] no data downloaded
2026-05-24 12:32:04 | WARNING  | src.data.downloader            | [EDN] no data downloaded
2026-05-24 12:32:04 | WARNING  | src.data.downloader            | [LOMA] no data downloaded
2026-05-24 12:32:04 | WARNING  | src.data.downloader            | [CRESY] no data downloaded
2026-05-24 12:32:04 | WARNING  | src.data.downloader            | [IRS] no data downloaded
2026-05-24 12:32:04 | ERROR    | yfinance                       | $^MERV: possibly delisted; no price data found  (1wk 2026-01-03 -> 2024-04-30) (Yahoo error = "Invalid input - start date cannot be after end date. startDate = 1767409200, endDate = 1714446000")
2026-05-24 12:32:04 | WARNING  | src.data.downloader            | [^MERV] yfinance returned empty DataFrame
2026-05-24 12:32:04 | ERROR    | yfinance                       | $AL30D.BA: possibly delisted; no timezone found
2026-05-24 12:32:04 | WARNING  | src.data.scraper_al30d         | [AL30D.BA] all sources failed and no cache available
2026-05-24 12:32:04 | WARNING  | src.data.scraper_al30d         | sovereign_bond: all sources failed — returning empty series
2026-05-24 12:32:05 | WARNING  | src.data.scraper_ccl           | CCL: all sources failed — returning empty series
2026-05-24 12:32:06 | WARNING  | src.data.scraper_macro         | [macro/ipc] extending last cached value (5785.5699) to fill 2026-01-03 → 2024-04-30
2026-05-24 12:32:06 | WARNING  | src.data.scraper_macro         | [macro/embi] cache has no valid values
2026-05-24 12:32:07 | WARNING  | src.data.scraper_macro         | [macro/reservas] extending last cached value (29203.4000) to fill 2026-01-03 → 2024-04-30
2026-05-24 12:32:08 | WARNING  | src.data.scraper_macro         | [macro/tc_oficial] extending last cached value (896.0000) to fill 2026-01-03 → 2024-04-30
2026-05-24 12:32:08 | INFO     | src.data.validator             | Coverage report [prices]
2026-05-24 12:32:08 | INFO     | src.data.validator             | ----------------------------------------------------------------------------------
2026-05-24 12:32:08 | INFO     | src.data.validator             | asset                 first_date    last_date      rows    nan    nan%  status    
2026-05-24 12:32:08 | INFO     | src.data.validator             | ----------------------------------------------------------------------------------
2026-05-24 12:32:08 | ERROR    | src.data.validator             | YPF                   MISSING       MISSING           0      0  100.00%  ERROR     
2026-05-24 12:32:08 | ERROR    | src.data.validator             | GGAL                  MISSING       MISSING           0      0  100.00%  ERROR     
2026-05-24 12:32:08 | ERROR    | src.data.validator             | BMA                   MISSING       MISSING           0      0  100.00%  ERROR     
2026-05-24 12:32:08 | ERROR    | src.data.validator             | PAM                   MISSING       MISSING           0      0  100.00%  ERROR     
2026-05-24 12:32:08 | ERROR    | src.data.validator             | TGS                   MISSING       MISSING           0      0  100.00%  ERROR     
2026-05-24 12:32:08 | ERROR    | src.data.validator             | CEPU                  MISSING       MISSING           0      0  100.00%  ERROR     
2026-05-24 12:32:08 | ERROR    | src.data.validator             | EDN                   MISSING       MISSING           0      0  100.00%  ERROR     
2026-05-24 12:32:08 | ERROR    | src.data.validator             | LOMA                  MISSING       MISSING           0      0  100.00%  ERROR     
2026-05-24 12:32:08 | ERROR    | src.data.validator             | CRESY                 MISSING       MISSING           0      0  100.00%  ERROR     
2026-05-24 12:32:08 | ERROR    | src.data.validator             | IRS                   MISSING       MISSING           0      0  100.00%  ERROR     
2026-05-24 12:32:08 | ERROR    | src.data.validator             | sovereign_bond        MISSING       MISSING           0      0  100.00%  ERROR     
2026-05-24 12:32:08 | ERROR    | src.data.validator             | merval                MISSING       MISSING           0      0  100.00%  ERROR     
2026-05-24 12:32:08 | ERROR    | src.data.validator             | ccl                   MISSING       MISSING           0      0  100.00%  ERROR     
2026-05-24 12:32:08 | INFO     | src.data.validator             | ----------------------------------------------------------------------------------
2026-05-24 12:32:08 | INFO     | src.data.validator             | Coverage report [macro]
2026-05-24 12:32:08 | INFO     | src.data.validator             | ----------------------------------------------------------------------------------
2026-05-24 12:32:08 | INFO     | src.data.validator             | asset                 first_date    last_date      rows    nan    nan%  status    
2026-05-24 12:32:08 | INFO     | src.data.validator             | ----------------------------------------------------------------------------------
2026-05-24 12:32:08 | ERROR    | src.data.validator             | ipc                   MISSING       MISSING           0      0  100.00%  ERROR     
2026-05-24 12:32:08 | ERROR    | src.data.validator             | embi                  MISSING       MISSING           0      0  100.00%  ERROR     
2026-05-24 12:32:08 | ERROR    | src.data.validator             | reservas              MISSING       MISSING           0      0  100.00%  ERROR     
2026-05-24 12:32:08 | ERROR    | src.data.validator             | tc_oficial            MISSING       MISSING           0      0  100.00%  ERROR     
2026-05-24 12:32:08 | INFO     | src.data.validator             | ----------------------------------------------------------------------------------
2026-05-24 12:32:08 | ERROR    | src.data.loader                | Live-month validation failed — data NOT appended. 15 error(s):
2026-05-24 12:32:08 | ERROR    | src.data.loader                |   [YPF] series is entirely NaN (0 rows)
2026-05-24 12:32:08 | ERROR    | src.data.loader                |   [GGAL] series is entirely NaN (0 rows)
2026-05-24 12:32:08 | ERROR    | src.data.loader                |   [BMA] series is entirely NaN (0 rows)
2026-05-24 12:32:08 | ERROR    | src.data.loader                |   [PAM] series is entirely NaN (0 rows)
2026-05-24 12:32:08 | ERROR    | src.data.loader                |   [TGS] series is entirely NaN (0 rows)
2026-05-24 12:32:08 | ERROR    | src.data.loader                |   [CEPU] series is entirely NaN (0 rows)
2026-05-24 12:32:08 | ERROR    | src.data.loader                |   [EDN] series is entirely NaN (0 rows)
2026-05-24 12:32:08 | ERROR    | src.data.loader                |   [LOMA] series is entirely NaN (0 rows)
2026-05-24 12:32:08 | ERROR    | src.data.loader                |   [CRESY] series is entirely NaN (0 rows)
2026-05-24 12:32:08 | ERROR    | src.data.loader                |   [IRS] series is entirely NaN (0 rows)
2026-05-24 12:32:08 | ERROR    | src.data.loader                |   [merval] series is entirely NaN (0 rows)
2026-05-24 12:32:08 | ERROR    | src.data.loader                |   [ccl] series is entirely NaN (0 rows)
2026-05-24 12:32:08 | ERROR    | src.data.loader                |   [ipc] series is entirely NaN (0 rows)
2026-05-24 12:32:08 | ERROR    | src.data.loader                |   [reservas] series is entirely NaN (0 rows)
2026-05-24 12:32:08 | ERROR    | src.data.loader                |   [tc_oficial] series is entirely NaN (0 rows)
2026-05-24 12:32:08 | INFO     | src.features.features          | compute_features: 802 weekly rows | 10 tickers | warm-up = 30 rows
2026-05-24 12:32:08 | WARNING  | src.nlp.nlp                    | News directory not found: data\news\2024\04 — returning 0.0 (neutral)
2026-05-24 12:32:08 | WARNING  | src.signals.regime             | _build_monthly_feature_matrix: 'embi' is entirely NaN — filling with 0.0
2026-05-24 12:32:08 | INFO     | src.signals.regime             | Regime prediction: risk_on (p=0.971) | month=2024-04 | nlp_score=0.0000
2026-05-24 12:32:08 | INFO     | src.allocation.allocator       | compute_weights: risk_on (p=0.971) | active=[BMA=1.647, CEPU=1.308, CRESY=1.168, EDN=1.076, GGAL=1.665, IRS=1.216, LOMA=1.085, PAM=1.034, TGS=1.292, YPF=1.358] | excluded=[none] | BMA=0.1000 CEPU=0.1000 CRESY=0.1000 EDN=0.1000 GGAL=0.1000 IRS=0.1000 LOMA=0.1000 PAM=0.1000 TGS=0.1000 YPF=0.1000
2026-05-24 12:32:08 | INFO     | __main__                       | 2024-04 | risk_on (p=0.971) | nlp=0.0000 | active=10 excluded=0
2026-05-24 12:32:08 | INFO     | src.utils.utils                | [DONE]  live 2024-04 — 15.07s
2026-05-24 12:32:08 | INFO     | src.utils.utils                | [START] live 2024-05
2026-05-24 12:32:08 | INFO     | src.data.loader                | Starting live-month download: 2026-01-03 → 2024-05-31 (cutoff: 2024-05-31) | tickers: ['YPF', 'GGAL', 'BMA', 'PAM', 'TGS', 'CEPU', 'EDN', 'LOMA', 'CRESY', 'IRS']
2026-05-24 12:32:09 | ERROR    | yfinance                       | $YPF: possibly delisted; no price data found  (1wk 2026-01-03 -> 2024-05-31) (Yahoo error = "Invalid input - start date cannot be after end date. startDate = 1767416400, endDate = 1717128000")
2026-05-24 12:32:09 | WARNING  | src.data.downloader            | [YPF] yfinance returned empty DataFrame
2026-05-24 12:32:10 | ERROR    | yfinance                       | $GGAL: possibly delisted; no price data found  (1wk 2026-01-03 -> 2024-05-31) (Yahoo error = "Invalid input - start date cannot be after end date. startDate = 1767416400, endDate = 1717128000")
2026-05-24 12:32:10 | WARNING  | src.data.downloader            | [GGAL] yfinance returned empty DataFrame
2026-05-24 12:32:11 | ERROR    | yfinance                       | $BMA: possibly delisted; no price data found  (1wk 2026-01-03 -> 2024-05-31) (Yahoo error = "Invalid input - start date cannot be after end date. startDate = 1767416400, endDate = 1717128000")
2026-05-24 12:32:11 | WARNING  | src.data.downloader            | [BMA] yfinance returned empty DataFrame
2026-05-24 12:32:12 | ERROR    | yfinance                       | $PAM: possibly delisted; no price data found  (1wk 2026-01-03 -> 2024-05-31) (Yahoo error = "Invalid input - start date cannot be after end date. startDate = 1767416400, endDate = 1717128000")
2026-05-24 12:32:12 | WARNING  | src.data.downloader            | [PAM] yfinance returned empty DataFrame
2026-05-24 12:32:14 | ERROR    | yfinance                       | $TGS: possibly delisted; no price data found  (1wk 2026-01-03 -> 2024-05-31) (Yahoo error = "Invalid input - start date cannot be after end date. startDate = 1767416400, endDate = 1717128000")
2026-05-24 12:32:14 | WARNING  | src.data.downloader            | [TGS] yfinance returned empty DataFrame
2026-05-24 12:32:14 | ERROR    | yfinance                       | $CEPU: possibly delisted; no price data found  (1wk 2026-01-03 -> 2024-05-31) (Yahoo error = "Invalid input - start date cannot be after end date. startDate = 1767416400, endDate = 1717128000")
2026-05-24 12:32:14 | WARNING  | src.data.downloader            | [CEPU] yfinance returned empty DataFrame
2026-05-24 12:32:16 | ERROR    | yfinance                       | $EDN: possibly delisted; no price data found  (1wk 2026-01-03 -> 2024-05-31) (Yahoo error = "Invalid input - start date cannot be after end date. startDate = 1767416400, endDate = 1717128000")
2026-05-24 12:32:16 | WARNING  | src.data.downloader            | [EDN] yfinance returned empty DataFrame
2026-05-24 12:32:17 | ERROR    | yfinance                       | $LOMA: possibly delisted; no price data found  (1wk 2026-01-03 -> 2024-05-31) (Yahoo error = "Invalid input - start date cannot be after end date. startDate = 1767416400, endDate = 1717128000")
2026-05-24 12:32:17 | WARNING  | src.data.downloader            | [LOMA] yfinance returned empty DataFrame
2026-05-24 12:32:17 | ERROR    | yfinance                       | $CRESY: possibly delisted; no price data found  (1wk 2026-01-03 -> 2024-05-31) (Yahoo error = "Invalid input - start date cannot be after end date. startDate = 1767416400, endDate = 1717128000")
2026-05-24 12:32:17 | WARNING  | src.data.downloader            | [CRESY] yfinance returned empty DataFrame
2026-05-24 12:32:18 | ERROR    | yfinance                       | $IRS: possibly delisted; no price data found  (1wk 2026-01-03 -> 2024-05-31) (Yahoo error = "Invalid input - start date cannot be after end date. startDate = 1767416400, endDate = 1717128000")
2026-05-24 12:32:18 | WARNING  | src.data.downloader            | [IRS] yfinance returned empty DataFrame
2026-05-24 12:32:18 | WARNING  | src.data.downloader            | [YPF] no data downloaded
2026-05-24 12:32:18 | WARNING  | src.data.downloader            | [GGAL] no data downloaded
2026-05-24 12:32:18 | WARNING  | src.data.downloader            | [BMA] no data downloaded
2026-05-24 12:32:18 | WARNING  | src.data.downloader            | [PAM] no data downloaded
2026-05-24 12:32:18 | WARNING  | src.data.downloader            | [TGS] no data downloaded
2026-05-24 12:32:18 | WARNING  | src.data.downloader            | [CEPU] no data downloaded
2026-05-24 12:32:18 | WARNING  | src.data.downloader            | [EDN] no data downloaded
2026-05-24 12:32:18 | WARNING  | src.data.downloader            | [LOMA] no data downloaded
2026-05-24 12:32:18 | WARNING  | src.data.downloader            | [CRESY] no data downloaded
2026-05-24 12:32:18 | WARNING  | src.data.downloader            | [IRS] no data downloaded
2026-05-24 12:32:20 | ERROR    | yfinance                       | $^MERV: possibly delisted; no price data found  (1wk 2026-01-03 -> 2024-05-31) (Yahoo error = "Invalid input - start date cannot be after end date. startDate = 1767409200, endDate = 1717124400")
2026-05-24 12:32:20 | WARNING  | src.data.downloader            | [^MERV] yfinance returned empty DataFrame
2026-05-24 12:32:20 | ERROR    | yfinance                       | $AL30D.BA: possibly delisted; no timezone found
2026-05-24 12:32:20 | WARNING  | src.data.scraper_al30d         | [AL30D.BA] all sources failed and no cache available
2026-05-24 12:32:20 | WARNING  | src.data.scraper_al30d         | sovereign_bond: all sources failed — returning empty series
2026-05-24 12:32:20 | WARNING  | src.data.scraper_ccl           | CCL: all sources failed — returning empty series
2026-05-24 12:32:21 | WARNING  | src.data.scraper_macro         | [macro/ipc] extending last cached value (5785.5699) to fill 2026-01-03 → 2024-05-31
2026-05-24 12:32:21 | WARNING  | src.data.scraper_macro         | [macro/embi] cache has no valid values
2026-05-24 12:32:22 | WARNING  | src.data.scraper_macro         | [macro/reservas] extending last cached value (29203.4000) to fill 2026-01-03 → 2024-05-31
2026-05-24 12:32:23 | WARNING  | src.data.scraper_macro         | [macro/tc_oficial] extending last cached value (914.0000) to fill 2026-01-03 → 2024-05-31
2026-05-24 12:32:23 | INFO     | src.data.validator             | Coverage report [prices]
2026-05-24 12:32:23 | INFO     | src.data.validator             | ----------------------------------------------------------------------------------
2026-05-24 12:32:23 | INFO     | src.data.validator             | asset                 first_date    last_date      rows    nan    nan%  status    
2026-05-24 12:32:23 | INFO     | src.data.validator             | ----------------------------------------------------------------------------------
2026-05-24 12:32:23 | ERROR    | src.data.validator             | YPF                   MISSING       MISSING           0      0  100.00%  ERROR     
2026-05-24 12:32:23 | ERROR    | src.data.validator             | GGAL                  MISSING       MISSING           0      0  100.00%  ERROR     
2026-05-24 12:32:23 | ERROR    | src.data.validator             | BMA                   MISSING       MISSING           0      0  100.00%  ERROR     
2026-05-24 12:32:23 | ERROR    | src.data.validator             | PAM                   MISSING       MISSING           0      0  100.00%  ERROR     
2026-05-24 12:32:23 | ERROR    | src.data.validator             | TGS                   MISSING       MISSING           0      0  100.00%  ERROR     
2026-05-24 12:32:23 | ERROR    | src.data.validator             | CEPU                  MISSING       MISSING           0      0  100.00%  ERROR     
2026-05-24 12:32:23 | ERROR    | src.data.validator             | EDN                   MISSING       MISSING           0      0  100.00%  ERROR     
2026-05-24 12:32:23 | ERROR    | src.data.validator             | LOMA                  MISSING       MISSING           0      0  100.00%  ERROR     
2026-05-24 12:32:23 | ERROR    | src.data.validator             | CRESY                 MISSING       MISSING           0      0  100.00%  ERROR     
2026-05-24 12:32:23 | ERROR    | src.data.validator             | IRS                   MISSING       MISSING           0      0  100.00%  ERROR     
2026-05-24 12:32:23 | ERROR    | src.data.validator             | sovereign_bond        MISSING       MISSING           0      0  100.00%  ERROR     
2026-05-24 12:32:23 | ERROR    | src.data.validator             | merval                MISSING       MISSING           0      0  100.00%  ERROR     
2026-05-24 12:32:23 | ERROR    | src.data.validator             | ccl                   MISSING       MISSING           0      0  100.00%  ERROR     
2026-05-24 12:32:23 | INFO     | src.data.validator             | ----------------------------------------------------------------------------------
2026-05-24 12:32:23 | INFO     | src.data.validator             | Coverage report [macro]
2026-05-24 12:32:23 | INFO     | src.data.validator             | ----------------------------------------------------------------------------------
2026-05-24 12:32:23 | INFO     | src.data.validator             | asset                 first_date    last_date      rows    nan    nan%  status    
2026-05-24 12:32:23 | INFO     | src.data.validator             | ----------------------------------------------------------------------------------
2026-05-24 12:32:23 | ERROR    | src.data.validator             | ipc                   MISSING       MISSING           0      0  100.00%  ERROR     
2026-05-24 12:32:23 | ERROR    | src.data.validator             | embi                  MISSING       MISSING           0      0  100.00%  ERROR     
2026-05-24 12:32:23 | ERROR    | src.data.validator             | reservas              MISSING       MISSING           0      0  100.00%  ERROR     
2026-05-24 12:32:23 | ERROR    | src.data.validator             | tc_oficial            MISSING       MISSING           0      0  100.00%  ERROR     
2026-05-24 12:32:23 | INFO     | src.data.validator             | ----------------------------------------------------------------------------------
2026-05-24 12:32:23 | ERROR    | src.data.loader                | Live-month validation failed — data NOT appended. 15 error(s):
2026-05-24 12:32:23 | ERROR    | src.data.loader                |   [YPF] series is entirely NaN (0 rows)
2026-05-24 12:32:23 | ERROR    | src.data.loader                |   [GGAL] series is entirely NaN (0 rows)
2026-05-24 12:32:23 | ERROR    | src.data.loader                |   [BMA] series is entirely NaN (0 rows)
2026-05-24 12:32:23 | ERROR    | src.data.loader                |   [PAM] series is entirely NaN (0 rows)
2026-05-24 12:32:23 | ERROR    | src.data.loader                |   [TGS] series is entirely NaN (0 rows)
2026-05-24 12:32:23 | ERROR    | src.data.loader                |   [CEPU] series is entirely NaN (0 rows)
2026-05-24 12:32:23 | ERROR    | src.data.loader                |   [EDN] series is entirely NaN (0 rows)
2026-05-24 12:32:23 | ERROR    | src.data.loader                |   [LOMA] series is entirely NaN (0 rows)
2026-05-24 12:32:23 | ERROR    | src.data.loader                |   [CRESY] series is entirely NaN (0 rows)
2026-05-24 12:32:23 | ERROR    | src.data.loader                |   [IRS] series is entirely NaN (0 rows)
2026-05-24 12:32:23 | ERROR    | src.data.loader                |   [merval] series is entirely NaN (0 rows)
2026-05-24 12:32:23 | ERROR    | src.data.loader                |   [ccl] series is entirely NaN (0 rows)
2026-05-24 12:32:23 | ERROR    | src.data.loader                |   [ipc] series is entirely NaN (0 rows)
2026-05-24 12:32:23 | ERROR    | src.data.loader                |   [reservas] series is entirely NaN (0 rows)
2026-05-24 12:32:23 | ERROR    | src.data.loader                |   [tc_oficial] series is entirely NaN (0 rows)
2026-05-24 12:32:23 | INFO     | src.features.features          | compute_features: 806 weekly rows | 10 tickers | warm-up = 30 rows
2026-05-24 12:32:23 | WARNING  | src.nlp.nlp                    | News directory not found: data\news\2024\05 — returning 0.0 (neutral)
2026-05-24 12:32:23 | WARNING  | src.signals.regime             | _build_monthly_feature_matrix: 'embi' is entirely NaN — filling with 0.0
2026-05-24 12:32:23 | INFO     | src.signals.regime             | Regime prediction: risk_on (p=0.844) | month=2024-05 | nlp_score=0.0000
2026-05-24 12:32:23 | INFO     | src.allocation.allocator       | compute_weights: risk_on (p=0.844) | active=[BMA=1.710, CEPU=1.170, CRESY=1.151, EDN=1.077, GGAL=1.589, IRS=1.353, LOMA=1.103, PAM=1.117, TGS=1.337, YPF=1.305] | excluded=[none] | BMA=0.1000 CEPU=0.1000 CRESY=0.1000 EDN=0.1000 GGAL=0.1000 IRS=0.1000 LOMA=0.1000 PAM=0.1000 TGS=0.1000 YPF=0.1000
2026-05-24 12:32:23 | INFO     | __main__                       | 2024-05 | risk_on (p=0.844) | nlp=0.0000 | active=10 excluded=0
2026-05-24 12:32:23 | INFO     | src.utils.utils                | [DONE]  live 2024-05 — 15.13s
2026-05-24 12:32:23 | INFO     | src.utils.utils                | [START] live 2024-06
2026-05-24 12:32:23 | INFO     | src.data.loader                | Starting live-month download: 2026-01-03 → 2024-06-30 (cutoff: 2024-06-30) | tickers: ['YPF', 'GGAL', 'BMA', 'PAM', 'TGS', 'CEPU', 'EDN', 'LOMA', 'CRESY', 'IRS']
2026-05-24 12:32:24 | ERROR    | yfinance                       | $YPF: possibly delisted; no price data found  (1wk 2026-01-03 -> 2024-06-30) (Yahoo error = "Invalid input - start date cannot be after end date. startDate = 1767416400, endDate = 1719720000")
2026-05-24 12:32:24 | WARNING  | src.data.downloader            | [YPF] yfinance returned empty DataFrame
2026-05-24 12:32:26 | ERROR    | yfinance                       | $GGAL: possibly delisted; no price data found  (1wk 2026-01-03 -> 2024-06-30) (Yahoo error = "Invalid input - start date cannot be after end date. startDate = 1767416400, endDate = 1719720000")
2026-05-24 12:32:26 | WARNING  | src.data.downloader            | [GGAL] yfinance returned empty DataFrame
2026-05-24 12:32:27 | ERROR    | yfinance                       | $BMA: possibly delisted; no price data found  (1wk 2026-01-03 -> 2024-06-30) (Yahoo error = "Invalid input - start date cannot be after end date. startDate = 1767416400, endDate = 1719720000")
2026-05-24 12:32:27 | WARNING  | src.data.downloader            | [BMA] yfinance returned empty DataFrame
2026-05-24 12:32:28 | ERROR    | yfinance                       | $PAM: possibly delisted; no price data found  (1wk 2026-01-03 -> 2024-06-30) (Yahoo error = "Invalid input - start date cannot be after end date. startDate = 1767416400, endDate = 1719720000")
2026-05-24 12:32:28 | WARNING  | src.data.downloader            | [PAM] yfinance returned empty DataFrame
2026-05-24 12:32:29 | ERROR    | yfinance                       | $TGS: possibly delisted; no price data found  (1wk 2026-01-03 -> 2024-06-30) (Yahoo error = "Invalid input - start date cannot be after end date. startDate = 1767416400, endDate = 1719720000")
2026-05-24 12:32:29 | WARNING  | src.data.downloader            | [TGS] yfinance returned empty DataFrame
2026-05-24 12:32:30 | ERROR    | yfinance                       | $CEPU: possibly delisted; no price data found  (1wk 2026-01-03 -> 2024-06-30) (Yahoo error = "Invalid input - start date cannot be after end date. startDate = 1767416400, endDate = 1719720000")
2026-05-24 12:32:30 | WARNING  | src.data.downloader            | [CEPU] yfinance returned empty DataFrame
2026-05-24 12:32:30 | ERROR    | yfinance                       | $EDN: possibly delisted; no price data found  (1wk 2026-01-03 -> 2024-06-30) (Yahoo error = "Invalid input - start date cannot be after end date. startDate = 1767416400, endDate = 1719720000")
2026-05-24 12:32:30 | WARNING  | src.data.downloader            | [EDN] yfinance returned empty DataFrame
2026-05-24 12:32:32 | ERROR    | yfinance                       | $LOMA: possibly delisted; no price data found  (1wk 2026-01-03 -> 2024-06-30) (Yahoo error = "Invalid input - start date cannot be after end date. startDate = 1767416400, endDate = 1719720000")
2026-05-24 12:32:32 | WARNING  | src.data.downloader            | [LOMA] yfinance returned empty DataFrame
2026-05-24 12:32:33 | ERROR    | yfinance                       | $CRESY: possibly delisted; no price data found  (1wk 2026-01-03 -> 2024-06-30) (Yahoo error = "Invalid input - start date cannot be after end date. startDate = 1767416400, endDate = 1719720000")
2026-05-24 12:32:33 | WARNING  | src.data.downloader            | [CRESY] yfinance returned empty DataFrame
2026-05-24 12:32:34 | ERROR    | yfinance                       | $IRS: possibly delisted; no price data found  (1wk 2026-01-03 -> 2024-06-30) (Yahoo error = "Invalid input - start date cannot be after end date. startDate = 1767416400, endDate = 1719720000")
2026-05-24 12:32:34 | WARNING  | src.data.downloader            | [IRS] yfinance returned empty DataFrame
2026-05-24 12:32:34 | WARNING  | src.data.downloader            | [YPF] no data downloaded
2026-05-24 12:32:34 | WARNING  | src.data.downloader            | [GGAL] no data downloaded
2026-05-24 12:32:34 | WARNING  | src.data.downloader            | [BMA] no data downloaded
2026-05-24 12:32:34 | WARNING  | src.data.downloader            | [PAM] no data downloaded
2026-05-24 12:32:34 | WARNING  | src.data.downloader            | [TGS] no data downloaded
2026-05-24 12:32:34 | WARNING  | src.data.downloader            | [CEPU] no data downloaded
2026-05-24 12:32:34 | WARNING  | src.data.downloader            | [EDN] no data downloaded
2026-05-24 12:32:34 | WARNING  | src.data.downloader            | [LOMA] no data downloaded
2026-05-24 12:32:34 | WARNING  | src.data.downloader            | [CRESY] no data downloaded
2026-05-24 12:32:34 | WARNING  | src.data.downloader            | [IRS] no data downloaded
2026-05-24 12:32:34 | ERROR    | yfinance                       | $^MERV: possibly delisted; no price data found  (1wk 2026-01-03 -> 2024-06-30) (Yahoo error = "Invalid input - start date cannot be after end date. startDate = 1767409200, endDate = 1719716400")
2026-05-24 12:32:34 | WARNING  | src.data.downloader            | [^MERV] yfinance returned empty DataFrame
2026-05-24 12:32:34 | ERROR    | yfinance                       | $AL30D.BA: possibly delisted; no timezone found
2026-05-24 12:32:35 | WARNING  | src.data.scraper_al30d         | [AL30D.BA] all sources failed and no cache available
2026-05-24 12:32:35 | WARNING  | src.data.scraper_al30d         | sovereign_bond: all sources failed — returning empty series
2026-05-24 12:32:35 | WARNING  | src.data.scraper_ccl           | CCL: all sources failed — returning empty series
2026-05-24 12:32:36 | WARNING  | src.data.scraper_macro         | [macro/ipc] extending last cached value (6297.0960) to fill 2026-01-03 → 2024-06-30
2026-05-24 12:32:36 | WARNING  | src.data.scraper_macro         | [macro/embi] cache has no valid values
2026-05-24 12:32:37 | WARNING  | src.data.scraper_macro         | [macro/reservas] extending last cached value (29491.1333) to fill 2026-01-03 → 2024-06-30
2026-05-24 12:32:38 | WARNING  | src.data.scraper_macro         | [macro/tc_oficial] extending last cached value (930.5000) to fill 2026-01-03 → 2024-06-30
2026-05-24 12:32:38 | INFO     | src.data.validator             | Coverage report [prices]
2026-05-24 12:32:38 | INFO     | src.data.validator             | ----------------------------------------------------------------------------------
2026-05-24 12:32:38 | INFO     | src.data.validator             | asset                 first_date    last_date      rows    nan    nan%  status    
2026-05-24 12:32:38 | INFO     | src.data.validator             | ----------------------------------------------------------------------------------
2026-05-24 12:32:38 | ERROR    | src.data.validator             | YPF                   MISSING       MISSING           0      0  100.00%  ERROR     
2026-05-24 12:32:38 | ERROR    | src.data.validator             | GGAL                  MISSING       MISSING           0      0  100.00%  ERROR     
2026-05-24 12:32:38 | ERROR    | src.data.validator             | BMA                   MISSING       MISSING           0      0  100.00%  ERROR     
2026-05-24 12:32:38 | ERROR    | src.data.validator             | PAM                   MISSING       MISSING           0      0  100.00%  ERROR     
2026-05-24 12:32:38 | ERROR    | src.data.validator             | TGS                   MISSING       MISSING           0      0  100.00%  ERROR     
2026-05-24 12:32:38 | ERROR    | src.data.validator             | CEPU                  MISSING       MISSING           0      0  100.00%  ERROR     
2026-05-24 12:32:38 | ERROR    | src.data.validator             | EDN                   MISSING       MISSING           0      0  100.00%  ERROR     
2026-05-24 12:32:38 | ERROR    | src.data.validator             | LOMA                  MISSING       MISSING           0      0  100.00%  ERROR     
2026-05-24 12:32:38 | ERROR    | src.data.validator             | CRESY                 MISSING       MISSING           0      0  100.00%  ERROR     
2026-05-24 12:32:38 | ERROR    | src.data.validator             | IRS                   MISSING       MISSING           0      0  100.00%  ERROR     
2026-05-24 12:32:38 | ERROR    | src.data.validator             | sovereign_bond        MISSING       MISSING           0      0  100.00%  ERROR     
2026-05-24 12:32:38 | ERROR    | src.data.validator             | merval                MISSING       MISSING           0      0  100.00%  ERROR     
2026-05-24 12:32:38 | ERROR    | src.data.validator             | ccl                   MISSING       MISSING           0      0  100.00%  ERROR     
2026-05-24 12:32:38 | INFO     | src.data.validator             | ----------------------------------------------------------------------------------
2026-05-24 12:32:38 | INFO     | src.data.validator             | Coverage report [macro]
2026-05-24 12:32:38 | INFO     | src.data.validator             | ----------------------------------------------------------------------------------
2026-05-24 12:32:38 | INFO     | src.data.validator             | asset                 first_date    last_date      rows    nan    nan%  status    
2026-05-24 12:32:38 | INFO     | src.data.validator             | ----------------------------------------------------------------------------------
2026-05-24 12:32:38 | ERROR    | src.data.validator             | ipc                   MISSING       MISSING           0      0  100.00%  ERROR     
2026-05-24 12:32:38 | ERROR    | src.data.validator             | embi                  MISSING       MISSING           0      0  100.00%  ERROR     
2026-05-24 12:32:38 | ERROR    | src.data.validator             | reservas              MISSING       MISSING           0      0  100.00%  ERROR     
2026-05-24 12:32:38 | ERROR    | src.data.validator             | tc_oficial            MISSING       MISSING           0      0  100.00%  ERROR     
2026-05-24 12:32:38 | INFO     | src.data.validator             | ----------------------------------------------------------------------------------
2026-05-24 12:32:38 | ERROR    | src.data.loader                | Live-month validation failed — data NOT appended. 15 error(s):
2026-05-24 12:32:38 | ERROR    | src.data.loader                |   [YPF] series is entirely NaN (0 rows)
2026-05-24 12:32:38 | ERROR    | src.data.loader                |   [GGAL] series is entirely NaN (0 rows)
2026-05-24 12:32:38 | ERROR    | src.data.loader                |   [BMA] series is entirely NaN (0 rows)
2026-05-24 12:32:38 | ERROR    | src.data.loader                |   [PAM] series is entirely NaN (0 rows)
2026-05-24 12:32:38 | ERROR    | src.data.loader                |   [TGS] series is entirely NaN (0 rows)
2026-05-24 12:32:38 | ERROR    | src.data.loader                |   [CEPU] series is entirely NaN (0 rows)
2026-05-24 12:32:38 | ERROR    | src.data.loader                |   [EDN] series is entirely NaN (0 rows)
2026-05-24 12:32:38 | ERROR    | src.data.loader                |   [LOMA] series is entirely NaN (0 rows)
2026-05-24 12:32:38 | ERROR    | src.data.loader                |   [CRESY] series is entirely NaN (0 rows)
2026-05-24 12:32:38 | ERROR    | src.data.loader                |   [IRS] series is entirely NaN (0 rows)
2026-05-24 12:32:38 | ERROR    | src.data.loader                |   [merval] series is entirely NaN (0 rows)
2026-05-24 12:32:38 | ERROR    | src.data.loader                |   [ccl] series is entirely NaN (0 rows)
2026-05-24 12:32:38 | ERROR    | src.data.loader                |   [ipc] series is entirely NaN (0 rows)
2026-05-24 12:32:38 | ERROR    | src.data.loader                |   [reservas] series is entirely NaN (0 rows)
2026-05-24 12:32:38 | ERROR    | src.data.loader                |   [tc_oficial] series is entirely NaN (0 rows)
2026-05-24 12:32:38 | INFO     | src.features.features          | compute_features: 810 weekly rows | 10 tickers | warm-up = 30 rows
2026-05-24 12:32:38 | WARNING  | src.nlp.nlp                    | News directory not found: data\news\2024\06 — returning 0.0 (neutral)
2026-05-24 12:32:38 | WARNING  | src.signals.regime             | _build_monthly_feature_matrix: 'embi' is entirely NaN — filling with 0.0
2026-05-24 12:32:38 | INFO     | src.signals.regime             | Regime prediction: risk_on (p=0.996) | month=2024-06 | nlp_score=0.0000
2026-05-24 12:32:38 | INFO     | src.allocation.allocator       | compute_weights: risk_on (p=0.996) | active=[BMA=1.340, CEPU=1.008, GGAL=1.247, IRS=1.051, TGS=1.208, YPF=1.060] | excluded=[CRESY=0.981, EDN=0.937, LOMA=0.982, PAM=0.980] | BMA=0.1667 CEPU=0.1667 GGAL=0.1667 IRS=0.1667 TGS=0.1667 YPF=0.1667
2026-05-24 12:32:38 | INFO     | __main__                       | 2024-06 | risk_on (p=0.996) | nlp=0.0000 | active=6 excluded=4
2026-05-24 12:32:38 | INFO     | src.utils.utils                | [DONE]  live 2024-06 — 14.85s
2026-05-24 12:32:38 | INFO     | src.utils.utils                | [START] live 2024-07
2026-05-24 12:32:38 | INFO     | src.data.loader                | Starting live-month download: 2026-01-03 → 2024-07-31 (cutoff: 2024-07-31) | tickers: ['YPF', 'GGAL', 'BMA', 'PAM', 'TGS', 'CEPU', 'EDN', 'LOMA', 'CRESY', 'IRS']
2026-05-24 12:32:39 | ERROR    | yfinance                       | $YPF: possibly delisted; no price data found  (1wk 2026-01-03 -> 2024-07-31) (Yahoo error = "Invalid input - start date cannot be after end date. startDate = 1767416400, endDate = 1722398400")
2026-05-24 12:32:39 | WARNING  | src.data.downloader            | [YPF] yfinance returned empty DataFrame
2026-05-24 12:32:40 | ERROR    | yfinance                       | $GGAL: possibly delisted; no price data found  (1wk 2026-01-03 -> 2024-07-31) (Yahoo error = "Invalid input - start date cannot be after end date. startDate = 1767416400, endDate = 1722398400")
2026-05-24 12:32:40 | WARNING  | src.data.downloader            | [GGAL] yfinance returned empty DataFrame
2026-05-24 12:32:41 | ERROR    | yfinance                       | $BMA: possibly delisted; no price data found  (1wk 2026-01-03 -> 2024-07-31) (Yahoo error = "Invalid input - start date cannot be after end date. startDate = 1767416400, endDate = 1722398400")
2026-05-24 12:32:41 | WARNING  | src.data.downloader            | [BMA] yfinance returned empty DataFrame
2026-05-24 12:32:42 | ERROR    | yfinance                       | $PAM: possibly delisted; no price data found  (1wk 2026-01-03 -> 2024-07-31) (Yahoo error = "Invalid input - start date cannot be after end date. startDate = 1767416400, endDate = 1722398400")
2026-05-24 12:32:42 | WARNING  | src.data.downloader            | [PAM] yfinance returned empty DataFrame
2026-05-24 12:32:44 | ERROR    | yfinance                       | $TGS: possibly delisted; no price data found  (1wk 2026-01-03 -> 2024-07-31) (Yahoo error = "Invalid input - start date cannot be after end date. startDate = 1767416400, endDate = 1722398400")
2026-05-24 12:32:44 | WARNING  | src.data.downloader            | [TGS] yfinance returned empty DataFrame
2026-05-24 12:32:45 | ERROR    | yfinance                       | $CEPU: possibly delisted; no price data found  (1wk 2026-01-03 -> 2024-07-31) (Yahoo error = "Invalid input - start date cannot be after end date. startDate = 1767416400, endDate = 1722398400")
2026-05-24 12:32:45 | WARNING  | src.data.downloader            | [CEPU] yfinance returned empty DataFrame
2026-05-24 12:32:46 | ERROR    | yfinance                       | $EDN: possibly delisted; no price data found  (1wk 2026-01-03 -> 2024-07-31) (Yahoo error = "Invalid input - start date cannot be after end date. startDate = 1767416400, endDate = 1722398400")
2026-05-24 12:32:46 | WARNING  | src.data.downloader            | [EDN] yfinance returned empty DataFrame
2026-05-24 12:32:46 | ERROR    | yfinance                       | $LOMA: possibly delisted; no price data found  (1wk 2026-01-03 -> 2024-07-31) (Yahoo error = "Invalid input - start date cannot be after end date. startDate = 1767416400, endDate = 1722398400")
2026-05-24 12:32:46 | WARNING  | src.data.downloader            | [LOMA] yfinance returned empty DataFrame
2026-05-24 12:32:47 | ERROR    | yfinance                       | $CRESY: possibly delisted; no price data found  (1wk 2026-01-03 -> 2024-07-31) (Yahoo error = "Invalid input - start date cannot be after end date. startDate = 1767416400, endDate = 1722398400")
2026-05-24 12:32:47 | WARNING  | src.data.downloader            | [CRESY] yfinance returned empty DataFrame
2026-05-24 12:32:48 | ERROR    | yfinance                       | $IRS: possibly delisted; no price data found  (1wk 2026-01-03 -> 2024-07-31) (Yahoo error = "Invalid input - start date cannot be after end date. startDate = 1767416400, endDate = 1722398400")
2026-05-24 12:32:48 | WARNING  | src.data.downloader            | [IRS] yfinance returned empty DataFrame
2026-05-24 12:32:48 | WARNING  | src.data.downloader            | [YPF] no data downloaded
2026-05-24 12:32:48 | WARNING  | src.data.downloader            | [GGAL] no data downloaded
2026-05-24 12:32:48 | WARNING  | src.data.downloader            | [BMA] no data downloaded
2026-05-24 12:32:48 | WARNING  | src.data.downloader            | [PAM] no data downloaded
2026-05-24 12:32:48 | WARNING  | src.data.downloader            | [TGS] no data downloaded
2026-05-24 12:32:48 | WARNING  | src.data.downloader            | [CEPU] no data downloaded
2026-05-24 12:32:48 | WARNING  | src.data.downloader            | [EDN] no data downloaded
2026-05-24 12:32:48 | WARNING  | src.data.downloader            | [LOMA] no data downloaded
2026-05-24 12:32:48 | WARNING  | src.data.downloader            | [CRESY] no data downloaded
2026-05-24 12:32:48 | WARNING  | src.data.downloader            | [IRS] no data downloaded
2026-05-24 12:32:50 | ERROR    | yfinance                       | $^MERV: possibly delisted; no price data found  (1wk 2026-01-03 -> 2024-07-31) (Yahoo error = "Invalid input - start date cannot be after end date. startDate = 1767409200, endDate = 1722394800")
2026-05-24 12:32:50 | WARNING  | src.data.downloader            | [^MERV] yfinance returned empty DataFrame
2026-05-24 12:32:50 | ERROR    | yfinance                       | $AL30D.BA: possibly delisted; no timezone found
2026-05-24 12:32:50 | WARNING  | src.data.scraper_al30d         | [AL30D.BA] all sources failed and no cache available
2026-05-24 12:32:50 | WARNING  | src.data.scraper_al30d         | sovereign_bond: all sources failed — returning empty series
2026-05-24 12:32:50 | WARNING  | src.data.scraper_ccl           | CCL: all sources failed — returning empty series
2026-05-24 12:32:51 | WARNING  | src.data.scraper_macro         | [macro/ipc] extending last cached value (6551.3220) to fill 2026-01-03 → 2024-07-31
2026-05-24 12:32:51 | WARNING  | src.data.scraper_macro         | [macro/embi] cache has no valid values
2026-05-24 12:32:52 | WARNING  | src.data.scraper_macro         | [macro/reservas] extending last cached value (28163.7097) to fill 2026-01-03 → 2024-07-31
2026-05-24 12:32:53 | WARNING  | src.data.scraper_macro         | [macro/tc_oficial] extending last cached value (951.5000) to fill 2026-01-03 → 2024-07-31
2026-05-24 12:32:53 | INFO     | src.data.validator             | Coverage report [prices]
2026-05-24 12:32:53 | INFO     | src.data.validator             | ----------------------------------------------------------------------------------
2026-05-24 12:32:53 | INFO     | src.data.validator             | asset                 first_date    last_date      rows    nan    nan%  status    
2026-05-24 12:32:53 | INFO     | src.data.validator             | ----------------------------------------------------------------------------------
2026-05-24 12:32:53 | ERROR    | src.data.validator             | YPF                   MISSING       MISSING           0      0  100.00%  ERROR     
2026-05-24 12:32:53 | ERROR    | src.data.validator             | GGAL                  MISSING       MISSING           0      0  100.00%  ERROR     
2026-05-24 12:32:53 | ERROR    | src.data.validator             | BMA                   MISSING       MISSING           0      0  100.00%  ERROR     
2026-05-24 12:32:53 | ERROR    | src.data.validator             | PAM                   MISSING       MISSING           0      0  100.00%  ERROR     
2026-05-24 12:32:53 | ERROR    | src.data.validator             | TGS                   MISSING       MISSING           0      0  100.00%  ERROR     
2026-05-24 12:32:53 | ERROR    | src.data.validator             | CEPU                  MISSING       MISSING           0      0  100.00%  ERROR     
2026-05-24 12:32:53 | ERROR    | src.data.validator             | EDN                   MISSING       MISSING           0      0  100.00%  ERROR     
2026-05-24 12:32:53 | ERROR    | src.data.validator             | LOMA                  MISSING       MISSING           0      0  100.00%  ERROR     
2026-05-24 12:32:53 | ERROR    | src.data.validator             | CRESY                 MISSING       MISSING           0      0  100.00%  ERROR     
2026-05-24 12:32:53 | ERROR    | src.data.validator             | IRS                   MISSING       MISSING           0      0  100.00%  ERROR     
2026-05-24 12:32:53 | ERROR    | src.data.validator             | sovereign_bond        MISSING       MISSING           0      0  100.00%  ERROR     
2026-05-24 12:32:53 | ERROR    | src.data.validator             | merval                MISSING       MISSING           0      0  100.00%  ERROR     
2026-05-24 12:32:53 | ERROR    | src.data.validator             | ccl                   MISSING       MISSING           0      0  100.00%  ERROR     
2026-05-24 12:32:53 | INFO     | src.data.validator             | ----------------------------------------------------------------------------------
2026-05-24 12:32:53 | INFO     | src.data.validator             | Coverage report [macro]
2026-05-24 12:32:53 | INFO     | src.data.validator             | ----------------------------------------------------------------------------------
2026-05-24 12:32:53 | INFO     | src.data.validator             | asset                 first_date    last_date      rows    nan    nan%  status    
2026-05-24 12:32:53 | INFO     | src.data.validator             | ----------------------------------------------------------------------------------
2026-05-24 12:32:53 | ERROR    | src.data.validator             | ipc                   MISSING       MISSING           0      0  100.00%  ERROR     
2026-05-24 12:32:53 | ERROR    | src.data.validator             | embi                  MISSING       MISSING           0      0  100.00%  ERROR     
2026-05-24 12:32:53 | ERROR    | src.data.validator             | reservas              MISSING       MISSING           0      0  100.00%  ERROR     
2026-05-24 12:32:53 | ERROR    | src.data.validator             | tc_oficial            MISSING       MISSING           0      0  100.00%  ERROR     
2026-05-24 12:32:53 | INFO     | src.data.validator             | ----------------------------------------------------------------------------------
2026-05-24 12:32:53 | ERROR    | src.data.loader                | Live-month validation failed — data NOT appended. 15 error(s):
2026-05-24 12:32:53 | ERROR    | src.data.loader                |   [YPF] series is entirely NaN (0 rows)
2026-05-24 12:32:53 | ERROR    | src.data.loader                |   [GGAL] series is entirely NaN (0 rows)
2026-05-24 12:32:53 | ERROR    | src.data.loader                |   [BMA] series is entirely NaN (0 rows)
2026-05-24 12:32:53 | ERROR    | src.data.loader                |   [PAM] series is entirely NaN (0 rows)
2026-05-24 12:32:53 | ERROR    | src.data.loader                |   [TGS] series is entirely NaN (0 rows)
2026-05-24 12:32:53 | ERROR    | src.data.loader                |   [CEPU] series is entirely NaN (0 rows)
2026-05-24 12:32:53 | ERROR    | src.data.loader                |   [EDN] series is entirely NaN (0 rows)
2026-05-24 12:32:53 | ERROR    | src.data.loader                |   [LOMA] series is entirely NaN (0 rows)
2026-05-24 12:32:53 | ERROR    | src.data.loader                |   [CRESY] series is entirely NaN (0 rows)
2026-05-24 12:32:53 | ERROR    | src.data.loader                |   [IRS] series is entirely NaN (0 rows)
2026-05-24 12:32:53 | ERROR    | src.data.loader                |   [merval] series is entirely NaN (0 rows)
2026-05-24 12:32:53 | ERROR    | src.data.loader                |   [ccl] series is entirely NaN (0 rows)
2026-05-24 12:32:53 | ERROR    | src.data.loader                |   [ipc] series is entirely NaN (0 rows)
2026-05-24 12:32:53 | ERROR    | src.data.loader                |   [reservas] series is entirely NaN (0 rows)
2026-05-24 12:32:53 | ERROR    | src.data.loader                |   [tc_oficial] series is entirely NaN (0 rows)
2026-05-24 12:32:53 | INFO     | src.features.features          | compute_features: 815 weekly rows | 10 tickers | warm-up = 30 rows
2026-05-24 12:32:53 | WARNING  | src.nlp.nlp                    | News directory not found: data\news\2024\07 — returning 0.0 (neutral)
2026-05-24 12:32:53 | WARNING  | src.signals.regime             | _build_monthly_feature_matrix: 'embi' is entirely NaN — filling with 0.0
2026-05-24 12:32:53 | INFO     | src.signals.regime             | Regime prediction: risk_on (p=0.979) | month=2024-07 | nlp_score=0.0000
2026-05-24 12:32:53 | INFO     | src.allocation.allocator       | compute_weights: risk_on (p=0.979) | active=[BMA=1.148, GGAL=1.113, IRS=1.089, PAM=1.006, TGS=1.077, YPF=1.016] | excluded=[CEPU=0.927, CRESY=0.913, EDN=0.944, LOMA=0.936] | BMA=0.1667 GGAL=0.1667 IRS=0.1667 PAM=0.1667 TGS=0.1667 YPF=0.1667
2026-05-24 12:32:53 | INFO     | __main__                       | 2024-07 | risk_on (p=0.979) | nlp=0.0000 | active=6 excluded=4
2026-05-24 12:32:53 | INFO     | src.utils.utils                | [DONE]  live 2024-07 — 15.09s
2026-05-24 12:32:53 | INFO     | src.utils.utils                | [START] live 2024-08
2026-05-24 12:32:53 | INFO     | src.data.loader                | Starting live-month download: 2026-01-03 → 2024-08-31 (cutoff: 2024-08-31) | tickers: ['YPF', 'GGAL', 'BMA', 'PAM', 'TGS', 'CEPU', 'EDN', 'LOMA', 'CRESY', 'IRS']
2026-05-24 12:32:54 | ERROR    | yfinance                       | $YPF: possibly delisted; no price data found  (1wk 2026-01-03 -> 2024-08-31) (Yahoo error = "Invalid input - start date cannot be after end date. startDate = 1767416400, endDate = 1725076800")
2026-05-24 12:32:54 | WARNING  | src.data.downloader            | [YPF] yfinance returned empty DataFrame
2026-05-24 12:32:56 | ERROR    | yfinance                       | $GGAL: possibly delisted; no price data found  (1wk 2026-01-03 -> 2024-08-31) (Yahoo error = "Invalid input - start date cannot be after end date. startDate = 1767416400, endDate = 1725076800")
2026-05-24 12:32:56 | WARNING  | src.data.downloader            | [GGAL] yfinance returned empty DataFrame
2026-05-24 12:32:57 | ERROR    | yfinance                       | $BMA: possibly delisted; no price data found  (1wk 2026-01-03 -> 2024-08-31) (Yahoo error = "Invalid input - start date cannot be after end date. startDate = 1767416400, endDate = 1725076800")
2026-05-24 12:32:57 | WARNING  | src.data.downloader            | [BMA] yfinance returned empty DataFrame
2026-05-24 12:32:58 | ERROR    | yfinance                       | $PAM: possibly delisted; no price data found  (1wk 2026-01-03 -> 2024-08-31) (Yahoo error = "Invalid input - start date cannot be after end date. startDate = 1767416400, endDate = 1725076800")
2026-05-24 12:32:58 | WARNING  | src.data.downloader            | [PAM] yfinance returned empty DataFrame
2026-05-24 12:32:59 | ERROR    | yfinance                       | $TGS: possibly delisted; no price data found  (1wk 2026-01-03 -> 2024-08-31) (Yahoo error = "Invalid input - start date cannot be after end date. startDate = 1767416400, endDate = 1725076800")
2026-05-24 12:32:59 | WARNING  | src.data.downloader            | [TGS] yfinance returned empty DataFrame
2026-05-24 12:33:00 | ERROR    | yfinance                       | $CEPU: possibly delisted; no price data found  (1wk 2026-01-03 -> 2024-08-31) (Yahoo error = "Invalid input - start date cannot be after end date. startDate = 1767416400, endDate = 1725076800")
2026-05-24 12:33:00 | WARNING  | src.data.downloader            | [CEPU] yfinance returned empty DataFrame
2026-05-24 12:33:01 | ERROR    | yfinance                       | $EDN: possibly delisted; no price data found  (1wk 2026-01-03 -> 2024-08-31) (Yahoo error = "Invalid input - start date cannot be after end date. startDate = 1767416400, endDate = 1725076800")
2026-05-24 12:33:01 | WARNING  | src.data.downloader            | [EDN] yfinance returned empty DataFrame
2026-05-24 12:33:02 | ERROR    | yfinance                       | $LOMA: possibly delisted; no price data found  (1wk 2026-01-03 -> 2024-08-31) (Yahoo error = "Invalid input - start date cannot be after end date. startDate = 1767416400, endDate = 1725076800")
2026-05-24 12:33:02 | WARNING  | src.data.downloader            | [LOMA] yfinance returned empty DataFrame
2026-05-24 12:33:03 | ERROR    | yfinance                       | $CRESY: possibly delisted; no price data found  (1wk 2026-01-03 -> 2024-08-31) (Yahoo error = "Invalid input - start date cannot be after end date. startDate = 1767416400, endDate = 1725076800")
2026-05-24 12:33:03 | WARNING  | src.data.downloader            | [CRESY] yfinance returned empty DataFrame
2026-05-24 12:33:04 | ERROR    | yfinance                       | $IRS: possibly delisted; no price data found  (1wk 2026-01-03 -> 2024-08-31) (Yahoo error = "Invalid input - start date cannot be after end date. startDate = 1767416400, endDate = 1725076800")
2026-05-24 12:33:04 | WARNING  | src.data.downloader            | [IRS] yfinance returned empty DataFrame
2026-05-24 12:33:04 | WARNING  | src.data.downloader            | [YPF] no data downloaded
2026-05-24 12:33:04 | WARNING  | src.data.downloader            | [GGAL] no data downloaded
2026-05-24 12:33:04 | WARNING  | src.data.downloader            | [BMA] no data downloaded
2026-05-24 12:33:04 | WARNING  | src.data.downloader            | [PAM] no data downloaded
2026-05-24 12:33:04 | WARNING  | src.data.downloader            | [TGS] no data downloaded
2026-05-24 12:33:04 | WARNING  | src.data.downloader            | [CEPU] no data downloaded
2026-05-24 12:33:04 | WARNING  | src.data.downloader            | [EDN] no data downloaded
2026-05-24 12:33:04 | WARNING  | src.data.downloader            | [LOMA] no data downloaded
2026-05-24 12:33:04 | WARNING  | src.data.downloader            | [CRESY] no data downloaded
2026-05-24 12:33:04 | WARNING  | src.data.downloader            | [IRS] no data downloaded
2026-05-24 12:33:05 | ERROR    | yfinance                       | $^MERV: possibly delisted; no price data found  (1wk 2026-01-03 -> 2024-08-31) (Yahoo error = "Invalid input - start date cannot be after end date. startDate = 1767409200, endDate = 1725073200")
2026-05-24 12:33:05 | WARNING  | src.data.downloader            | [^MERV] yfinance returned empty DataFrame
2026-05-24 12:33:05 | ERROR    | yfinance                       | $AL30D.BA: possibly delisted; no timezone found
2026-05-24 12:33:05 | WARNING  | src.data.scraper_al30d         | [AL30D.BA] all sources failed and no cache available
2026-05-24 12:33:05 | WARNING  | src.data.scraper_al30d         | sovereign_bond: all sources failed — returning empty series
2026-05-24 12:33:05 | WARNING  | src.data.scraper_ccl           | CCL: all sources failed — returning empty series
2026-05-24 12:33:06 | WARNING  | src.data.scraper_macro         | [macro/ipc] extending last cached value (6551.3220) to fill 2026-01-03 → 2024-08-31
2026-05-24 12:33:06 | WARNING  | src.data.scraper_macro         | [macro/embi] cache has no valid values
2026-05-24 12:33:07 | WARNING  | src.data.scraper_macro         | [macro/reservas] extending last cached value (28163.7097) to fill 2026-01-03 → 2024-08-31
2026-05-24 12:33:08 | WARNING  | src.data.scraper_macro         | [macro/tc_oficial] extending last cached value (972.0000) to fill 2026-01-03 → 2024-08-31
2026-05-24 12:33:08 | INFO     | src.data.validator             | Coverage report [prices]
2026-05-24 12:33:08 | INFO     | src.data.validator             | ----------------------------------------------------------------------------------
2026-05-24 12:33:08 | INFO     | src.data.validator             | asset                 first_date    last_date      rows    nan    nan%  status    
2026-05-24 12:33:08 | INFO     | src.data.validator             | ----------------------------------------------------------------------------------
2026-05-24 12:33:08 | ERROR    | src.data.validator             | YPF                   MISSING       MISSING           0      0  100.00%  ERROR     
2026-05-24 12:33:08 | ERROR    | src.data.validator             | GGAL                  MISSING       MISSING           0      0  100.00%  ERROR     
2026-05-24 12:33:08 | ERROR    | src.data.validator             | BMA                   MISSING       MISSING           0      0  100.00%  ERROR     
2026-05-24 12:33:08 | ERROR    | src.data.validator             | PAM                   MISSING       MISSING           0      0  100.00%  ERROR     
2026-05-24 12:33:08 | ERROR    | src.data.validator             | TGS                   MISSING       MISSING           0      0  100.00%  ERROR     
2026-05-24 12:33:08 | ERROR    | src.data.validator             | CEPU                  MISSING       MISSING           0      0  100.00%  ERROR     
2026-05-24 12:33:08 | ERROR    | src.data.validator             | EDN                   MISSING       MISSING           0      0  100.00%  ERROR     
2026-05-24 12:33:08 | ERROR    | src.data.validator             | LOMA                  MISSING       MISSING           0      0  100.00%  ERROR     
2026-05-24 12:33:08 | ERROR    | src.data.validator             | CRESY                 MISSING       MISSING           0      0  100.00%  ERROR     
2026-05-24 12:33:08 | ERROR    | src.data.validator             | IRS                   MISSING       MISSING           0      0  100.00%  ERROR     
2026-05-24 12:33:08 | ERROR    | src.data.validator             | sovereign_bond        MISSING       MISSING           0      0  100.00%  ERROR     
2026-05-24 12:33:08 | ERROR    | src.data.validator             | merval                MISSING       MISSING           0      0  100.00%  ERROR     
2026-05-24 12:33:08 | ERROR    | src.data.validator             | ccl                   MISSING       MISSING           0      0  100.00%  ERROR     
2026-05-24 12:33:08 | INFO     | src.data.validator             | ----------------------------------------------------------------------------------
2026-05-24 12:33:08 | INFO     | src.data.validator             | Coverage report [macro]
2026-05-24 12:33:08 | INFO     | src.data.validator             | ----------------------------------------------------------------------------------
2026-05-24 12:33:08 | INFO     | src.data.validator             | asset                 first_date    last_date      rows    nan    nan%  status    
2026-05-24 12:33:08 | INFO     | src.data.validator             | ----------------------------------------------------------------------------------
2026-05-24 12:33:08 | ERROR    | src.data.validator             | ipc                   MISSING       MISSING           0      0  100.00%  ERROR     
2026-05-24 12:33:08 | ERROR    | src.data.validator             | embi                  MISSING       MISSING           0      0  100.00%  ERROR     
2026-05-24 12:33:08 | ERROR    | src.data.validator             | reservas              MISSING       MISSING           0      0  100.00%  ERROR     
2026-05-24 12:33:08 | ERROR    | src.data.validator             | tc_oficial            MISSING       MISSING           0      0  100.00%  ERROR     
2026-05-24 12:33:08 | INFO     | src.data.validator             | ----------------------------------------------------------------------------------
2026-05-24 12:33:08 | ERROR    | src.data.loader                | Live-month validation failed — data NOT appended. 15 error(s):
2026-05-24 12:33:08 | ERROR    | src.data.loader                |   [YPF] series is entirely NaN (0 rows)
2026-05-24 12:33:08 | ERROR    | src.data.loader                |   [GGAL] series is entirely NaN (0 rows)
2026-05-24 12:33:08 | ERROR    | src.data.loader                |   [BMA] series is entirely NaN (0 rows)
2026-05-24 12:33:08 | ERROR    | src.data.loader                |   [PAM] series is entirely NaN (0 rows)
2026-05-24 12:33:08 | ERROR    | src.data.loader                |   [TGS] series is entirely NaN (0 rows)
2026-05-24 12:33:08 | ERROR    | src.data.loader                |   [CEPU] series is entirely NaN (0 rows)
2026-05-24 12:33:08 | ERROR    | src.data.loader                |   [EDN] series is entirely NaN (0 rows)
2026-05-24 12:33:08 | ERROR    | src.data.loader                |   [LOMA] series is entirely NaN (0 rows)
2026-05-24 12:33:08 | ERROR    | src.data.loader                |   [CRESY] series is entirely NaN (0 rows)
2026-05-24 12:33:08 | ERROR    | src.data.loader                |   [IRS] series is entirely NaN (0 rows)
2026-05-24 12:33:08 | ERROR    | src.data.loader                |   [merval] series is entirely NaN (0 rows)
2026-05-24 12:33:08 | ERROR    | src.data.loader                |   [ccl] series is entirely NaN (0 rows)
2026-05-24 12:33:08 | ERROR    | src.data.loader                |   [ipc] series is entirely NaN (0 rows)
2026-05-24 12:33:08 | ERROR    | src.data.loader                |   [reservas] series is entirely NaN (0 rows)
2026-05-24 12:33:08 | ERROR    | src.data.loader                |   [tc_oficial] series is entirely NaN (0 rows)
2026-05-24 12:33:08 | INFO     | src.features.features          | compute_features: 819 weekly rows | 10 tickers | warm-up = 30 rows
2026-05-24 12:33:08 | WARNING  | src.nlp.nlp                    | News directory not found: data\news\2024\08 — returning 0.0 (neutral)
2026-05-24 12:33:08 | WARNING  | src.signals.regime             | _build_monthly_feature_matrix: 'embi' is entirely NaN — filling with 0.0
2026-05-24 12:33:08 | INFO     | src.signals.regime             | Regime prediction: risk_on (p=0.980) | month=2024-08 | nlp_score=0.0000
2026-05-24 12:33:08 | INFO     | src.allocation.allocator       | compute_weights: risk_on (p=0.980) | active=[BMA=1.219, EDN=1.116, GGAL=1.407, IRS=1.103, LOMA=1.027, PAM=1.192, TGS=1.142, YPF=1.166] | excluded=[CEPU=1.000, CRESY=0.965] | BMA=0.1250 EDN=0.1250 GGAL=0.1250 IRS=0.1250 LOMA=0.1250 PAM=0.1250 TGS=0.1250 YPF=0.1250
2026-05-24 12:33:08 | INFO     | __main__                       | 2024-08 | risk_on (p=0.980) | nlp=0.0000 | active=8 excluded=2
2026-05-24 12:33:08 | INFO     | src.utils.utils                | [DONE]  live 2024-08 — 15.16s
2026-05-24 12:33:08 | INFO     | src.utils.utils                | [START] live 2024-09
2026-05-24 12:33:08 | INFO     | src.data.loader                | Starting live-month download: 2026-01-03 → 2024-09-30 (cutoff: 2024-09-30) | tickers: ['YPF', 'GGAL', 'BMA', 'PAM', 'TGS', 'CEPU', 'EDN', 'LOMA', 'CRESY', 'IRS']
2026-05-24 12:33:09 | ERROR    | yfinance                       | $YPF: possibly delisted; no price data found  (1wk 2026-01-03 -> 2024-09-30) (Yahoo error = "Invalid input - start date cannot be after end date. startDate = 1767416400, endDate = 1727668800")
2026-05-24 12:33:09 | WARNING  | src.data.downloader            | [YPF] yfinance returned empty DataFrame
2026-05-24 12:33:10 | ERROR    | yfinance                       | $GGAL: possibly delisted; no price data found  (1wk 2026-01-03 -> 2024-09-30) (Yahoo error = "Invalid input - start date cannot be after end date. startDate = 1767416400, endDate = 1727668800")
2026-05-24 12:33:10 | WARNING  | src.data.downloader            | [GGAL] yfinance returned empty DataFrame
2026-05-24 12:33:12 | ERROR    | yfinance                       | $BMA: possibly delisted; no price data found  (1wk 2026-01-03 -> 2024-09-30) (Yahoo error = "Invalid input - start date cannot be after end date. startDate = 1767416400, endDate = 1727668800")
2026-05-24 12:33:12 | WARNING  | src.data.downloader            | [BMA] yfinance returned empty DataFrame
2026-05-24 12:33:13 | ERROR    | yfinance                       | $PAM: possibly delisted; no price data found  (1wk 2026-01-03 -> 2024-09-30) (Yahoo error = "Invalid input - start date cannot be after end date. startDate = 1767416400, endDate = 1727668800")
2026-05-24 12:33:13 | WARNING  | src.data.downloader            | [PAM] yfinance returned empty DataFrame
2026-05-24 12:33:14 | ERROR    | yfinance                       | $TGS: possibly delisted; no price data found  (1wk 2026-01-03 -> 2024-09-30) (Yahoo error = "Invalid input - start date cannot be after end date. startDate = 1767416400, endDate = 1727668800")
2026-05-24 12:33:14 | WARNING  | src.data.downloader            | [TGS] yfinance returned empty DataFrame
2026-05-24 12:33:15 | ERROR    | yfinance                       | $CEPU: possibly delisted; no price data found  (1wk 2026-01-03 -> 2024-09-30) (Yahoo error = "Invalid input - start date cannot be after end date. startDate = 1767416400, endDate = 1727668800")
2026-05-24 12:33:15 | WARNING  | src.data.downloader            | [CEPU] yfinance returned empty DataFrame
2026-05-24 12:33:16 | ERROR    | yfinance                       | $EDN: possibly delisted; no price data found  (1wk 2026-01-03 -> 2024-09-30) (Yahoo error = "Invalid input - start date cannot be after end date. startDate = 1767416400, endDate = 1727668800")
2026-05-24 12:33:16 | WARNING  | src.data.downloader            | [EDN] yfinance returned empty DataFrame
2026-05-24 12:33:17 | ERROR    | yfinance                       | $LOMA: possibly delisted; no price data found  (1wk 2026-01-03 -> 2024-09-30) (Yahoo error = "Invalid input - start date cannot be after end date. startDate = 1767416400, endDate = 1727668800")
2026-05-24 12:33:17 | WARNING  | src.data.downloader            | [LOMA] yfinance returned empty DataFrame
2026-05-24 12:33:18 | ERROR    | yfinance                       | $CRESY: possibly delisted; no price data found  (1wk 2026-01-03 -> 2024-09-30) (Yahoo error = "Invalid input - start date cannot be after end date. startDate = 1767416400, endDate = 1727668800")
2026-05-24 12:33:18 | WARNING  | src.data.downloader            | [CRESY] yfinance returned empty DataFrame
2026-05-24 12:33:18 | ERROR    | yfinance                       | $IRS: possibly delisted; no price data found  (1wk 2026-01-03 -> 2024-09-30) (Yahoo error = "Invalid input - start date cannot be after end date. startDate = 1767416400, endDate = 1727668800")
2026-05-24 12:33:18 | WARNING  | src.data.downloader            | [IRS] yfinance returned empty DataFrame
2026-05-24 12:33:18 | WARNING  | src.data.downloader            | [YPF] no data downloaded
2026-05-24 12:33:18 | WARNING  | src.data.downloader            | [GGAL] no data downloaded
2026-05-24 12:33:18 | WARNING  | src.data.downloader            | [BMA] no data downloaded
2026-05-24 12:33:18 | WARNING  | src.data.downloader            | [PAM] no data downloaded
2026-05-24 12:33:18 | WARNING  | src.data.downloader            | [TGS] no data downloaded
2026-05-24 12:33:18 | WARNING  | src.data.downloader            | [CEPU] no data downloaded
2026-05-24 12:33:18 | WARNING  | src.data.downloader            | [EDN] no data downloaded
2026-05-24 12:33:18 | WARNING  | src.data.downloader            | [LOMA] no data downloaded
2026-05-24 12:33:18 | WARNING  | src.data.downloader            | [CRESY] no data downloaded
2026-05-24 12:33:18 | WARNING  | src.data.downloader            | [IRS] no data downloaded
2026-05-24 12:33:20 | ERROR    | yfinance                       | $^MERV: possibly delisted; no price data found  (1wk 2026-01-03 -> 2024-09-30) (Yahoo error = "Invalid input - start date cannot be after end date. startDate = 1767409200, endDate = 1727665200")
2026-05-24 12:33:20 | WARNING  | src.data.downloader            | [^MERV] yfinance returned empty DataFrame
2026-05-24 12:33:20 | ERROR    | yfinance                       | $AL30D.BA: possibly delisted; no timezone found
2026-05-24 12:33:20 | WARNING  | src.data.scraper_al30d         | [AL30D.BA] all sources failed and no cache available
2026-05-24 12:33:20 | WARNING  | src.data.scraper_al30d         | sovereign_bond: all sources failed — returning empty series
2026-05-24 12:33:20 | WARNING  | src.data.scraper_ccl           | CCL: all sources failed — returning empty series
2026-05-24 12:33:21 | WARNING  | src.data.scraper_macro         | [macro/ipc] extending last cached value (7076.0410) to fill 2026-01-03 → 2024-09-30
2026-05-24 12:33:21 | WARNING  | src.data.scraper_macro         | [macro/embi] cache has no valid values
2026-05-24 12:33:22 | WARNING  | src.data.scraper_macro         | [macro/reservas] extending last cached value (27580.8333) to fill 2026-01-03 → 2024-09-30
2026-05-24 12:33:23 | WARNING  | src.data.scraper_macro         | [macro/tc_oficial] extending last cached value (990.0000) to fill 2026-01-03 → 2024-09-30
2026-05-24 12:33:23 | INFO     | src.data.validator             | Coverage report [prices]
2026-05-24 12:33:23 | INFO     | src.data.validator             | ----------------------------------------------------------------------------------
2026-05-24 12:33:23 | INFO     | src.data.validator             | asset                 first_date    last_date      rows    nan    nan%  status    
2026-05-24 12:33:23 | INFO     | src.data.validator             | ----------------------------------------------------------------------------------
2026-05-24 12:33:23 | ERROR    | src.data.validator             | YPF                   MISSING       MISSING           0      0  100.00%  ERROR     
2026-05-24 12:33:23 | ERROR    | src.data.validator             | GGAL                  MISSING       MISSING           0      0  100.00%  ERROR     
2026-05-24 12:33:23 | ERROR    | src.data.validator             | BMA                   MISSING       MISSING           0      0  100.00%  ERROR     
2026-05-24 12:33:23 | ERROR    | src.data.validator             | PAM                   MISSING       MISSING           0      0  100.00%  ERROR     
2026-05-24 12:33:23 | ERROR    | src.data.validator             | TGS                   MISSING       MISSING           0      0  100.00%  ERROR     
2026-05-24 12:33:23 | ERROR    | src.data.validator             | CEPU                  MISSING       MISSING           0      0  100.00%  ERROR     
2026-05-24 12:33:23 | ERROR    | src.data.validator             | EDN                   MISSING       MISSING           0      0  100.00%  ERROR     
2026-05-24 12:33:23 | ERROR    | src.data.validator             | LOMA                  MISSING       MISSING           0      0  100.00%  ERROR     
2026-05-24 12:33:23 | ERROR    | src.data.validator             | CRESY                 MISSING       MISSING           0      0  100.00%  ERROR     
2026-05-24 12:33:23 | ERROR    | src.data.validator             | IRS                   MISSING       MISSING           0      0  100.00%  ERROR     
2026-05-24 12:33:23 | ERROR    | src.data.validator             | sovereign_bond        MISSING       MISSING           0      0  100.00%  ERROR     
2026-05-24 12:33:23 | ERROR    | src.data.validator             | merval                MISSING       MISSING           0      0  100.00%  ERROR     
2026-05-24 12:33:23 | ERROR    | src.data.validator             | ccl                   MISSING       MISSING           0      0  100.00%  ERROR     
2026-05-24 12:33:23 | INFO     | src.data.validator             | ----------------------------------------------------------------------------------
2026-05-24 12:33:23 | INFO     | src.data.validator             | Coverage report [macro]
2026-05-24 12:33:23 | INFO     | src.data.validator             | ----------------------------------------------------------------------------------
2026-05-24 12:33:23 | INFO     | src.data.validator             | asset                 first_date    last_date      rows    nan    nan%  status    
2026-05-24 12:33:23 | INFO     | src.data.validator             | ----------------------------------------------------------------------------------
2026-05-24 12:33:23 | ERROR    | src.data.validator             | ipc                   MISSING       MISSING           0      0  100.00%  ERROR     
2026-05-24 12:33:23 | ERROR    | src.data.validator             | embi                  MISSING       MISSING           0      0  100.00%  ERROR     
2026-05-24 12:33:23 | ERROR    | src.data.validator             | reservas              MISSING       MISSING           0      0  100.00%  ERROR     
2026-05-24 12:33:23 | ERROR    | src.data.validator             | tc_oficial            MISSING       MISSING           0      0  100.00%  ERROR     
2026-05-24 12:33:23 | INFO     | src.data.validator             | ----------------------------------------------------------------------------------
2026-05-24 12:33:23 | ERROR    | src.data.loader                | Live-month validation failed — data NOT appended. 15 error(s):
2026-05-24 12:33:23 | ERROR    | src.data.loader                |   [YPF] series is entirely NaN (0 rows)
2026-05-24 12:33:23 | ERROR    | src.data.loader                |   [GGAL] series is entirely NaN (0 rows)
2026-05-24 12:33:23 | ERROR    | src.data.loader                |   [BMA] series is entirely NaN (0 rows)
2026-05-24 12:33:23 | ERROR    | src.data.loader                |   [PAM] series is entirely NaN (0 rows)
2026-05-24 12:33:23 | ERROR    | src.data.loader                |   [TGS] series is entirely NaN (0 rows)
2026-05-24 12:33:23 | ERROR    | src.data.loader                |   [CEPU] series is entirely NaN (0 rows)
2026-05-24 12:33:23 | ERROR    | src.data.loader                |   [EDN] series is entirely NaN (0 rows)
2026-05-24 12:33:23 | ERROR    | src.data.loader                |   [LOMA] series is entirely NaN (0 rows)
2026-05-24 12:33:23 | ERROR    | src.data.loader                |   [CRESY] series is entirely NaN (0 rows)
2026-05-24 12:33:23 | ERROR    | src.data.loader                |   [IRS] series is entirely NaN (0 rows)
2026-05-24 12:33:23 | ERROR    | src.data.loader                |   [merval] series is entirely NaN (0 rows)
2026-05-24 12:33:23 | ERROR    | src.data.loader                |   [ccl] series is entirely NaN (0 rows)
2026-05-24 12:33:23 | ERROR    | src.data.loader                |   [ipc] series is entirely NaN (0 rows)
2026-05-24 12:33:23 | ERROR    | src.data.loader                |   [reservas] series is entirely NaN (0 rows)
2026-05-24 12:33:23 | ERROR    | src.data.loader                |   [tc_oficial] series is entirely NaN (0 rows)
2026-05-24 12:33:23 | INFO     | src.features.features          | compute_features: 824 weekly rows | 10 tickers | warm-up = 30 rows
2026-05-24 12:33:23 | WARNING  | src.nlp.nlp                    | News directory not found: data\news\2024\09 — returning 0.0 (neutral)
2026-05-24 12:33:23 | WARNING  | src.signals.regime             | _build_monthly_feature_matrix: 'embi' is entirely NaN — filling with 0.0
2026-05-24 12:33:23 | INFO     | src.signals.regime             | Regime prediction: risk_on (p=0.955) | month=2024-09 | nlp_score=0.0000
2026-05-24 12:33:23 | INFO     | src.allocation.allocator       | compute_weights: risk_on (p=0.955) | active=[BMA=1.257, CEPU=1.055, CRESY=1.055, EDN=1.229, GGAL=1.364, IRS=1.233, LOMA=1.140, PAM=1.299, TGS=1.081, YPF=1.047] | excluded=[none] | BMA=0.1000 CEPU=0.1000 CRESY=0.1000 EDN=0.1000 GGAL=0.1000 IRS=0.1000 LOMA=0.1000 PAM=0.1000 TGS=0.1000 YPF=0.1000
2026-05-24 12:33:23 | INFO     | __main__                       | 2024-09 | risk_on (p=0.955) | nlp=0.0000 | active=10 excluded=0
2026-05-24 12:33:23 | INFO     | src.utils.utils                | [DONE]  live 2024-09 — 15.03s
2026-05-24 12:33:23 | INFO     | src.utils.utils                | [START] live 2024-10
2026-05-24 12:33:23 | INFO     | src.data.loader                | Starting live-month download: 2026-01-03 → 2024-10-31 (cutoff: 2024-10-31) | tickers: ['YPF', 'GGAL', 'BMA', 'PAM', 'TGS', 'CEPU', 'EDN', 'LOMA', 'CRESY', 'IRS']
2026-05-24 12:33:24 | ERROR    | yfinance                       | $YPF: possibly delisted; no price data found  (1wk 2026-01-03 -> 2024-10-31) (Yahoo error = "Invalid input - start date cannot be after end date. startDate = 1767416400, endDate = 1730347200")
2026-05-24 12:33:24 | WARNING  | src.data.downloader            | [YPF] yfinance returned empty DataFrame
2026-05-24 12:33:25 | ERROR    | yfinance                       | $GGAL: possibly delisted; no price data found  (1wk 2026-01-03 -> 2024-10-31) (Yahoo error = "Invalid input - start date cannot be after end date. startDate = 1767416400, endDate = 1730347200")
2026-05-24 12:33:25 | WARNING  | src.data.downloader            | [GGAL] yfinance returned empty DataFrame
2026-05-24 12:33:26 | ERROR    | yfinance                       | $BMA: possibly delisted; no price data found  (1wk 2026-01-03 -> 2024-10-31) (Yahoo error = "Invalid input - start date cannot be after end date. startDate = 1767416400, endDate = 1730347200")
2026-05-24 12:33:26 | WARNING  | src.data.downloader            | [BMA] yfinance returned empty DataFrame
2026-05-24 12:33:27 | ERROR    | yfinance                       | $PAM: possibly delisted; no price data found  (1wk 2026-01-03 -> 2024-10-31) (Yahoo error = "Invalid input - start date cannot be after end date. startDate = 1767416400, endDate = 1730347200")
2026-05-24 12:33:27 | WARNING  | src.data.downloader            | [PAM] yfinance returned empty DataFrame
2026-05-24 12:33:28 | ERROR    | yfinance                       | $TGS: possibly delisted; no price data found  (1wk 2026-01-03 -> 2024-10-31) (Yahoo error = "Invalid input - start date cannot be after end date. startDate = 1767416400, endDate = 1730347200")
2026-05-24 12:33:28 | WARNING  | src.data.downloader            | [TGS] yfinance returned empty DataFrame
2026-05-24 12:33:30 | ERROR    | yfinance                       | $CEPU: possibly delisted; no price data found  (1wk 2026-01-03 -> 2024-10-31) (Yahoo error = "Invalid input - start date cannot be after end date. startDate = 1767416400, endDate = 1730347200")
2026-05-24 12:33:30 | WARNING  | src.data.downloader            | [CEPU] yfinance returned empty DataFrame
2026-05-24 12:33:31 | ERROR    | yfinance                       | $EDN: possibly delisted; no price data found  (1wk 2026-01-03 -> 2024-10-31) (Yahoo error = "Invalid input - start date cannot be after end date. startDate = 1767416400, endDate = 1730347200")
2026-05-24 12:33:31 | WARNING  | src.data.downloader            | [EDN] yfinance returned empty DataFrame
2026-05-24 12:33:32 | ERROR    | yfinance                       | $LOMA: possibly delisted; no price data found  (1wk 2026-01-03 -> 2024-10-31) (Yahoo error = "Invalid input - start date cannot be after end date. startDate = 1767416400, endDate = 1730347200")
2026-05-24 12:33:32 | WARNING  | src.data.downloader            | [LOMA] yfinance returned empty DataFrame
2026-05-24 12:33:33 | ERROR    | yfinance                       | $CRESY: possibly delisted; no price data found  (1wk 2026-01-03 -> 2024-10-31) (Yahoo error = "Invalid input - start date cannot be after end date. startDate = 1767416400, endDate = 1730347200")
2026-05-24 12:33:33 | WARNING  | src.data.downloader            | [CRESY] yfinance returned empty DataFrame
2026-05-24 12:33:34 | ERROR    | yfinance                       | $IRS: possibly delisted; no price data found  (1wk 2026-01-03 -> 2024-10-31) (Yahoo error = "Invalid input - start date cannot be after end date. startDate = 1767416400, endDate = 1730347200")
2026-05-24 12:33:34 | WARNING  | src.data.downloader            | [IRS] yfinance returned empty DataFrame
2026-05-24 12:33:34 | WARNING  | src.data.downloader            | [YPF] no data downloaded
2026-05-24 12:33:34 | WARNING  | src.data.downloader            | [GGAL] no data downloaded
2026-05-24 12:33:34 | WARNING  | src.data.downloader            | [BMA] no data downloaded
2026-05-24 12:33:34 | WARNING  | src.data.downloader            | [PAM] no data downloaded
2026-05-24 12:33:34 | WARNING  | src.data.downloader            | [TGS] no data downloaded
2026-05-24 12:33:34 | WARNING  | src.data.downloader            | [CEPU] no data downloaded
2026-05-24 12:33:34 | WARNING  | src.data.downloader            | [EDN] no data downloaded
2026-05-24 12:33:34 | WARNING  | src.data.downloader            | [LOMA] no data downloaded
2026-05-24 12:33:34 | WARNING  | src.data.downloader            | [CRESY] no data downloaded
2026-05-24 12:33:34 | WARNING  | src.data.downloader            | [IRS] no data downloaded
2026-05-24 12:33:35 | ERROR    | yfinance                       | $^MERV: possibly delisted; no price data found  (1wk 2026-01-03 -> 2024-10-31) (Yahoo error = "Invalid input - start date cannot be after end date. startDate = 1767409200, endDate = 1730343600")
2026-05-24 12:33:35 | WARNING  | src.data.downloader            | [^MERV] yfinance returned empty DataFrame
2026-05-24 12:33:35 | ERROR    | yfinance                       | $AL30D.BA: possibly delisted; no timezone found
2026-05-24 12:33:35 | WARNING  | src.data.scraper_al30d         | [AL30D.BA] all sources failed and no cache available
2026-05-24 12:33:35 | WARNING  | src.data.scraper_al30d         | sovereign_bond: all sources failed — returning empty series
2026-05-24 12:33:35 | WARNING  | src.data.scraper_ccl           | CCL: all sources failed — returning empty series
2026-05-24 12:33:36 | WARNING  | src.data.scraper_macro         | [macro/ipc] extending last cached value (7275.6042) to fill 2026-01-03 → 2024-10-31
2026-05-24 12:33:37 | WARNING  | src.data.scraper_macro         | [macro/embi] cache has no valid values
2026-05-24 12:33:37 | WARNING  | src.data.scraper_macro         | [macro/reservas] extending last cached value (28706.3548) to fill 2026-01-03 → 2024-10-31
2026-05-24 12:33:38 | WARNING  | src.data.scraper_macro         | [macro/tc_oficial] extending last cached value (1011.5000) to fill 2026-01-03 → 2024-10-31
2026-05-24 12:33:38 | INFO     | src.data.validator             | Coverage report [prices]
2026-05-24 12:33:38 | INFO     | src.data.validator             | ----------------------------------------------------------------------------------
2026-05-24 12:33:38 | INFO     | src.data.validator             | asset                 first_date    last_date      rows    nan    nan%  status    
2026-05-24 12:33:38 | INFO     | src.data.validator             | ----------------------------------------------------------------------------------
2026-05-24 12:33:38 | ERROR    | src.data.validator             | YPF                   MISSING       MISSING           0      0  100.00%  ERROR     
2026-05-24 12:33:38 | ERROR    | src.data.validator             | GGAL                  MISSING       MISSING           0      0  100.00%  ERROR     
2026-05-24 12:33:38 | ERROR    | src.data.validator             | BMA                   MISSING       MISSING           0      0  100.00%  ERROR     
2026-05-24 12:33:38 | ERROR    | src.data.validator             | PAM                   MISSING       MISSING           0      0  100.00%  ERROR     
2026-05-24 12:33:38 | ERROR    | src.data.validator             | TGS                   MISSING       MISSING           0      0  100.00%  ERROR     
2026-05-24 12:33:38 | ERROR    | src.data.validator             | CEPU                  MISSING       MISSING           0      0  100.00%  ERROR     
2026-05-24 12:33:38 | ERROR    | src.data.validator             | EDN                   MISSING       MISSING           0      0  100.00%  ERROR     
2026-05-24 12:33:38 | ERROR    | src.data.validator             | LOMA                  MISSING       MISSING           0      0  100.00%  ERROR     
2026-05-24 12:33:38 | ERROR    | src.data.validator             | CRESY                 MISSING       MISSING           0      0  100.00%  ERROR     
2026-05-24 12:33:38 | ERROR    | src.data.validator             | IRS                   MISSING       MISSING           0      0  100.00%  ERROR     
2026-05-24 12:33:38 | ERROR    | src.data.validator             | sovereign_bond        MISSING       MISSING           0      0  100.00%  ERROR     
2026-05-24 12:33:38 | ERROR    | src.data.validator             | merval                MISSING       MISSING           0      0  100.00%  ERROR     
2026-05-24 12:33:38 | ERROR    | src.data.validator             | ccl                   MISSING       MISSING           0      0  100.00%  ERROR     
2026-05-24 12:33:38 | INFO     | src.data.validator             | ----------------------------------------------------------------------------------
2026-05-24 12:33:38 | INFO     | src.data.validator             | Coverage report [macro]
2026-05-24 12:33:38 | INFO     | src.data.validator             | ----------------------------------------------------------------------------------
2026-05-24 12:33:38 | INFO     | src.data.validator             | asset                 first_date    last_date      rows    nan    nan%  status    
2026-05-24 12:33:38 | INFO     | src.data.validator             | ----------------------------------------------------------------------------------
2026-05-24 12:33:38 | ERROR    | src.data.validator             | ipc                   MISSING       MISSING           0      0  100.00%  ERROR     
2026-05-24 12:33:38 | ERROR    | src.data.validator             | embi                  MISSING       MISSING           0      0  100.00%  ERROR     
2026-05-24 12:33:38 | ERROR    | src.data.validator             | reservas              MISSING       MISSING           0      0  100.00%  ERROR     
2026-05-24 12:33:38 | ERROR    | src.data.validator             | tc_oficial            MISSING       MISSING           0      0  100.00%  ERROR     
2026-05-24 12:33:38 | INFO     | src.data.validator             | ----------------------------------------------------------------------------------
2026-05-24 12:33:38 | ERROR    | src.data.loader                | Live-month validation failed — data NOT appended. 15 error(s):
2026-05-24 12:33:38 | ERROR    | src.data.loader                |   [YPF] series is entirely NaN (0 rows)
2026-05-24 12:33:38 | ERROR    | src.data.loader                |   [GGAL] series is entirely NaN (0 rows)
2026-05-24 12:33:38 | ERROR    | src.data.loader                |   [BMA] series is entirely NaN (0 rows)
2026-05-24 12:33:38 | ERROR    | src.data.loader                |   [PAM] series is entirely NaN (0 rows)
2026-05-24 12:33:38 | ERROR    | src.data.loader                |   [TGS] series is entirely NaN (0 rows)
2026-05-24 12:33:38 | ERROR    | src.data.loader                |   [CEPU] series is entirely NaN (0 rows)
2026-05-24 12:33:38 | ERROR    | src.data.loader                |   [EDN] series is entirely NaN (0 rows)
2026-05-24 12:33:38 | ERROR    | src.data.loader                |   [LOMA] series is entirely NaN (0 rows)
2026-05-24 12:33:38 | ERROR    | src.data.loader                |   [CRESY] series is entirely NaN (0 rows)
2026-05-24 12:33:38 | ERROR    | src.data.loader                |   [IRS] series is entirely NaN (0 rows)
2026-05-24 12:33:38 | ERROR    | src.data.loader                |   [merval] series is entirely NaN (0 rows)
2026-05-24 12:33:38 | ERROR    | src.data.loader                |   [ccl] series is entirely NaN (0 rows)
2026-05-24 12:33:38 | ERROR    | src.data.loader                |   [ipc] series is entirely NaN (0 rows)
2026-05-24 12:33:38 | ERROR    | src.data.loader                |   [reservas] series is entirely NaN (0 rows)
2026-05-24 12:33:38 | ERROR    | src.data.loader                |   [tc_oficial] series is entirely NaN (0 rows)
2026-05-24 12:33:38 | INFO     | src.features.features          | compute_features: 828 weekly rows | 10 tickers | warm-up = 30 rows
2026-05-24 12:33:38 | WARNING  | src.nlp.nlp                    | News directory not found: data\news\2024\10 — returning 0.0 (neutral)
2026-05-24 12:33:38 | WARNING  | src.signals.regime             | _build_monthly_feature_matrix: 'embi' is entirely NaN — filling with 0.0
2026-05-24 12:33:38 | INFO     | src.signals.regime             | Regime prediction: risk_on (p=0.902) | month=2024-10 | nlp_score=0.0000
2026-05-24 12:33:38 | INFO     | src.allocation.allocator       | compute_weights: risk_on (p=0.902) | active=[BMA=1.341, CEPU=1.178, CRESY=1.101, EDN=1.512, GGAL=1.480, IRS=1.251, LOMA=1.236, PAM=1.294, TGS=1.183, YPF=1.117] | excluded=[none] | BMA=0.1000 CEPU=0.1000 CRESY=0.1000 EDN=0.1000 GGAL=0.1000 IRS=0.1000 LOMA=0.1000 PAM=0.1000 TGS=0.1000 YPF=0.1000
2026-05-24 12:33:38 | INFO     | __main__                       | 2024-10 | risk_on (p=0.902) | nlp=0.0000 | active=10 excluded=0
2026-05-24 12:33:38 | INFO     | src.utils.utils                | [DONE]  live 2024-10 — 15.15s
2026-05-24 12:33:38 | INFO     | src.utils.utils                | [START] live 2024-11
2026-05-24 12:33:38 | INFO     | src.data.loader                | Starting live-month download: 2026-01-03 → 2024-11-30 (cutoff: 2024-11-30) | tickers: ['YPF', 'GGAL', 'BMA', 'PAM', 'TGS', 'CEPU', 'EDN', 'LOMA', 'CRESY', 'IRS']
2026-05-24 12:33:41 | ERROR    | yfinance                       | $YPF: possibly delisted; no price data found  (1wk 2026-01-03 -> 2024-11-30) (Yahoo error = "Invalid input - start date cannot be after end date. startDate = 1767416400, endDate = 1732942800")
2026-05-24 12:33:41 | WARNING  | src.data.downloader            | [YPF] yfinance returned empty DataFrame
2026-05-24 12:33:42 | ERROR    | yfinance                       | $GGAL: possibly delisted; no price data found  (1wk 2026-01-03 -> 2024-11-30) (Yahoo error = "Invalid input - start date cannot be after end date. startDate = 1767416400, endDate = 1732942800")
2026-05-24 12:33:42 | WARNING  | src.data.downloader            | [GGAL] yfinance returned empty DataFrame
2026-05-24 12:33:43 | ERROR    | yfinance                       | $BMA: possibly delisted; no price data found  (1wk 2026-01-03 -> 2024-11-30) (Yahoo error = "Invalid input - start date cannot be after end date. startDate = 1767416400, endDate = 1732942800")
2026-05-24 12:33:43 | WARNING  | src.data.downloader            | [BMA] yfinance returned empty DataFrame
2026-05-24 12:33:44 | ERROR    | yfinance                       | $PAM: possibly delisted; no price data found  (1wk 2026-01-03 -> 2024-11-30) (Yahoo error = "Invalid input - start date cannot be after end date. startDate = 1767416400, endDate = 1732942800")
2026-05-24 12:33:44 | WARNING  | src.data.downloader            | [PAM] yfinance returned empty DataFrame
2026-05-24 12:33:45 | ERROR    | yfinance                       | $TGS: possibly delisted; no price data found  (1wk 2026-01-03 -> 2024-11-30) (Yahoo error = "Invalid input - start date cannot be after end date. startDate = 1767416400, endDate = 1732942800")
2026-05-24 12:33:45 | WARNING  | src.data.downloader            | [TGS] yfinance returned empty DataFrame
2026-05-24 12:33:46 | ERROR    | yfinance                       | $CEPU: possibly delisted; no price data found  (1wk 2026-01-03 -> 2024-11-30) (Yahoo error = "Invalid input - start date cannot be after end date. startDate = 1767416400, endDate = 1732942800")
2026-05-24 12:33:46 | WARNING  | src.data.downloader            | [CEPU] yfinance returned empty DataFrame
2026-05-24 12:33:47 | ERROR    | yfinance                       | $EDN: possibly delisted; no price data found  (1wk 2026-01-03 -> 2024-11-30) (Yahoo error = "Invalid input - start date cannot be after end date. startDate = 1767416400, endDate = 1732942800")
2026-05-24 12:33:47 | WARNING  | src.data.downloader            | [EDN] yfinance returned empty DataFrame
2026-05-24 12:33:48 | ERROR    | yfinance                       | $LOMA: possibly delisted; no price data found  (1wk 2026-01-03 -> 2024-11-30) (Yahoo error = "Invalid input - start date cannot be after end date. startDate = 1767416400, endDate = 1732942800")
2026-05-24 12:33:48 | WARNING  | src.data.downloader            | [LOMA] yfinance returned empty DataFrame
2026-05-24 12:33:49 | ERROR    | yfinance                       | $CRESY: possibly delisted; no price data found  (1wk 2026-01-03 -> 2024-11-30) (Yahoo error = "Invalid input - start date cannot be after end date. startDate = 1767416400, endDate = 1732942800")
2026-05-24 12:33:49 | WARNING  | src.data.downloader            | [CRESY] yfinance returned empty DataFrame
2026-05-24 12:33:50 | ERROR    | yfinance                       | $IRS: possibly delisted; no price data found  (1wk 2026-01-03 -> 2024-11-30) (Yahoo error = "Invalid input - start date cannot be after end date. startDate = 1767416400, endDate = 1732942800")
2026-05-24 12:33:50 | WARNING  | src.data.downloader            | [IRS] yfinance returned empty DataFrame
2026-05-24 12:33:50 | WARNING  | src.data.downloader            | [YPF] no data downloaded
2026-05-24 12:33:50 | WARNING  | src.data.downloader            | [GGAL] no data downloaded
2026-05-24 12:33:50 | WARNING  | src.data.downloader            | [BMA] no data downloaded
2026-05-24 12:33:50 | WARNING  | src.data.downloader            | [PAM] no data downloaded
2026-05-24 12:33:50 | WARNING  | src.data.downloader            | [TGS] no data downloaded
2026-05-24 12:33:50 | WARNING  | src.data.downloader            | [CEPU] no data downloaded
2026-05-24 12:33:50 | WARNING  | src.data.downloader            | [EDN] no data downloaded
2026-05-24 12:33:50 | WARNING  | src.data.downloader            | [LOMA] no data downloaded
2026-05-24 12:33:50 | WARNING  | src.data.downloader            | [CRESY] no data downloaded
2026-05-24 12:33:50 | WARNING  | src.data.downloader            | [IRS] no data downloaded
2026-05-24 12:33:52 | ERROR    | yfinance                       | $^MERV: possibly delisted; no price data found  (1wk 2026-01-03 -> 2024-11-30) (Yahoo error = "Invalid input - start date cannot be after end date. startDate = 1767409200, endDate = 1732935600")
2026-05-24 12:33:52 | WARNING  | src.data.downloader            | [^MERV] yfinance returned empty DataFrame
2026-05-24 12:33:52 | ERROR    | yfinance                       | $AL30D.BA: possibly delisted; no timezone found
2026-05-24 12:33:52 | WARNING  | src.data.scraper_al30d         | [AL30D.BA] all sources failed and no cache available
2026-05-24 12:33:52 | WARNING  | src.data.scraper_al30d         | sovereign_bond: all sources failed — returning empty series
2026-05-24 12:33:52 | WARNING  | src.data.scraper_ccl           | CCL: all sources failed — returning empty series
2026-05-24 12:33:53 | WARNING  | src.data.scraper_macro         | [macro/ipc] extending last cached value (7275.6042) to fill 2026-01-03 → 2024-11-30
2026-05-24 12:33:53 | WARNING  | src.data.scraper_macro         | [macro/embi] cache has no valid values
2026-05-24 12:33:54 | WARNING  | src.data.scraper_macro         | [macro/reservas] extending last cached value (28706.3548) to fill 2026-01-03 → 2024-11-30
2026-05-24 12:33:55 | WARNING  | src.data.scraper_macro         | [macro/tc_oficial] extending last cached value (1031.0000) to fill 2026-01-03 → 2024-11-30
2026-05-24 12:33:55 | INFO     | src.data.validator             | Coverage report [prices]
2026-05-24 12:33:55 | INFO     | src.data.validator             | ----------------------------------------------------------------------------------
2026-05-24 12:33:55 | INFO     | src.data.validator             | asset                 first_date    last_date      rows    nan    nan%  status    
2026-05-24 12:33:55 | INFO     | src.data.validator             | ----------------------------------------------------------------------------------
2026-05-24 12:33:55 | ERROR    | src.data.validator             | YPF                   MISSING       MISSING           0      0  100.00%  ERROR     
2026-05-24 12:33:55 | ERROR    | src.data.validator             | GGAL                  MISSING       MISSING           0      0  100.00%  ERROR     
2026-05-24 12:33:55 | ERROR    | src.data.validator             | BMA                   MISSING       MISSING           0      0  100.00%  ERROR     
2026-05-24 12:33:55 | ERROR    | src.data.validator             | PAM                   MISSING       MISSING           0      0  100.00%  ERROR     
2026-05-24 12:33:55 | ERROR    | src.data.validator             | TGS                   MISSING       MISSING           0      0  100.00%  ERROR     
2026-05-24 12:33:55 | ERROR    | src.data.validator             | CEPU                  MISSING       MISSING           0      0  100.00%  ERROR     
2026-05-24 12:33:55 | ERROR    | src.data.validator             | EDN                   MISSING       MISSING           0      0  100.00%  ERROR     
2026-05-24 12:33:55 | ERROR    | src.data.validator             | LOMA                  MISSING       MISSING           0      0  100.00%  ERROR     
2026-05-24 12:33:55 | ERROR    | src.data.validator             | CRESY                 MISSING       MISSING           0      0  100.00%  ERROR     
2026-05-24 12:33:55 | ERROR    | src.data.validator             | IRS                   MISSING       MISSING           0      0  100.00%  ERROR     
2026-05-24 12:33:55 | ERROR    | src.data.validator             | sovereign_bond        MISSING       MISSING           0      0  100.00%  ERROR     
2026-05-24 12:33:55 | ERROR    | src.data.validator             | merval                MISSING       MISSING           0      0  100.00%  ERROR     
2026-05-24 12:33:55 | ERROR    | src.data.validator             | ccl                   MISSING       MISSING           0      0  100.00%  ERROR     
2026-05-24 12:33:55 | INFO     | src.data.validator             | ----------------------------------------------------------------------------------
2026-05-24 12:33:55 | INFO     | src.data.validator             | Coverage report [macro]
2026-05-24 12:33:55 | INFO     | src.data.validator             | ----------------------------------------------------------------------------------
2026-05-24 12:33:55 | INFO     | src.data.validator             | asset                 first_date    last_date      rows    nan    nan%  status    
2026-05-24 12:33:55 | INFO     | src.data.validator             | ----------------------------------------------------------------------------------
2026-05-24 12:33:55 | ERROR    | src.data.validator             | ipc                   MISSING       MISSING           0      0  100.00%  ERROR     
2026-05-24 12:33:55 | ERROR    | src.data.validator             | embi                  MISSING       MISSING           0      0  100.00%  ERROR     
2026-05-24 12:33:55 | ERROR    | src.data.validator             | reservas              MISSING       MISSING           0      0  100.00%  ERROR     
2026-05-24 12:33:55 | ERROR    | src.data.validator             | tc_oficial            MISSING       MISSING           0      0  100.00%  ERROR     
2026-05-24 12:33:55 | INFO     | src.data.validator             | ----------------------------------------------------------------------------------
2026-05-24 12:33:55 | ERROR    | src.data.loader                | Live-month validation failed — data NOT appended. 15 error(s):
2026-05-24 12:33:55 | ERROR    | src.data.loader                |   [YPF] series is entirely NaN (0 rows)
2026-05-24 12:33:55 | ERROR    | src.data.loader                |   [GGAL] series is entirely NaN (0 rows)
2026-05-24 12:33:55 | ERROR    | src.data.loader                |   [BMA] series is entirely NaN (0 rows)
2026-05-24 12:33:55 | ERROR    | src.data.loader                |   [PAM] series is entirely NaN (0 rows)
2026-05-24 12:33:55 | ERROR    | src.data.loader                |   [TGS] series is entirely NaN (0 rows)
2026-05-24 12:33:55 | ERROR    | src.data.loader                |   [CEPU] series is entirely NaN (0 rows)
2026-05-24 12:33:55 | ERROR    | src.data.loader                |   [EDN] series is entirely NaN (0 rows)
2026-05-24 12:33:55 | ERROR    | src.data.loader                |   [LOMA] series is entirely NaN (0 rows)
2026-05-24 12:33:55 | ERROR    | src.data.loader                |   [CRESY] series is entirely NaN (0 rows)
2026-05-24 12:33:55 | ERROR    | src.data.loader                |   [IRS] series is entirely NaN (0 rows)
2026-05-24 12:33:55 | ERROR    | src.data.loader                |   [merval] series is entirely NaN (0 rows)
2026-05-24 12:33:55 | ERROR    | src.data.loader                |   [ccl] series is entirely NaN (0 rows)
2026-05-24 12:33:55 | ERROR    | src.data.loader                |   [ipc] series is entirely NaN (0 rows)
2026-05-24 12:33:55 | ERROR    | src.data.loader                |   [reservas] series is entirely NaN (0 rows)
2026-05-24 12:33:55 | ERROR    | src.data.loader                |   [tc_oficial] series is entirely NaN (0 rows)
2026-05-24 12:33:55 | INFO     | src.features.features          | compute_features: 832 weekly rows | 10 tickers | warm-up = 30 rows
2026-05-24 12:33:55 | WARNING  | src.nlp.nlp                    | News directory not found: data\news\2024\11 — returning 0.0 (neutral)
2026-05-24 12:33:55 | WARNING  | src.signals.regime             | _build_monthly_feature_matrix: 'embi' is entirely NaN — filling with 0.0
2026-05-24 12:33:55 | INFO     | src.signals.regime             | Regime prediction: risk_off (p=0.484) | month=2024-11 | nlp_score=0.0000
2026-05-24 12:33:55 | INFO     | src.allocation.allocator       | compute_weights: risk_off (p=0.484) | active=[BMA=1.350, CEPU=1.358, CRESY=1.446, EDN=1.839, GGAL=1.437, IRS=1.521, LOMA=1.503, PAM=1.518, TGS=1.459, YPF=1.687] | excluded=[none] | BMA=0.0800 CEPU=0.0800 CRESY=0.0800 EDN=0.0800 GGAL=0.0800 IRS=0.0800 LOMA=0.0800 PAM=0.0800 TGS=0.0800 YPF=0.0800 AL30D=0.2000
2026-05-24 12:33:55 | INFO     | __main__                       | 2024-11 | risk_off (p=0.484) | nlp=0.0000 | active=10 excluded=0
2026-05-24 12:33:55 | INFO     | src.utils.utils                | [DONE]  live 2024-11 — 16.83s
2026-05-24 12:33:55 | INFO     | src.utils.utils                | [START] live 2024-12
2026-05-24 12:33:55 | INFO     | src.data.loader                | Starting live-month download: 2026-01-03 → 2024-12-31 (cutoff: 2024-12-31) | tickers: ['YPF', 'GGAL', 'BMA', 'PAM', 'TGS', 'CEPU', 'EDN', 'LOMA', 'CRESY', 'IRS']
2026-05-24 12:33:56 | ERROR    | yfinance                       | $YPF: possibly delisted; no price data found  (1wk 2026-01-03 -> 2024-12-31) (Yahoo error = "Invalid input - start date cannot be after end date. startDate = 1767416400, endDate = 1735621200")
2026-05-24 12:33:56 | WARNING  | src.data.downloader            | [YPF] yfinance returned empty DataFrame
2026-05-24 12:33:57 | ERROR    | yfinance                       | $GGAL: possibly delisted; no price data found  (1wk 2026-01-03 -> 2024-12-31) (Yahoo error = "Invalid input - start date cannot be after end date. startDate = 1767416400, endDate = 1735621200")
2026-05-24 12:33:57 | WARNING  | src.data.downloader            | [GGAL] yfinance returned empty DataFrame
2026-05-24 12:33:58 | ERROR    | yfinance                       | $BMA: possibly delisted; no price data found  (1wk 2026-01-03 -> 2024-12-31) (Yahoo error = "Invalid input - start date cannot be after end date. startDate = 1767416400, endDate = 1735621200")
2026-05-24 12:33:58 | WARNING  | src.data.downloader            | [BMA] yfinance returned empty DataFrame
2026-05-24 12:33:59 | ERROR    | yfinance                       | $PAM: possibly delisted; no price data found  (1wk 2026-01-03 -> 2024-12-31) (Yahoo error = "Invalid input - start date cannot be after end date. startDate = 1767416400, endDate = 1735621200")
2026-05-24 12:33:59 | WARNING  | src.data.downloader            | [PAM] yfinance returned empty DataFrame
2026-05-24 12:34:00 | ERROR    | yfinance                       | $TGS: possibly delisted; no price data found  (1wk 2026-01-03 -> 2024-12-31) (Yahoo error = "Invalid input - start date cannot be after end date. startDate = 1767416400, endDate = 1735621200")
2026-05-24 12:34:00 | WARNING  | src.data.downloader            | [TGS] yfinance returned empty DataFrame
2026-05-24 12:34:02 | ERROR    | yfinance                       | $CEPU: possibly delisted; no price data found  (1wk 2026-01-03 -> 2024-12-31) (Yahoo error = "Invalid input - start date cannot be after end date. startDate = 1767416400, endDate = 1735621200")
2026-05-24 12:34:02 | WARNING  | src.data.downloader            | [CEPU] yfinance returned empty DataFrame
2026-05-24 12:34:03 | ERROR    | yfinance                       | $EDN: possibly delisted; no price data found  (1wk 2026-01-03 -> 2024-12-31) (Yahoo error = "Invalid input - start date cannot be after end date. startDate = 1767416400, endDate = 1735621200")
2026-05-24 12:34:03 | WARNING  | src.data.downloader            | [EDN] yfinance returned empty DataFrame
2026-05-24 12:34:04 | ERROR    | yfinance                       | $LOMA: possibly delisted; no price data found  (1wk 2026-01-03 -> 2024-12-31) (Yahoo error = "Invalid input - start date cannot be after end date. startDate = 1767416400, endDate = 1735621200")
2026-05-24 12:34:04 | WARNING  | src.data.downloader            | [LOMA] yfinance returned empty DataFrame
2026-05-24 12:34:05 | ERROR    | yfinance                       | $CRESY: possibly delisted; no price data found  (1wk 2026-01-03 -> 2024-12-31) (Yahoo error = "Invalid input - start date cannot be after end date. startDate = 1767416400, endDate = 1735621200")
2026-05-24 12:34:05 | WARNING  | src.data.downloader            | [CRESY] yfinance returned empty DataFrame
2026-05-24 12:34:06 | ERROR    | yfinance                       | $IRS: possibly delisted; no price data found  (1wk 2026-01-03 -> 2024-12-31) (Yahoo error = "Invalid input - start date cannot be after end date. startDate = 1767416400, endDate = 1735621200")
2026-05-24 12:34:06 | WARNING  | src.data.downloader            | [IRS] yfinance returned empty DataFrame
2026-05-24 12:34:06 | WARNING  | src.data.downloader            | [YPF] no data downloaded
2026-05-24 12:34:06 | WARNING  | src.data.downloader            | [GGAL] no data downloaded
2026-05-24 12:34:06 | WARNING  | src.data.downloader            | [BMA] no data downloaded
2026-05-24 12:34:06 | WARNING  | src.data.downloader            | [PAM] no data downloaded
2026-05-24 12:34:06 | WARNING  | src.data.downloader            | [TGS] no data downloaded
2026-05-24 12:34:06 | WARNING  | src.data.downloader            | [CEPU] no data downloaded
2026-05-24 12:34:06 | WARNING  | src.data.downloader            | [EDN] no data downloaded
2026-05-24 12:34:06 | WARNING  | src.data.downloader            | [LOMA] no data downloaded
2026-05-24 12:34:06 | WARNING  | src.data.downloader            | [CRESY] no data downloaded
2026-05-24 12:34:06 | WARNING  | src.data.downloader            | [IRS] no data downloaded
2026-05-24 12:34:07 | ERROR    | yfinance                       | $^MERV: possibly delisted; no price data found  (1wk 2026-01-03 -> 2024-12-31) (Yahoo error = "Invalid input - start date cannot be after end date. startDate = 1767409200, endDate = 1735614000")
2026-05-24 12:34:07 | WARNING  | src.data.downloader            | [^MERV] yfinance returned empty DataFrame
2026-05-24 12:34:07 | ERROR    | yfinance                       | $AL30D.BA: possibly delisted; no timezone found
2026-05-24 12:34:07 | WARNING  | src.data.scraper_al30d         | [AL30D.BA] all sources failed and no cache available
2026-05-24 12:34:07 | WARNING  | src.data.scraper_al30d         | sovereign_bond: all sources failed — returning empty series
2026-05-24 12:34:07 | WARNING  | src.data.scraper_ccl           | CCL: all sources failed — returning empty series
2026-05-24 12:34:08 | WARNING  | src.data.scraper_macro         | [macro/ipc] extending last cached value (7678.7745) to fill 2026-01-03 → 2024-12-31
2026-05-24 12:34:08 | WARNING  | src.data.scraper_macro         | [macro/embi] cache has no valid values
2026-05-24 12:34:09 | WARNING  | src.data.scraper_macro         | [macro/reservas] extending last cached value (31751.7419) to fill 2026-01-03 → 2024-12-31
2026-05-24 12:34:10 | WARNING  | src.data.scraper_macro         | [macro/tc_oficial] extending last cached value (1052.5000) to fill 2026-01-03 → 2024-12-31
2026-05-24 12:34:10 | INFO     | src.data.validator             | Coverage report [prices]
2026-05-24 12:34:10 | INFO     | src.data.validator             | ----------------------------------------------------------------------------------
2026-05-24 12:34:10 | INFO     | src.data.validator             | asset                 first_date    last_date      rows    nan    nan%  status    
2026-05-24 12:34:10 | INFO     | src.data.validator             | ----------------------------------------------------------------------------------
2026-05-24 12:34:10 | ERROR    | src.data.validator             | YPF                   MISSING       MISSING           0      0  100.00%  ERROR     
2026-05-24 12:34:10 | ERROR    | src.data.validator             | GGAL                  MISSING       MISSING           0      0  100.00%  ERROR     
2026-05-24 12:34:10 | ERROR    | src.data.validator             | BMA                   MISSING       MISSING           0      0  100.00%  ERROR     
2026-05-24 12:34:10 | ERROR    | src.data.validator             | PAM                   MISSING       MISSING           0      0  100.00%  ERROR     
2026-05-24 12:34:10 | ERROR    | src.data.validator             | TGS                   MISSING       MISSING           0      0  100.00%  ERROR     
2026-05-24 12:34:10 | ERROR    | src.data.validator             | CEPU                  MISSING       MISSING           0      0  100.00%  ERROR     
2026-05-24 12:34:10 | ERROR    | src.data.validator             | EDN                   MISSING       MISSING           0      0  100.00%  ERROR     
2026-05-24 12:34:10 | ERROR    | src.data.validator             | LOMA                  MISSING       MISSING           0      0  100.00%  ERROR     
2026-05-24 12:34:10 | ERROR    | src.data.validator             | CRESY                 MISSING       MISSING           0      0  100.00%  ERROR     
2026-05-24 12:34:10 | ERROR    | src.data.validator             | IRS                   MISSING       MISSING           0      0  100.00%  ERROR     
2026-05-24 12:34:10 | ERROR    | src.data.validator             | sovereign_bond        MISSING       MISSING           0      0  100.00%  ERROR     
2026-05-24 12:34:10 | ERROR    | src.data.validator             | merval                MISSING       MISSING           0      0  100.00%  ERROR     
2026-05-24 12:34:10 | ERROR    | src.data.validator             | ccl                   MISSING       MISSING           0      0  100.00%  ERROR     
2026-05-24 12:34:10 | INFO     | src.data.validator             | ----------------------------------------------------------------------------------
2026-05-24 12:34:10 | INFO     | src.data.validator             | Coverage report [macro]
2026-05-24 12:34:10 | INFO     | src.data.validator             | ----------------------------------------------------------------------------------
2026-05-24 12:34:10 | INFO     | src.data.validator             | asset                 first_date    last_date      rows    nan    nan%  status    
2026-05-24 12:34:10 | INFO     | src.data.validator             | ----------------------------------------------------------------------------------
2026-05-24 12:34:10 | ERROR    | src.data.validator             | ipc                   MISSING       MISSING           0      0  100.00%  ERROR     
2026-05-24 12:34:10 | ERROR    | src.data.validator             | embi                  MISSING       MISSING           0      0  100.00%  ERROR     
2026-05-24 12:34:10 | ERROR    | src.data.validator             | reservas              MISSING       MISSING           0      0  100.00%  ERROR     
2026-05-24 12:34:10 | ERROR    | src.data.validator             | tc_oficial            MISSING       MISSING           0      0  100.00%  ERROR     
2026-05-24 12:34:10 | INFO     | src.data.validator             | ----------------------------------------------------------------------------------
2026-05-24 12:34:10 | ERROR    | src.data.loader                | Live-month validation failed — data NOT appended. 15 error(s):
2026-05-24 12:34:10 | ERROR    | src.data.loader                |   [YPF] series is entirely NaN (0 rows)
2026-05-24 12:34:10 | ERROR    | src.data.loader                |   [GGAL] series is entirely NaN (0 rows)
2026-05-24 12:34:10 | ERROR    | src.data.loader                |   [BMA] series is entirely NaN (0 rows)
2026-05-24 12:34:10 | ERROR    | src.data.loader                |   [PAM] series is entirely NaN (0 rows)
2026-05-24 12:34:10 | ERROR    | src.data.loader                |   [TGS] series is entirely NaN (0 rows)
2026-05-24 12:34:10 | ERROR    | src.data.loader                |   [CEPU] series is entirely NaN (0 rows)
2026-05-24 12:34:10 | ERROR    | src.data.loader                |   [EDN] series is entirely NaN (0 rows)
2026-05-24 12:34:10 | ERROR    | src.data.loader                |   [LOMA] series is entirely NaN (0 rows)
2026-05-24 12:34:10 | ERROR    | src.data.loader                |   [CRESY] series is entirely NaN (0 rows)
2026-05-24 12:34:10 | ERROR    | src.data.loader                |   [IRS] series is entirely NaN (0 rows)
2026-05-24 12:34:10 | ERROR    | src.data.loader                |   [merval] series is entirely NaN (0 rows)
2026-05-24 12:34:10 | ERROR    | src.data.loader                |   [ccl] series is entirely NaN (0 rows)
2026-05-24 12:34:10 | ERROR    | src.data.loader                |   [ipc] series is entirely NaN (0 rows)
2026-05-24 12:34:10 | ERROR    | src.data.loader                |   [reservas] series is entirely NaN (0 rows)
2026-05-24 12:34:10 | ERROR    | src.data.loader                |   [tc_oficial] series is entirely NaN (0 rows)
2026-05-24 12:34:10 | INFO     | src.features.features          | compute_features: 837 weekly rows | 10 tickers | warm-up = 30 rows
2026-05-24 12:34:10 | WARNING  | src.nlp.nlp                    | News directory not found: data\news\2024\12 — returning 0.0 (neutral)
2026-05-24 12:34:10 | WARNING  | src.signals.regime             | _build_monthly_feature_matrix: 'embi' is entirely NaN — filling with 0.0
2026-05-24 12:34:10 | INFO     | src.signals.regime             | Regime prediction: risk_on (p=0.683) | month=2024-12 | nlp_score=0.0000
2026-05-24 12:34:10 | INFO     | src.allocation.allocator       | compute_weights: risk_on (p=0.683) | active=[BMA=1.397, CEPU=1.367, CRESY=1.371, EDN=1.634, GGAL=1.405, IRS=1.287, LOMA=1.368, PAM=1.391, TGS=1.323, YPF=1.562] | excluded=[none] | BMA=0.1000 CEPU=0.1000 CRESY=0.1000 EDN=0.1000 GGAL=0.1000 IRS=0.1000 LOMA=0.1000 PAM=0.1000 TGS=0.1000 YPF=0.1000
2026-05-24 12:34:10 | INFO     | __main__                       | 2024-12 | risk_on (p=0.683) | nlp=0.0000 | active=10 excluded=0
2026-05-24 12:34:10 | INFO     | src.utils.utils                | [DONE]  live 2024-12 — 15.02s
2026-05-24 12:34:10 | INFO     | src.utils.utils                | [START] live 2025-01
2026-05-24 12:34:10 | INFO     | src.data.loader                | Starting live-month download: 2026-01-03 → 2025-01-31 (cutoff: 2025-01-31) | tickers: ['YPF', 'GGAL', 'BMA', 'PAM', 'TGS', 'CEPU', 'EDN', 'LOMA', 'CRESY', 'IRS']
2026-05-24 12:34:11 | ERROR    | yfinance                       | $YPF: possibly delisted; no price data found  (1wk 2026-01-03 -> 2025-01-31) (Yahoo error = "Invalid input - start date cannot be after end date. startDate = 1767416400, endDate = 1738299600")
2026-05-24 12:34:11 | WARNING  | src.data.downloader            | [YPF] yfinance returned empty DataFrame
2026-05-24 12:34:12 | ERROR    | yfinance                       | $GGAL: possibly delisted; no price data found  (1wk 2026-01-03 -> 2025-01-31) (Yahoo error = "Invalid input - start date cannot be after end date. startDate = 1767416400, endDate = 1738299600")
2026-05-24 12:34:12 | WARNING  | src.data.downloader            | [GGAL] yfinance returned empty DataFrame
2026-05-24 12:34:13 | ERROR    | yfinance                       | $BMA: possibly delisted; no price data found  (1wk 2026-01-03 -> 2025-01-31) (Yahoo error = "Invalid input - start date cannot be after end date. startDate = 1767416400, endDate = 1738299600")
2026-05-24 12:34:13 | WARNING  | src.data.downloader            | [BMA] yfinance returned empty DataFrame
2026-05-24 12:34:15 | ERROR    | yfinance                       | $PAM: possibly delisted; no price data found  (1wk 2026-01-03 -> 2025-01-31) (Yahoo error = "Invalid input - start date cannot be after end date. startDate = 1767416400, endDate = 1738299600")
2026-05-24 12:34:15 | WARNING  | src.data.downloader            | [PAM] yfinance returned empty DataFrame
2026-05-24 12:34:16 | ERROR    | yfinance                       | $TGS: possibly delisted; no price data found  (1wk 2026-01-03 -> 2025-01-31) (Yahoo error = "Invalid input - start date cannot be after end date. startDate = 1767416400, endDate = 1738299600")
2026-05-24 12:34:16 | WARNING  | src.data.downloader            | [TGS] yfinance returned empty DataFrame
2026-05-24 12:34:17 | ERROR    | yfinance                       | $CEPU: possibly delisted; no price data found  (1wk 2026-01-03 -> 2025-01-31) (Yahoo error = "Invalid input - start date cannot be after end date. startDate = 1767416400, endDate = 1738299600")
2026-05-24 12:34:17 | WARNING  | src.data.downloader            | [CEPU] yfinance returned empty DataFrame
2026-05-24 12:34:18 | ERROR    | yfinance                       | $EDN: possibly delisted; no price data found  (1wk 2026-01-03 -> 2025-01-31) (Yahoo error = "Invalid input - start date cannot be after end date. startDate = 1767416400, endDate = 1738299600")
2026-05-24 12:34:18 | WARNING  | src.data.downloader            | [EDN] yfinance returned empty DataFrame
2026-05-24 12:34:19 | ERROR    | yfinance                       | $LOMA: possibly delisted; no price data found  (1wk 2026-01-03 -> 2025-01-31) (Yahoo error = "Invalid input - start date cannot be after end date. startDate = 1767416400, endDate = 1738299600")
2026-05-24 12:34:19 | WARNING  | src.data.downloader            | [LOMA] yfinance returned empty DataFrame
2026-05-24 12:34:20 | ERROR    | yfinance                       | $CRESY: possibly delisted; no price data found  (1wk 2026-01-03 -> 2025-01-31) (Yahoo error = "Invalid input - start date cannot be after end date. startDate = 1767416400, endDate = 1738299600")
2026-05-24 12:34:20 | WARNING  | src.data.downloader            | [CRESY] yfinance returned empty DataFrame
2026-05-24 12:34:21 | ERROR    | yfinance                       | $IRS: possibly delisted; no price data found  (1wk 2026-01-03 -> 2025-01-31) (Yahoo error = "Invalid input - start date cannot be after end date. startDate = 1767416400, endDate = 1738299600")
2026-05-24 12:34:21 | WARNING  | src.data.downloader            | [IRS] yfinance returned empty DataFrame
2026-05-24 12:34:21 | WARNING  | src.data.downloader            | [YPF] no data downloaded
2026-05-24 12:34:21 | WARNING  | src.data.downloader            | [GGAL] no data downloaded
2026-05-24 12:34:21 | WARNING  | src.data.downloader            | [BMA] no data downloaded
2026-05-24 12:34:21 | WARNING  | src.data.downloader            | [PAM] no data downloaded
2026-05-24 12:34:21 | WARNING  | src.data.downloader            | [TGS] no data downloaded
2026-05-24 12:34:21 | WARNING  | src.data.downloader            | [CEPU] no data downloaded
2026-05-24 12:34:21 | WARNING  | src.data.downloader            | [EDN] no data downloaded
2026-05-24 12:34:21 | WARNING  | src.data.downloader            | [LOMA] no data downloaded
2026-05-24 12:34:21 | WARNING  | src.data.downloader            | [CRESY] no data downloaded
2026-05-24 12:34:21 | WARNING  | src.data.downloader            | [IRS] no data downloaded
2026-05-24 12:34:22 | ERROR    | yfinance                       | $^MERV: possibly delisted; no price data found  (1wk 2026-01-03 -> 2025-01-31) (Yahoo error = "Invalid input - start date cannot be after end date. startDate = 1767409200, endDate = 1738292400")
2026-05-24 12:34:22 | WARNING  | src.data.downloader            | [^MERV] yfinance returned empty DataFrame
2026-05-24 12:34:22 | ERROR    | yfinance                       | $AL30D.BA: possibly delisted; no timezone found
2026-05-24 12:34:22 | WARNING  | src.data.scraper_al30d         | [AL30D.BA] all sources failed and no cache available
2026-05-24 12:34:22 | WARNING  | src.data.scraper_al30d         | sovereign_bond: all sources failed — returning empty series
2026-05-24 12:34:22 | WARNING  | src.data.scraper_ccl           | CCL: all sources failed — returning empty series
2026-05-24 12:34:23 | WARNING  | src.data.scraper_macro         | [macro/ipc] extending last cached value (7678.7745) to fill 2026-01-03 → 2025-01-31
2026-05-24 12:34:24 | WARNING  | src.data.scraper_macro         | [macro/embi] cache has no valid values
2026-05-24 12:34:24 | WARNING  | src.data.scraper_macro         | [macro/reservas] extending last cached value (31751.7419) to fill 2026-01-03 → 2025-01-31
2026-05-24 12:34:25 | WARNING  | src.data.scraper_macro         | [macro/tc_oficial] extending last cached value (1073.5000) to fill 2026-01-03 → 2025-01-31
2026-05-24 12:34:25 | INFO     | src.data.validator             | Coverage report [prices]
2026-05-24 12:34:25 | INFO     | src.data.validator             | ----------------------------------------------------------------------------------
2026-05-24 12:34:25 | INFO     | src.data.validator             | asset                 first_date    last_date      rows    nan    nan%  status    
2026-05-24 12:34:25 | INFO     | src.data.validator             | ----------------------------------------------------------------------------------
2026-05-24 12:34:25 | ERROR    | src.data.validator             | YPF                   MISSING       MISSING           0      0  100.00%  ERROR     
2026-05-24 12:34:25 | ERROR    | src.data.validator             | GGAL                  MISSING       MISSING           0      0  100.00%  ERROR     
2026-05-24 12:34:25 | ERROR    | src.data.validator             | BMA                   MISSING       MISSING           0      0  100.00%  ERROR     
2026-05-24 12:34:25 | ERROR    | src.data.validator             | PAM                   MISSING       MISSING           0      0  100.00%  ERROR     
2026-05-24 12:34:25 | ERROR    | src.data.validator             | TGS                   MISSING       MISSING           0      0  100.00%  ERROR     
2026-05-24 12:34:25 | ERROR    | src.data.validator             | CEPU                  MISSING       MISSING           0      0  100.00%  ERROR     
2026-05-24 12:34:25 | ERROR    | src.data.validator             | EDN                   MISSING       MISSING           0      0  100.00%  ERROR     
2026-05-24 12:34:25 | ERROR    | src.data.validator             | LOMA                  MISSING       MISSING           0      0  100.00%  ERROR     
2026-05-24 12:34:25 | ERROR    | src.data.validator             | CRESY                 MISSING       MISSING           0      0  100.00%  ERROR     
2026-05-24 12:34:25 | ERROR    | src.data.validator             | IRS                   MISSING       MISSING           0      0  100.00%  ERROR     
2026-05-24 12:34:25 | ERROR    | src.data.validator             | sovereign_bond        MISSING       MISSING           0      0  100.00%  ERROR     
2026-05-24 12:34:25 | ERROR    | src.data.validator             | merval                MISSING       MISSING           0      0  100.00%  ERROR     
2026-05-24 12:34:25 | ERROR    | src.data.validator             | ccl                   MISSING       MISSING           0      0  100.00%  ERROR     
2026-05-24 12:34:25 | INFO     | src.data.validator             | ----------------------------------------------------------------------------------
2026-05-24 12:34:25 | INFO     | src.data.validator             | Coverage report [macro]
2026-05-24 12:34:25 | INFO     | src.data.validator             | ----------------------------------------------------------------------------------
2026-05-24 12:34:25 | INFO     | src.data.validator             | asset                 first_date    last_date      rows    nan    nan%  status    
2026-05-24 12:34:25 | INFO     | src.data.validator             | ----------------------------------------------------------------------------------
2026-05-24 12:34:25 | ERROR    | src.data.validator             | ipc                   MISSING       MISSING           0      0  100.00%  ERROR     
2026-05-24 12:34:25 | ERROR    | src.data.validator             | embi                  MISSING       MISSING           0      0  100.00%  ERROR     
2026-05-24 12:34:25 | ERROR    | src.data.validator             | reservas              MISSING       MISSING           0      0  100.00%  ERROR     
2026-05-24 12:34:25 | ERROR    | src.data.validator             | tc_oficial            MISSING       MISSING           0      0  100.00%  ERROR     
2026-05-24 12:34:25 | INFO     | src.data.validator             | ----------------------------------------------------------------------------------
2026-05-24 12:34:25 | ERROR    | src.data.loader                | Live-month validation failed — data NOT appended. 15 error(s):
2026-05-24 12:34:25 | ERROR    | src.data.loader                |   [YPF] series is entirely NaN (0 rows)
2026-05-24 12:34:25 | ERROR    | src.data.loader                |   [GGAL] series is entirely NaN (0 rows)
2026-05-24 12:34:25 | ERROR    | src.data.loader                |   [BMA] series is entirely NaN (0 rows)
2026-05-24 12:34:25 | ERROR    | src.data.loader                |   [PAM] series is entirely NaN (0 rows)
2026-05-24 12:34:25 | ERROR    | src.data.loader                |   [TGS] series is entirely NaN (0 rows)
2026-05-24 12:34:25 | ERROR    | src.data.loader                |   [CEPU] series is entirely NaN (0 rows)
2026-05-24 12:34:25 | ERROR    | src.data.loader                |   [EDN] series is entirely NaN (0 rows)
2026-05-24 12:34:25 | ERROR    | src.data.loader                |   [LOMA] series is entirely NaN (0 rows)
2026-05-24 12:34:25 | ERROR    | src.data.loader                |   [CRESY] series is entirely NaN (0 rows)
2026-05-24 12:34:25 | ERROR    | src.data.loader                |   [IRS] series is entirely NaN (0 rows)
2026-05-24 12:34:25 | ERROR    | src.data.loader                |   [merval] series is entirely NaN (0 rows)
2026-05-24 12:34:25 | ERROR    | src.data.loader                |   [ccl] series is entirely NaN (0 rows)
2026-05-24 12:34:25 | ERROR    | src.data.loader                |   [ipc] series is entirely NaN (0 rows)
2026-05-24 12:34:25 | ERROR    | src.data.loader                |   [reservas] series is entirely NaN (0 rows)
2026-05-24 12:34:25 | ERROR    | src.data.loader                |   [tc_oficial] series is entirely NaN (0 rows)
2026-05-24 12:34:25 | INFO     | src.features.features          | compute_features: 842 weekly rows | 10 tickers | warm-up = 30 rows
2026-05-24 12:34:25 | WARNING  | src.nlp.nlp                    | News directory not found: data\news\2025\01 — returning 0.0 (neutral)
2026-05-24 12:34:25 | WARNING  | src.signals.regime             | _build_monthly_feature_matrix: 'embi' is entirely NaN — filling with 0.0
2026-05-24 12:34:25 | INFO     | src.signals.regime             | Regime prediction: risk_on (p=0.981) | month=2025-01 | nlp_score=0.0000
2026-05-24 12:34:25 | INFO     | src.allocation.allocator       | compute_weights: risk_on (p=0.981) | active=[BMA=1.270, CEPU=1.259, CRESY=1.273, EDN=1.306, GGAL=1.323, IRS=1.165, LOMA=1.265, PAM=1.267, TGS=1.179, YPF=1.278] | excluded=[none] | BMA=0.1000 CEPU=0.1000 CRESY=0.1000 EDN=0.1000 GGAL=0.1000 IRS=0.1000 LOMA=0.1000 PAM=0.1000 TGS=0.1000 YPF=0.1000
2026-05-24 12:34:25 | INFO     | __main__                       | 2025-01 | risk_on (p=0.981) | nlp=0.0000 | active=10 excluded=0
2026-05-24 12:34:25 | INFO     | src.utils.utils                | [DONE]  live 2025-01 — 15.22s
2026-05-24 12:34:25 | INFO     | src.utils.utils                | [START] live 2025-02
2026-05-24 12:34:25 | INFO     | src.data.loader                | Starting live-month download: 2026-01-03 → 2025-02-28 (cutoff: 2025-02-28) | tickers: ['YPF', 'GGAL', 'BMA', 'PAM', 'TGS', 'CEPU', 'EDN', 'LOMA', 'CRESY', 'IRS']
2026-05-24 12:34:27 | ERROR    | yfinance                       | $YPF: possibly delisted; no price data found  (1wk 2026-01-03 -> 2025-02-28) (Yahoo error = "Invalid input - start date cannot be after end date. startDate = 1767416400, endDate = 1740718800")
2026-05-24 12:34:27 | WARNING  | src.data.downloader            | [YPF] yfinance returned empty DataFrame
2026-05-24 12:34:28 | ERROR    | yfinance                       | $GGAL: possibly delisted; no price data found  (1wk 2026-01-03 -> 2025-02-28) (Yahoo error = "Invalid input - start date cannot be after end date. startDate = 1767416400, endDate = 1740718800")
2026-05-24 12:34:28 | WARNING  | src.data.downloader            | [GGAL] yfinance returned empty DataFrame
2026-05-24 12:34:28 | ERROR    | yfinance                       | $BMA: possibly delisted; no price data found  (1wk 2026-01-03 -> 2025-02-28) (Yahoo error = "Invalid input - start date cannot be after end date. startDate = 1767416400, endDate = 1740718800")
2026-05-24 12:34:28 | WARNING  | src.data.downloader            | [BMA] yfinance returned empty DataFrame
2026-05-24 12:34:29 | ERROR    | yfinance                       | $PAM: possibly delisted; no price data found  (1wk 2026-01-03 -> 2025-02-28) (Yahoo error = "Invalid input - start date cannot be after end date. startDate = 1767416400, endDate = 1740718800")
2026-05-24 12:34:29 | WARNING  | src.data.downloader            | [PAM] yfinance returned empty DataFrame
2026-05-24 12:34:31 | ERROR    | yfinance                       | $TGS: possibly delisted; no price data found  (1wk 2026-01-03 -> 2025-02-28) (Yahoo error = "Invalid input - start date cannot be after end date. startDate = 1767416400, endDate = 1740718800")
2026-05-24 12:34:31 | WARNING  | src.data.downloader            | [TGS] yfinance returned empty DataFrame
2026-05-24 12:34:32 | ERROR    | yfinance                       | $CEPU: possibly delisted; no price data found  (1wk 2026-01-03 -> 2025-02-28) (Yahoo error = "Invalid input - start date cannot be after end date. startDate = 1767416400, endDate = 1740718800")
2026-05-24 12:34:32 | WARNING  | src.data.downloader            | [CEPU] yfinance returned empty DataFrame
2026-05-24 12:34:33 | ERROR    | yfinance                       | $EDN: possibly delisted; no price data found  (1wk 2026-01-03 -> 2025-02-28) (Yahoo error = "Invalid input - start date cannot be after end date. startDate = 1767416400, endDate = 1740718800")
2026-05-24 12:34:33 | WARNING  | src.data.downloader            | [EDN] yfinance returned empty DataFrame
2026-05-24 12:34:34 | ERROR    | yfinance                       | $LOMA: possibly delisted; no price data found  (1wk 2026-01-03 -> 2025-02-28) (Yahoo error = "Invalid input - start date cannot be after end date. startDate = 1767416400, endDate = 1740718800")
2026-05-24 12:34:34 | WARNING  | src.data.downloader            | [LOMA] yfinance returned empty DataFrame
2026-05-24 12:34:35 | ERROR    | yfinance                       | $CRESY: possibly delisted; no price data found  (1wk 2026-01-03 -> 2025-02-28) (Yahoo error = "Invalid input - start date cannot be after end date. startDate = 1767416400, endDate = 1740718800")
2026-05-24 12:34:35 | WARNING  | src.data.downloader            | [CRESY] yfinance returned empty DataFrame
2026-05-24 12:34:36 | ERROR    | yfinance                       | $IRS: possibly delisted; no price data found  (1wk 2026-01-03 -> 2025-02-28) (Yahoo error = "Invalid input - start date cannot be after end date. startDate = 1767416400, endDate = 1740718800")
2026-05-24 12:34:36 | WARNING  | src.data.downloader            | [IRS] yfinance returned empty DataFrame
2026-05-24 12:34:36 | WARNING  | src.data.downloader            | [YPF] no data downloaded
2026-05-24 12:34:36 | WARNING  | src.data.downloader            | [GGAL] no data downloaded
2026-05-24 12:34:36 | WARNING  | src.data.downloader            | [BMA] no data downloaded
2026-05-24 12:34:36 | WARNING  | src.data.downloader            | [PAM] no data downloaded
2026-05-24 12:34:36 | WARNING  | src.data.downloader            | [TGS] no data downloaded
2026-05-24 12:34:36 | WARNING  | src.data.downloader            | [CEPU] no data downloaded
2026-05-24 12:34:36 | WARNING  | src.data.downloader            | [EDN] no data downloaded
2026-05-24 12:34:36 | WARNING  | src.data.downloader            | [LOMA] no data downloaded
2026-05-24 12:34:36 | WARNING  | src.data.downloader            | [CRESY] no data downloaded
2026-05-24 12:34:36 | WARNING  | src.data.downloader            | [IRS] no data downloaded
2026-05-24 12:34:37 | ERROR    | yfinance                       | $^MERV: possibly delisted; no price data found  (1wk 2026-01-03 -> 2025-02-28) (Yahoo error = "Invalid input - start date cannot be after end date. startDate = 1767409200, endDate = 1740711600")
2026-05-24 12:34:37 | WARNING  | src.data.downloader            | [^MERV] yfinance returned empty DataFrame
2026-05-24 12:34:37 | ERROR    | yfinance                       | $AL30D.BA: possibly delisted; no timezone found
2026-05-24 12:34:37 | WARNING  | src.data.scraper_al30d         | [AL30D.BA] all sources failed and no cache available
2026-05-24 12:34:37 | WARNING  | src.data.scraper_al30d         | sovereign_bond: all sources failed — returning empty series
2026-05-24 12:34:37 | WARNING  | src.data.scraper_ccl           | CCL: all sources failed — returning empty series
2026-05-24 12:34:38 | WARNING  | src.data.scraper_macro         | [macro/ipc] extending last cached value (8009.2272) to fill 2026-01-03 → 2025-02-28
2026-05-24 12:34:39 | WARNING  | src.data.scraper_macro         | [macro/embi] cache has no valid values
2026-05-24 12:34:39 | WARNING  | src.data.scraper_macro         | [macro/reservas] extending last cached value (28735.8571) to fill 2026-01-03 → 2025-02-28
2026-05-24 12:34:40 | WARNING  | src.data.scraper_macro         | [macro/tc_oficial] extending last cached value (1084.2500) to fill 2026-01-03 → 2025-02-28
2026-05-24 12:34:40 | INFO     | src.data.validator             | Coverage report [prices]
2026-05-24 12:34:40 | INFO     | src.data.validator             | ----------------------------------------------------------------------------------
2026-05-24 12:34:40 | INFO     | src.data.validator             | asset                 first_date    last_date      rows    nan    nan%  status    
2026-05-24 12:34:40 | INFO     | src.data.validator             | ----------------------------------------------------------------------------------
2026-05-24 12:34:40 | ERROR    | src.data.validator             | YPF                   MISSING       MISSING           0      0  100.00%  ERROR     
2026-05-24 12:34:40 | ERROR    | src.data.validator             | GGAL                  MISSING       MISSING           0      0  100.00%  ERROR     
2026-05-24 12:34:40 | ERROR    | src.data.validator             | BMA                   MISSING       MISSING           0      0  100.00%  ERROR     
2026-05-24 12:34:40 | ERROR    | src.data.validator             | PAM                   MISSING       MISSING           0      0  100.00%  ERROR     
2026-05-24 12:34:40 | ERROR    | src.data.validator             | TGS                   MISSING       MISSING           0      0  100.00%  ERROR     
2026-05-24 12:34:40 | ERROR    | src.data.validator             | CEPU                  MISSING       MISSING           0      0  100.00%  ERROR     
2026-05-24 12:34:40 | ERROR    | src.data.validator             | EDN                   MISSING       MISSING           0      0  100.00%  ERROR     
2026-05-24 12:34:40 | ERROR    | src.data.validator             | LOMA                  MISSING       MISSING           0      0  100.00%  ERROR     
2026-05-24 12:34:40 | ERROR    | src.data.validator             | CRESY                 MISSING       MISSING           0      0  100.00%  ERROR     
2026-05-24 12:34:40 | ERROR    | src.data.validator             | IRS                   MISSING       MISSING           0      0  100.00%  ERROR     
2026-05-24 12:34:40 | ERROR    | src.data.validator             | sovereign_bond        MISSING       MISSING           0      0  100.00%  ERROR     
2026-05-24 12:34:40 | ERROR    | src.data.validator             | merval                MISSING       MISSING           0      0  100.00%  ERROR     
2026-05-24 12:34:40 | ERROR    | src.data.validator             | ccl                   MISSING       MISSING           0      0  100.00%  ERROR     
2026-05-24 12:34:40 | INFO     | src.data.validator             | ----------------------------------------------------------------------------------
2026-05-24 12:34:40 | INFO     | src.data.validator             | Coverage report [macro]
2026-05-24 12:34:40 | INFO     | src.data.validator             | ----------------------------------------------------------------------------------
2026-05-24 12:34:40 | INFO     | src.data.validator             | asset                 first_date    last_date      rows    nan    nan%  status    
2026-05-24 12:34:40 | INFO     | src.data.validator             | ----------------------------------------------------------------------------------
2026-05-24 12:34:40 | ERROR    | src.data.validator             | ipc                   MISSING       MISSING           0      0  100.00%  ERROR     
2026-05-24 12:34:40 | ERROR    | src.data.validator             | embi                  MISSING       MISSING           0      0  100.00%  ERROR     
2026-05-24 12:34:40 | ERROR    | src.data.validator             | reservas              MISSING       MISSING           0      0  100.00%  ERROR     
2026-05-24 12:34:40 | ERROR    | src.data.validator             | tc_oficial            MISSING       MISSING           0      0  100.00%  ERROR     
2026-05-24 12:34:40 | INFO     | src.data.validator             | ----------------------------------------------------------------------------------
2026-05-24 12:34:40 | ERROR    | src.data.loader                | Live-month validation failed — data NOT appended. 15 error(s):
2026-05-24 12:34:40 | ERROR    | src.data.loader                |   [YPF] series is entirely NaN (0 rows)
2026-05-24 12:34:40 | ERROR    | src.data.loader                |   [GGAL] series is entirely NaN (0 rows)
2026-05-24 12:34:40 | ERROR    | src.data.loader                |   [BMA] series is entirely NaN (0 rows)
2026-05-24 12:34:40 | ERROR    | src.data.loader                |   [PAM] series is entirely NaN (0 rows)
2026-05-24 12:34:40 | ERROR    | src.data.loader                |   [TGS] series is entirely NaN (0 rows)
2026-05-24 12:34:40 | ERROR    | src.data.loader                |   [CEPU] series is entirely NaN (0 rows)
2026-05-24 12:34:40 | ERROR    | src.data.loader                |   [EDN] series is entirely NaN (0 rows)
2026-05-24 12:34:40 | ERROR    | src.data.loader                |   [LOMA] series is entirely NaN (0 rows)
2026-05-24 12:34:40 | ERROR    | src.data.loader                |   [CRESY] series is entirely NaN (0 rows)
2026-05-24 12:34:40 | ERROR    | src.data.loader                |   [IRS] series is entirely NaN (0 rows)
2026-05-24 12:34:40 | ERROR    | src.data.loader                |   [merval] series is entirely NaN (0 rows)
2026-05-24 12:34:40 | ERROR    | src.data.loader                |   [ccl] series is entirely NaN (0 rows)
2026-05-24 12:34:40 | ERROR    | src.data.loader                |   [ipc] series is entirely NaN (0 rows)
2026-05-24 12:34:40 | ERROR    | src.data.loader                |   [reservas] series is entirely NaN (0 rows)
2026-05-24 12:34:40 | ERROR    | src.data.loader                |   [tc_oficial] series is entirely NaN (0 rows)
2026-05-24 12:34:40 | INFO     | src.features.features          | compute_features: 846 weekly rows | 10 tickers | warm-up = 30 rows
2026-05-24 12:34:40 | WARNING  | src.nlp.nlp                    | News directory not found: data\news\2025\02 — returning 0.0 (neutral)
2026-05-24 12:34:40 | WARNING  | src.signals.regime             | _build_monthly_feature_matrix: 'embi' is entirely NaN — filling with 0.0
2026-05-24 12:34:40 | INFO     | src.signals.regime             | Regime prediction: risk_off (p=0.484) | month=2025-02 | nlp_score=0.0000
2026-05-24 12:34:40 | INFO     | src.allocation.allocator       | compute_weights: risk_off (p=0.484) | active=[BMA=1.003, CRESY=1.002, EDN=1.057, GGAL=1.039, LOMA=1.034, PAM=1.025, TGS=1.011, YPF=1.059] | excluded=[CEPU=0.980, IRS=0.996] | BMA=0.1000 CRESY=0.1000 EDN=0.1000 GGAL=0.1000 LOMA=0.1000 PAM=0.1000 TGS=0.1000 YPF=0.1000 AL30D=0.2000
2026-05-24 12:34:40 | INFO     | __main__                       | 2025-02 | risk_off (p=0.484) | nlp=0.0000 | active=8 excluded=2
2026-05-24 12:34:40 | INFO     | src.utils.utils                | [DONE]  live 2025-02 — 14.93s
2026-05-24 12:34:40 | INFO     | src.utils.utils                | [START] live 2025-03
2026-05-24 12:34:40 | INFO     | src.data.loader                | Starting live-month download: 2026-01-03 → 2025-03-31 (cutoff: 2025-03-31) | tickers: ['YPF', 'GGAL', 'BMA', 'PAM', 'TGS', 'CEPU', 'EDN', 'LOMA', 'CRESY', 'IRS']
2026-05-24 12:34:41 | ERROR    | yfinance                       | $YPF: possibly delisted; no price data found  (1wk 2026-01-03 -> 2025-03-31) (Yahoo error = "Invalid input - start date cannot be after end date. startDate = 1767416400, endDate = 1743393600")
2026-05-24 12:34:41 | WARNING  | src.data.downloader            | [YPF] yfinance returned empty DataFrame
2026-05-24 12:34:42 | ERROR    | yfinance                       | $GGAL: possibly delisted; no price data found  (1wk 2026-01-03 -> 2025-03-31) (Yahoo error = "Invalid input - start date cannot be after end date. startDate = 1767416400, endDate = 1743393600")
2026-05-24 12:34:42 | WARNING  | src.data.downloader            | [GGAL] yfinance returned empty DataFrame
2026-05-24 12:34:43 | ERROR    | yfinance                       | $BMA: possibly delisted; no price data found  (1wk 2026-01-03 -> 2025-03-31) (Yahoo error = "Invalid input - start date cannot be after end date. startDate = 1767416400, endDate = 1743393600")
2026-05-24 12:34:43 | WARNING  | src.data.downloader            | [BMA] yfinance returned empty DataFrame
2026-05-24 12:34:45 | ERROR    | yfinance                       | $PAM: possibly delisted; no price data found  (1wk 2026-01-03 -> 2025-03-31) (Yahoo error = "Invalid input - start date cannot be after end date. startDate = 1767416400, endDate = 1743393600")
2026-05-24 12:34:45 | WARNING  | src.data.downloader            | [PAM] yfinance returned empty DataFrame
2026-05-24 12:34:45 | ERROR    | yfinance                       | $TGS: possibly delisted; no price data found  (1wk 2026-01-03 -> 2025-03-31) (Yahoo error = "Invalid input - start date cannot be after end date. startDate = 1767416400, endDate = 1743393600")
2026-05-24 12:34:45 | WARNING  | src.data.downloader            | [TGS] yfinance returned empty DataFrame
2026-05-24 12:34:46 | ERROR    | yfinance                       | $CEPU: possibly delisted; no price data found  (1wk 2026-01-03 -> 2025-03-31) (Yahoo error = "Invalid input - start date cannot be after end date. startDate = 1767416400, endDate = 1743393600")
2026-05-24 12:34:46 | WARNING  | src.data.downloader            | [CEPU] yfinance returned empty DataFrame
2026-05-24 12:34:47 | ERROR    | yfinance                       | $EDN: possibly delisted; no price data found  (1wk 2026-01-03 -> 2025-03-31) (Yahoo error = "Invalid input - start date cannot be after end date. startDate = 1767416400, endDate = 1743393600")
2026-05-24 12:34:47 | WARNING  | src.data.downloader            | [EDN] yfinance returned empty DataFrame
2026-05-24 12:34:49 | ERROR    | yfinance                       | $LOMA: possibly delisted; no price data found  (1wk 2026-01-03 -> 2025-03-31) (Yahoo error = "Invalid input - start date cannot be after end date. startDate = 1767416400, endDate = 1743393600")
2026-05-24 12:34:49 | WARNING  | src.data.downloader            | [LOMA] yfinance returned empty DataFrame
2026-05-24 12:34:50 | ERROR    | yfinance                       | $CRESY: possibly delisted; no price data found  (1wk 2026-01-03 -> 2025-03-31) (Yahoo error = "Invalid input - start date cannot be after end date. startDate = 1767416400, endDate = 1743393600")
2026-05-24 12:34:50 | WARNING  | src.data.downloader            | [CRESY] yfinance returned empty DataFrame
2026-05-24 12:34:51 | ERROR    | yfinance                       | $IRS: possibly delisted; no price data found  (1wk 2026-01-03 -> 2025-03-31) (Yahoo error = "Invalid input - start date cannot be after end date. startDate = 1767416400, endDate = 1743393600")
2026-05-24 12:34:51 | WARNING  | src.data.downloader            | [IRS] yfinance returned empty DataFrame
2026-05-24 12:34:51 | WARNING  | src.data.downloader            | [YPF] no data downloaded
2026-05-24 12:34:51 | WARNING  | src.data.downloader            | [GGAL] no data downloaded
2026-05-24 12:34:51 | WARNING  | src.data.downloader            | [BMA] no data downloaded
2026-05-24 12:34:51 | WARNING  | src.data.downloader            | [PAM] no data downloaded
2026-05-24 12:34:51 | WARNING  | src.data.downloader            | [TGS] no data downloaded
2026-05-24 12:34:51 | WARNING  | src.data.downloader            | [CEPU] no data downloaded
2026-05-24 12:34:51 | WARNING  | src.data.downloader            | [EDN] no data downloaded
2026-05-24 12:34:51 | WARNING  | src.data.downloader            | [LOMA] no data downloaded
2026-05-24 12:34:51 | WARNING  | src.data.downloader            | [CRESY] no data downloaded
2026-05-24 12:34:51 | WARNING  | src.data.downloader            | [IRS] no data downloaded
2026-05-24 12:34:52 | ERROR    | yfinance                       | $^MERV: possibly delisted; no price data found  (1wk 2026-01-03 -> 2025-03-31) (Yahoo error = "Invalid input - start date cannot be after end date. startDate = 1767409200, endDate = 1743390000")
2026-05-24 12:34:52 | WARNING  | src.data.downloader            | [^MERV] yfinance returned empty DataFrame
2026-05-24 12:34:52 | ERROR    | yfinance                       | $AL30D.BA: possibly delisted; no timezone found
2026-05-24 12:34:52 | WARNING  | src.data.scraper_al30d         | [AL30D.BA] all sources failed and no cache available
2026-05-24 12:34:52 | WARNING  | src.data.scraper_al30d         | sovereign_bond: all sources failed — returning empty series
2026-05-24 12:34:52 | WARNING  | src.data.scraper_ccl           | CCL: all sources failed — returning empty series
2026-05-24 12:34:53 | WARNING  | src.data.scraper_macro         | [macro/ipc] extending last cached value (8317.9250) to fill 2026-01-03 → 2025-03-31
2026-05-24 12:34:54 | WARNING  | src.data.scraper_macro         | [macro/embi] cache has no valid values
2026-05-24 12:34:54 | WARNING  | src.data.scraper_macro         | [macro/reservas] extending last cached value (27251.2258) to fill 2026-01-03 → 2025-03-31
2026-05-24 12:34:55 | WARNING  | src.data.scraper_macro         | [macro/tc_oficial] extending last cached value (1093.5000) to fill 2026-01-03 → 2025-03-31
2026-05-24 12:34:55 | INFO     | src.data.validator             | Coverage report [prices]
2026-05-24 12:34:55 | INFO     | src.data.validator             | ----------------------------------------------------------------------------------
2026-05-24 12:34:55 | INFO     | src.data.validator             | asset                 first_date    last_date      rows    nan    nan%  status    
2026-05-24 12:34:55 | INFO     | src.data.validator             | ----------------------------------------------------------------------------------
2026-05-24 12:34:55 | ERROR    | src.data.validator             | YPF                   MISSING       MISSING           0      0  100.00%  ERROR     
2026-05-24 12:34:55 | ERROR    | src.data.validator             | GGAL                  MISSING       MISSING           0      0  100.00%  ERROR     
2026-05-24 12:34:55 | ERROR    | src.data.validator             | BMA                   MISSING       MISSING           0      0  100.00%  ERROR     
2026-05-24 12:34:55 | ERROR    | src.data.validator             | PAM                   MISSING       MISSING           0      0  100.00%  ERROR     
2026-05-24 12:34:55 | ERROR    | src.data.validator             | TGS                   MISSING       MISSING           0      0  100.00%  ERROR     
2026-05-24 12:34:55 | ERROR    | src.data.validator             | CEPU                  MISSING       MISSING           0      0  100.00%  ERROR     
2026-05-24 12:34:55 | ERROR    | src.data.validator             | EDN                   MISSING       MISSING           0      0  100.00%  ERROR     
2026-05-24 12:34:55 | ERROR    | src.data.validator             | LOMA                  MISSING       MISSING           0      0  100.00%  ERROR     
2026-05-24 12:34:55 | ERROR    | src.data.validator             | CRESY                 MISSING       MISSING           0      0  100.00%  ERROR     
2026-05-24 12:34:55 | ERROR    | src.data.validator             | IRS                   MISSING       MISSING           0      0  100.00%  ERROR     
2026-05-24 12:34:55 | ERROR    | src.data.validator             | sovereign_bond        MISSING       MISSING           0      0  100.00%  ERROR     
2026-05-24 12:34:55 | ERROR    | src.data.validator             | merval                MISSING       MISSING           0      0  100.00%  ERROR     
2026-05-24 12:34:55 | ERROR    | src.data.validator             | ccl                   MISSING       MISSING           0      0  100.00%  ERROR     
2026-05-24 12:34:55 | INFO     | src.data.validator             | ----------------------------------------------------------------------------------
2026-05-24 12:34:55 | INFO     | src.data.validator             | Coverage report [macro]
2026-05-24 12:34:55 | INFO     | src.data.validator             | ----------------------------------------------------------------------------------
2026-05-24 12:34:55 | INFO     | src.data.validator             | asset                 first_date    last_date      rows    nan    nan%  status    
2026-05-24 12:34:55 | INFO     | src.data.validator             | ----------------------------------------------------------------------------------
2026-05-24 12:34:55 | ERROR    | src.data.validator             | ipc                   MISSING       MISSING           0      0  100.00%  ERROR     
2026-05-24 12:34:55 | ERROR    | src.data.validator             | embi                  MISSING       MISSING           0      0  100.00%  ERROR     
2026-05-24 12:34:55 | ERROR    | src.data.validator             | reservas              MISSING       MISSING           0      0  100.00%  ERROR     
2026-05-24 12:34:55 | ERROR    | src.data.validator             | tc_oficial            MISSING       MISSING           0      0  100.00%  ERROR     
2026-05-24 12:34:55 | INFO     | src.data.validator             | ----------------------------------------------------------------------------------
2026-05-24 12:34:55 | ERROR    | src.data.loader                | Live-month validation failed — data NOT appended. 15 error(s):
2026-05-24 12:34:55 | ERROR    | src.data.loader                |   [YPF] series is entirely NaN (0 rows)
2026-05-24 12:34:55 | ERROR    | src.data.loader                |   [GGAL] series is entirely NaN (0 rows)
2026-05-24 12:34:55 | ERROR    | src.data.loader                |   [BMA] series is entirely NaN (0 rows)
2026-05-24 12:34:55 | ERROR    | src.data.loader                |   [PAM] series is entirely NaN (0 rows)
2026-05-24 12:34:55 | ERROR    | src.data.loader                |   [TGS] series is entirely NaN (0 rows)
2026-05-24 12:34:55 | ERROR    | src.data.loader                |   [CEPU] series is entirely NaN (0 rows)
2026-05-24 12:34:55 | ERROR    | src.data.loader                |   [EDN] series is entirely NaN (0 rows)
2026-05-24 12:34:55 | ERROR    | src.data.loader                |   [LOMA] series is entirely NaN (0 rows)
2026-05-24 12:34:55 | ERROR    | src.data.loader                |   [CRESY] series is entirely NaN (0 rows)
2026-05-24 12:34:55 | ERROR    | src.data.loader                |   [IRS] series is entirely NaN (0 rows)
2026-05-24 12:34:55 | ERROR    | src.data.loader                |   [merval] series is entirely NaN (0 rows)
2026-05-24 12:34:55 | ERROR    | src.data.loader                |   [ccl] series is entirely NaN (0 rows)
2026-05-24 12:34:55 | ERROR    | src.data.loader                |   [ipc] series is entirely NaN (0 rows)
2026-05-24 12:34:55 | ERROR    | src.data.loader                |   [reservas] series is entirely NaN (0 rows)
2026-05-24 12:34:55 | ERROR    | src.data.loader                |   [tc_oficial] series is entirely NaN (0 rows)
2026-05-24 12:34:55 | INFO     | src.features.features          | compute_features: 851 weekly rows | 10 tickers | warm-up = 30 rows
2026-05-24 12:34:55 | WARNING  | src.nlp.nlp                    | News directory not found: data\news\2025\03 — returning 0.0 (neutral)
2026-05-24 12:34:55 | WARNING  | src.signals.regime             | _build_monthly_feature_matrix: 'embi' is entirely NaN — filling with 0.0
2026-05-24 12:34:55 | INFO     | src.signals.regime             | Regime prediction: risk_off (p=0.802) | month=2025-03 | nlp_score=0.0000
2026-05-24 12:34:55 | INFO     | src.allocation.allocator       | compute_weights: risk_off (p=0.802) | active=[none] | excluded=[BMA=0.780, CEPU=0.795, CRESY=0.955, EDN=0.768, GGAL=0.832, IRS=0.907, LOMA=0.913, PAM=0.869, TGS=0.898, YPF=0.856] | AL30D=1.0000
2026-05-24 12:34:55 | INFO     | __main__                       | 2025-03 | risk_off (p=0.802) | nlp=0.0000 | active=0 excluded=10
2026-05-24 12:34:55 | INFO     | src.utils.utils                | [DONE]  live 2025-03 — 15.07s
2026-05-24 12:34:55 | INFO     | src.utils.utils                | [START] live 2025-04
2026-05-24 12:34:55 | INFO     | src.data.loader                | Starting live-month download: 2026-01-03 → 2025-04-30 (cutoff: 2025-04-30) | tickers: ['YPF', 'GGAL', 'BMA', 'PAM', 'TGS', 'CEPU', 'EDN', 'LOMA', 'CRESY', 'IRS']
2026-05-24 12:34:57 | ERROR    | yfinance                       | $YPF: possibly delisted; no price data found  (1wk 2026-01-03 -> 2025-04-30) (Yahoo error = "Invalid input - start date cannot be after end date. startDate = 1767416400, endDate = 1745985600")
2026-05-24 12:34:57 | WARNING  | src.data.downloader            | [YPF] yfinance returned empty DataFrame
2026-05-24 12:34:57 | ERROR    | yfinance                       | $GGAL: possibly delisted; no price data found  (1wk 2026-01-03 -> 2025-04-30) (Yahoo error = "Invalid input - start date cannot be after end date. startDate = 1767416400, endDate = 1745985600")
2026-05-24 12:34:57 | WARNING  | src.data.downloader            | [GGAL] yfinance returned empty DataFrame
2026-05-24 12:34:59 | ERROR    | yfinance                       | $BMA: possibly delisted; no price data found  (1wk 2026-01-03 -> 2025-04-30) (Yahoo error = "Invalid input - start date cannot be after end date. startDate = 1767416400, endDate = 1745985600")
2026-05-24 12:34:59 | WARNING  | src.data.downloader            | [BMA] yfinance returned empty DataFrame
2026-05-24 12:35:00 | ERROR    | yfinance                       | $PAM: possibly delisted; no price data found  (1wk 2026-01-03 -> 2025-04-30) (Yahoo error = "Invalid input - start date cannot be after end date. startDate = 1767416400, endDate = 1745985600")
2026-05-24 12:35:00 | WARNING  | src.data.downloader            | [PAM] yfinance returned empty DataFrame
2026-05-24 12:35:01 | ERROR    | yfinance                       | $TGS: possibly delisted; no price data found  (1wk 2026-01-03 -> 2025-04-30) (Yahoo error = "Invalid input - start date cannot be after end date. startDate = 1767416400, endDate = 1745985600")
2026-05-24 12:35:01 | WARNING  | src.data.downloader            | [TGS] yfinance returned empty DataFrame
2026-05-24 12:35:02 | ERROR    | yfinance                       | $CEPU: possibly delisted; no price data found  (1wk 2026-01-03 -> 2025-04-30) (Yahoo error = "Invalid input - start date cannot be after end date. startDate = 1767416400, endDate = 1745985600")
2026-05-24 12:35:02 | WARNING  | src.data.downloader            | [CEPU] yfinance returned empty DataFrame
2026-05-24 12:35:03 | ERROR    | yfinance                       | $EDN: possibly delisted; no price data found  (1wk 2026-01-03 -> 2025-04-30) (Yahoo error = "Invalid input - start date cannot be after end date. startDate = 1767416400, endDate = 1745985600")
2026-05-24 12:35:03 | WARNING  | src.data.downloader            | [EDN] yfinance returned empty DataFrame
2026-05-24 12:35:04 | ERROR    | yfinance                       | $LOMA: possibly delisted; no price data found  (1wk 2026-01-03 -> 2025-04-30) (Yahoo error = "Invalid input - start date cannot be after end date. startDate = 1767416400, endDate = 1745985600")
2026-05-24 12:35:04 | WARNING  | src.data.downloader            | [LOMA] yfinance returned empty DataFrame
2026-05-24 12:35:05 | ERROR    | yfinance                       | $CRESY: possibly delisted; no price data found  (1wk 2026-01-03 -> 2025-04-30) (Yahoo error = "Invalid input - start date cannot be after end date. startDate = 1767416400, endDate = 1745985600")
2026-05-24 12:35:05 | WARNING  | src.data.downloader            | [CRESY] yfinance returned empty DataFrame
2026-05-24 12:35:06 | ERROR    | yfinance                       | $IRS: possibly delisted; no price data found  (1wk 2026-01-03 -> 2025-04-30) (Yahoo error = "Invalid input - start date cannot be after end date. startDate = 1767416400, endDate = 1745985600")
2026-05-24 12:35:06 | WARNING  | src.data.downloader            | [IRS] yfinance returned empty DataFrame
2026-05-24 12:35:06 | WARNING  | src.data.downloader            | [YPF] no data downloaded
2026-05-24 12:35:06 | WARNING  | src.data.downloader            | [GGAL] no data downloaded
2026-05-24 12:35:06 | WARNING  | src.data.downloader            | [BMA] no data downloaded
2026-05-24 12:35:06 | WARNING  | src.data.downloader            | [PAM] no data downloaded
2026-05-24 12:35:06 | WARNING  | src.data.downloader            | [TGS] no data downloaded
2026-05-24 12:35:06 | WARNING  | src.data.downloader            | [CEPU] no data downloaded
2026-05-24 12:35:06 | WARNING  | src.data.downloader            | [EDN] no data downloaded
2026-05-24 12:35:06 | WARNING  | src.data.downloader            | [LOMA] no data downloaded
2026-05-24 12:35:06 | WARNING  | src.data.downloader            | [CRESY] no data downloaded
2026-05-24 12:35:06 | WARNING  | src.data.downloader            | [IRS] no data downloaded
2026-05-24 12:35:07 | ERROR    | yfinance                       | $^MERV: possibly delisted; no price data found  (1wk 2026-01-03 -> 2025-04-30) (Yahoo error = "Invalid input - start date cannot be after end date. startDate = 1767409200, endDate = 1745982000")
2026-05-24 12:35:07 | WARNING  | src.data.downloader            | [^MERV] yfinance returned empty DataFrame
2026-05-24 12:35:07 | ERROR    | yfinance                       | $AL30D.BA: possibly delisted; no timezone found
2026-05-24 12:35:07 | WARNING  | src.data.scraper_al30d         | [AL30D.BA] all sources failed and no cache available
2026-05-24 12:35:07 | WARNING  | src.data.scraper_al30d         | sovereign_bond: all sources failed — returning empty series
2026-05-24 12:35:07 | WARNING  | src.data.scraper_ccl           | CCL: all sources failed — returning empty series
2026-05-24 12:35:08 | WARNING  | src.data.scraper_macro         | [macro/ipc] extending last cached value (8547.3129) to fill 2026-01-03 → 2025-04-30
2026-05-24 12:35:09 | WARNING  | src.data.scraper_macro         | [macro/embi] cache has no valid values
2026-05-24 12:35:09 | WARNING  | src.data.scraper_macro         | [macro/reservas] extending last cached value (32301.2000) to fill 2026-01-03 → 2025-04-30
2026-05-24 12:35:10 | WARNING  | src.data.scraper_macro         | [macro/tc_oficial] extending last cached value (1190.0000) to fill 2026-01-03 → 2025-04-30
2026-05-24 12:35:10 | INFO     | src.data.validator             | Coverage report [prices]
2026-05-24 12:35:10 | INFO     | src.data.validator             | ----------------------------------------------------------------------------------
2026-05-24 12:35:10 | INFO     | src.data.validator             | asset                 first_date    last_date      rows    nan    nan%  status    
2026-05-24 12:35:10 | INFO     | src.data.validator             | ----------------------------------------------------------------------------------
2026-05-24 12:35:10 | ERROR    | src.data.validator             | YPF                   MISSING       MISSING           0      0  100.00%  ERROR     
2026-05-24 12:35:10 | ERROR    | src.data.validator             | GGAL                  MISSING       MISSING           0      0  100.00%  ERROR     
2026-05-24 12:35:10 | ERROR    | src.data.validator             | BMA                   MISSING       MISSING           0      0  100.00%  ERROR     
2026-05-24 12:35:10 | ERROR    | src.data.validator             | PAM                   MISSING       MISSING           0      0  100.00%  ERROR     
2026-05-24 12:35:10 | ERROR    | src.data.validator             | TGS                   MISSING       MISSING           0      0  100.00%  ERROR     
2026-05-24 12:35:10 | ERROR    | src.data.validator             | CEPU                  MISSING       MISSING           0      0  100.00%  ERROR     
2026-05-24 12:35:10 | ERROR    | src.data.validator             | EDN                   MISSING       MISSING           0      0  100.00%  ERROR     
2026-05-24 12:35:10 | ERROR    | src.data.validator             | LOMA                  MISSING       MISSING           0      0  100.00%  ERROR     
2026-05-24 12:35:10 | ERROR    | src.data.validator             | CRESY                 MISSING       MISSING           0      0  100.00%  ERROR     
2026-05-24 12:35:10 | ERROR    | src.data.validator             | IRS                   MISSING       MISSING           0      0  100.00%  ERROR     
2026-05-24 12:35:10 | ERROR    | src.data.validator             | sovereign_bond        MISSING       MISSING           0      0  100.00%  ERROR     
2026-05-24 12:35:10 | ERROR    | src.data.validator             | merval                MISSING       MISSING           0      0  100.00%  ERROR     
2026-05-24 12:35:10 | ERROR    | src.data.validator             | ccl                   MISSING       MISSING           0      0  100.00%  ERROR     
2026-05-24 12:35:10 | INFO     | src.data.validator             | ----------------------------------------------------------------------------------
2026-05-24 12:35:10 | INFO     | src.data.validator             | Coverage report [macro]
2026-05-24 12:35:10 | INFO     | src.data.validator             | ----------------------------------------------------------------------------------
2026-05-24 12:35:10 | INFO     | src.data.validator             | asset                 first_date    last_date      rows    nan    nan%  status    
2026-05-24 12:35:10 | INFO     | src.data.validator             | ----------------------------------------------------------------------------------
2026-05-24 12:35:10 | ERROR    | src.data.validator             | ipc                   MISSING       MISSING           0      0  100.00%  ERROR     
2026-05-24 12:35:10 | ERROR    | src.data.validator             | embi                  MISSING       MISSING           0      0  100.00%  ERROR     
2026-05-24 12:35:10 | ERROR    | src.data.validator             | reservas              MISSING       MISSING           0      0  100.00%  ERROR     
2026-05-24 12:35:10 | ERROR    | src.data.validator             | tc_oficial            MISSING       MISSING           0      0  100.00%  ERROR     
2026-05-24 12:35:10 | INFO     | src.data.validator             | ----------------------------------------------------------------------------------
2026-05-24 12:35:10 | ERROR    | src.data.loader                | Live-month validation failed — data NOT appended. 15 error(s):
2026-05-24 12:35:10 | ERROR    | src.data.loader                |   [YPF] series is entirely NaN (0 rows)
2026-05-24 12:35:10 | ERROR    | src.data.loader                |   [GGAL] series is entirely NaN (0 rows)
2026-05-24 12:35:10 | ERROR    | src.data.loader                |   [BMA] series is entirely NaN (0 rows)
2026-05-24 12:35:10 | ERROR    | src.data.loader                |   [PAM] series is entirely NaN (0 rows)
2026-05-24 12:35:10 | ERROR    | src.data.loader                |   [TGS] series is entirely NaN (0 rows)
2026-05-24 12:35:10 | ERROR    | src.data.loader                |   [CEPU] series is entirely NaN (0 rows)
2026-05-24 12:35:10 | ERROR    | src.data.loader                |   [EDN] series is entirely NaN (0 rows)
2026-05-24 12:35:10 | ERROR    | src.data.loader                |   [LOMA] series is entirely NaN (0 rows)
2026-05-24 12:35:10 | ERROR    | src.data.loader                |   [CRESY] series is entirely NaN (0 rows)
2026-05-24 12:35:10 | ERROR    | src.data.loader                |   [IRS] series is entirely NaN (0 rows)
2026-05-24 12:35:10 | ERROR    | src.data.loader                |   [merval] series is entirely NaN (0 rows)
2026-05-24 12:35:10 | ERROR    | src.data.loader                |   [ccl] series is entirely NaN (0 rows)
2026-05-24 12:35:10 | ERROR    | src.data.loader                |   [ipc] series is entirely NaN (0 rows)
2026-05-24 12:35:10 | ERROR    | src.data.loader                |   [reservas] series is entirely NaN (0 rows)
2026-05-24 12:35:10 | ERROR    | src.data.loader                |   [tc_oficial] series is entirely NaN (0 rows)
2026-05-24 12:35:10 | INFO     | src.features.features          | compute_features: 855 weekly rows | 10 tickers | warm-up = 30 rows
2026-05-24 12:35:10 | WARNING  | src.nlp.nlp                    | News directory not found: data\news\2025\04 — returning 0.0 (neutral)
2026-05-24 12:35:10 | WARNING  | src.signals.regime             | _build_monthly_feature_matrix: 'embi' is entirely NaN — filling with 0.0
2026-05-24 12:35:10 | INFO     | src.signals.regime             | Regime prediction: risk_off (p=0.666) | month=2025-04 | nlp_score=0.0000
2026-05-24 12:35:10 | INFO     | src.allocation.allocator       | compute_weights: risk_off (p=0.666) | active=[GGAL=1.010, LOMA=1.007] | excluded=[BMA=0.992, CEPU=0.826, CRESY=0.959, EDN=0.846, IRS=0.979, PAM=0.883, TGS=0.941, YPF=0.825] | GGAL=0.4000 LOMA=0.4000 AL30D=0.2000
2026-05-24 12:35:10 | INFO     | __main__                       | 2025-04 | risk_off (p=0.666) | nlp=0.0000 | active=2 excluded=8
2026-05-24 12:35:10 | INFO     | src.utils.utils                | [DONE]  live 2025-04 — 14.98s
2026-05-24 12:35:10 | INFO     | src.utils.utils                | [START] live 2025-05
2026-05-24 12:35:10 | INFO     | src.data.loader                | Starting live-month download: 2026-01-03 → 2025-05-31 (cutoff: 2025-05-31) | tickers: ['YPF', 'GGAL', 'BMA', 'PAM', 'TGS', 'CEPU', 'EDN', 'LOMA', 'CRESY', 'IRS']
2026-05-24 12:35:11 | ERROR    | yfinance                       | $YPF: possibly delisted; no price data found  (1wk 2026-01-03 -> 2025-05-31) (Yahoo error = "Invalid input - start date cannot be after end date. startDate = 1767416400, endDate = 1748664000")
2026-05-24 12:35:11 | WARNING  | src.data.downloader            | [YPF] yfinance returned empty DataFrame
2026-05-24 12:35:13 | ERROR    | yfinance                       | $GGAL: possibly delisted; no price data found  (1wk 2026-01-03 -> 2025-05-31) (Yahoo error = "Invalid input - start date cannot be after end date. startDate = 1767416400, endDate = 1748664000")
2026-05-24 12:35:13 | WARNING  | src.data.downloader            | [GGAL] yfinance returned empty DataFrame
2026-05-24 12:35:14 | ERROR    | yfinance                       | $BMA: possibly delisted; no price data found  (1wk 2026-01-03 -> 2025-05-31) (Yahoo error = "Invalid input - start date cannot be after end date. startDate = 1767416400, endDate = 1748664000")
2026-05-24 12:35:14 | WARNING  | src.data.downloader            | [BMA] yfinance returned empty DataFrame
2026-05-24 12:35:15 | ERROR    | yfinance                       | $PAM: possibly delisted; no price data found  (1wk 2026-01-03 -> 2025-05-31) (Yahoo error = "Invalid input - start date cannot be after end date. startDate = 1767416400, endDate = 1748664000")
2026-05-24 12:35:15 | WARNING  | src.data.downloader            | [PAM] yfinance returned empty DataFrame
2026-05-24 12:35:16 | ERROR    | yfinance                       | $TGS: possibly delisted; no price data found  (1wk 2026-01-03 -> 2025-05-31) (Yahoo error = "Invalid input - start date cannot be after end date. startDate = 1767416400, endDate = 1748664000")
2026-05-24 12:35:16 | WARNING  | src.data.downloader            | [TGS] yfinance returned empty DataFrame
2026-05-24 12:35:17 | ERROR    | yfinance                       | $CEPU: possibly delisted; no price data found  (1wk 2026-01-03 -> 2025-05-31) (Yahoo error = "Invalid input - start date cannot be after end date. startDate = 1767416400, endDate = 1748664000")
2026-05-24 12:35:17 | WARNING  | src.data.downloader            | [CEPU] yfinance returned empty DataFrame
2026-05-24 12:35:18 | ERROR    | yfinance                       | $EDN: possibly delisted; no price data found  (1wk 2026-01-03 -> 2025-05-31) (Yahoo error = "Invalid input - start date cannot be after end date. startDate = 1767416400, endDate = 1748664000")
2026-05-24 12:35:18 | WARNING  | src.data.downloader            | [EDN] yfinance returned empty DataFrame
2026-05-24 12:35:19 | ERROR    | yfinance                       | $LOMA: possibly delisted; no price data found  (1wk 2026-01-03 -> 2025-05-31) (Yahoo error = "Invalid input - start date cannot be after end date. startDate = 1767416400, endDate = 1748664000")
2026-05-24 12:35:19 | WARNING  | src.data.downloader            | [LOMA] yfinance returned empty DataFrame
2026-05-24 12:35:20 | ERROR    | yfinance                       | $CRESY: possibly delisted; no price data found  (1wk 2026-01-03 -> 2025-05-31) (Yahoo error = "Invalid input - start date cannot be after end date. startDate = 1767416400, endDate = 1748664000")
2026-05-24 12:35:20 | WARNING  | src.data.downloader            | [CRESY] yfinance returned empty DataFrame
2026-05-24 12:35:21 | ERROR    | yfinance                       | $IRS: possibly delisted; no price data found  (1wk 2026-01-03 -> 2025-05-31) (Yahoo error = "Invalid input - start date cannot be after end date. startDate = 1767416400, endDate = 1748664000")
2026-05-24 12:35:21 | WARNING  | src.data.downloader            | [IRS] yfinance returned empty DataFrame
2026-05-24 12:35:21 | WARNING  | src.data.downloader            | [YPF] no data downloaded
2026-05-24 12:35:21 | WARNING  | src.data.downloader            | [GGAL] no data downloaded
2026-05-24 12:35:21 | WARNING  | src.data.downloader            | [BMA] no data downloaded
2026-05-24 12:35:21 | WARNING  | src.data.downloader            | [PAM] no data downloaded
2026-05-24 12:35:21 | WARNING  | src.data.downloader            | [TGS] no data downloaded
2026-05-24 12:35:21 | WARNING  | src.data.downloader            | [CEPU] no data downloaded
2026-05-24 12:35:21 | WARNING  | src.data.downloader            | [EDN] no data downloaded
2026-05-24 12:35:21 | WARNING  | src.data.downloader            | [LOMA] no data downloaded
2026-05-24 12:35:21 | WARNING  | src.data.downloader            | [CRESY] no data downloaded
2026-05-24 12:35:21 | WARNING  | src.data.downloader            | [IRS] no data downloaded
2026-05-24 12:35:22 | ERROR    | yfinance                       | $^MERV: possibly delisted; no price data found  (1wk 2026-01-03 -> 2025-05-31) (Yahoo error = "Invalid input - start date cannot be after end date. startDate = 1767409200, endDate = 1748660400")
2026-05-24 12:35:22 | WARNING  | src.data.downloader            | [^MERV] yfinance returned empty DataFrame
2026-05-24 12:35:22 | ERROR    | yfinance                       | $AL30D.BA: possibly delisted; no timezone found
2026-05-24 12:35:22 | WARNING  | src.data.scraper_al30d         | [AL30D.BA] all sources failed and no cache available
2026-05-24 12:35:22 | WARNING  | src.data.scraper_al30d         | sovereign_bond: all sources failed — returning empty series
2026-05-24 12:35:23 | WARNING  | src.data.scraper_ccl           | CCL: all sources failed — returning empty series
2026-05-24 12:35:23 | WARNING  | src.data.scraper_macro         | [macro/ipc] extending last cached value (8547.3129) to fill 2026-01-03 → 2025-05-31
2026-05-24 12:35:24 | WARNING  | src.data.scraper_macro         | [macro/embi] cache has no valid values
2026-05-24 12:35:24 | WARNING  | src.data.scraper_macro         | [macro/reservas] extending last cached value (32301.2000) to fill 2026-01-03 → 2025-05-31
2026-05-24 12:35:26 | WARNING  | src.data.scraper_macro         | [macro/tc_oficial] extending last cached value (1200.0000) to fill 2026-01-03 → 2025-05-31
2026-05-24 12:35:26 | INFO     | src.data.validator             | Coverage report [prices]
2026-05-24 12:35:26 | INFO     | src.data.validator             | ----------------------------------------------------------------------------------
2026-05-24 12:35:26 | INFO     | src.data.validator             | asset                 first_date    last_date      rows    nan    nan%  status    
2026-05-24 12:35:26 | INFO     | src.data.validator             | ----------------------------------------------------------------------------------
2026-05-24 12:35:26 | ERROR    | src.data.validator             | YPF                   MISSING       MISSING           0      0  100.00%  ERROR     
2026-05-24 12:35:26 | ERROR    | src.data.validator             | GGAL                  MISSING       MISSING           0      0  100.00%  ERROR     
2026-05-24 12:35:26 | ERROR    | src.data.validator             | BMA                   MISSING       MISSING           0      0  100.00%  ERROR     
2026-05-24 12:35:26 | ERROR    | src.data.validator             | PAM                   MISSING       MISSING           0      0  100.00%  ERROR     
2026-05-24 12:35:26 | ERROR    | src.data.validator             | TGS                   MISSING       MISSING           0      0  100.00%  ERROR     
2026-05-24 12:35:26 | ERROR    | src.data.validator             | CEPU                  MISSING       MISSING           0      0  100.00%  ERROR     
2026-05-24 12:35:26 | ERROR    | src.data.validator             | EDN                   MISSING       MISSING           0      0  100.00%  ERROR     
2026-05-24 12:35:26 | ERROR    | src.data.validator             | LOMA                  MISSING       MISSING           0      0  100.00%  ERROR     
2026-05-24 12:35:26 | ERROR    | src.data.validator             | CRESY                 MISSING       MISSING           0      0  100.00%  ERROR     
2026-05-24 12:35:26 | ERROR    | src.data.validator             | IRS                   MISSING       MISSING           0      0  100.00%  ERROR     
2026-05-24 12:35:26 | ERROR    | src.data.validator             | sovereign_bond        MISSING       MISSING           0      0  100.00%  ERROR     
2026-05-24 12:35:26 | ERROR    | src.data.validator             | merval                MISSING       MISSING           0      0  100.00%  ERROR     
2026-05-24 12:35:26 | ERROR    | src.data.validator             | ccl                   MISSING       MISSING           0      0  100.00%  ERROR     
2026-05-24 12:35:26 | INFO     | src.data.validator             | ----------------------------------------------------------------------------------
2026-05-24 12:35:26 | INFO     | src.data.validator             | Coverage report [macro]
2026-05-24 12:35:26 | INFO     | src.data.validator             | ----------------------------------------------------------------------------------
2026-05-24 12:35:26 | INFO     | src.data.validator             | asset                 first_date    last_date      rows    nan    nan%  status    
2026-05-24 12:35:26 | INFO     | src.data.validator             | ----------------------------------------------------------------------------------
2026-05-24 12:35:26 | ERROR    | src.data.validator             | ipc                   MISSING       MISSING           0      0  100.00%  ERROR     
2026-05-24 12:35:26 | ERROR    | src.data.validator             | embi                  MISSING       MISSING           0      0  100.00%  ERROR     
2026-05-24 12:35:26 | ERROR    | src.data.validator             | reservas              MISSING       MISSING           0      0  100.00%  ERROR     
2026-05-24 12:35:26 | ERROR    | src.data.validator             | tc_oficial            MISSING       MISSING           0      0  100.00%  ERROR     
2026-05-24 12:35:26 | INFO     | src.data.validator             | ----------------------------------------------------------------------------------
2026-05-24 12:35:26 | ERROR    | src.data.loader                | Live-month validation failed — data NOT appended. 15 error(s):
2026-05-24 12:35:26 | ERROR    | src.data.loader                |   [YPF] series is entirely NaN (0 rows)
2026-05-24 12:35:26 | ERROR    | src.data.loader                |   [GGAL] series is entirely NaN (0 rows)
2026-05-24 12:35:26 | ERROR    | src.data.loader                |   [BMA] series is entirely NaN (0 rows)
2026-05-24 12:35:26 | ERROR    | src.data.loader                |   [PAM] series is entirely NaN (0 rows)
2026-05-24 12:35:26 | ERROR    | src.data.loader                |   [TGS] series is entirely NaN (0 rows)
2026-05-24 12:35:26 | ERROR    | src.data.loader                |   [CEPU] series is entirely NaN (0 rows)
2026-05-24 12:35:26 | ERROR    | src.data.loader                |   [EDN] series is entirely NaN (0 rows)
2026-05-24 12:35:26 | ERROR    | src.data.loader                |   [LOMA] series is entirely NaN (0 rows)
2026-05-24 12:35:26 | ERROR    | src.data.loader                |   [CRESY] series is entirely NaN (0 rows)
2026-05-24 12:35:26 | ERROR    | src.data.loader                |   [IRS] series is entirely NaN (0 rows)
2026-05-24 12:35:26 | ERROR    | src.data.loader                |   [merval] series is entirely NaN (0 rows)
2026-05-24 12:35:26 | ERROR    | src.data.loader                |   [ccl] series is entirely NaN (0 rows)
2026-05-24 12:35:26 | ERROR    | src.data.loader                |   [ipc] series is entirely NaN (0 rows)
2026-05-24 12:35:26 | ERROR    | src.data.loader                |   [reservas] series is entirely NaN (0 rows)
2026-05-24 12:35:26 | ERROR    | src.data.loader                |   [tc_oficial] series is entirely NaN (0 rows)
2026-05-24 12:35:26 | INFO     | src.features.features          | compute_features: 859 weekly rows | 10 tickers | warm-up = 30 rows
2026-05-24 12:35:26 | WARNING  | src.nlp.nlp                    | News directory not found: data\news\2025\05 — returning 0.0 (neutral)
2026-05-24 12:35:26 | WARNING  | src.signals.regime             | _build_monthly_feature_matrix: 'embi' is entirely NaN — filling with 0.0
2026-05-24 12:35:26 | INFO     | src.signals.regime             | Regime prediction: risk_on (p=0.997) | month=2025-05 | nlp_score=0.0000
2026-05-24 12:35:26 | INFO     | src.allocation.allocator       | compute_weights: risk_on (p=0.997) | active=[CEPU=1.002, CRESY=1.013, IRS=1.037, LOMA=1.095, TGS=1.001] | excluded=[BMA=0.930, EDN=0.903, GGAL=0.954, PAM=0.936, YPF=0.947] | CEPU=0.2000 CRESY=0.2000 IRS=0.2000 LOMA=0.2000 TGS=0.2000
2026-05-24 12:35:26 | INFO     | __main__                       | 2025-05 | risk_on (p=0.997) | nlp=0.0000 | active=5 excluded=5
2026-05-24 12:35:26 | INFO     | src.utils.utils                | [DONE]  live 2025-05 — 15.14s
2026-05-24 12:35:26 | INFO     | src.utils.utils                | [START] live 2025-06
2026-05-24 12:35:26 | INFO     | src.data.loader                | Starting live-month download: 2026-01-03 → 2025-06-30 (cutoff: 2025-06-30) | tickers: ['YPF', 'GGAL', 'BMA', 'PAM', 'TGS', 'CEPU', 'EDN', 'LOMA', 'CRESY', 'IRS']
2026-05-24 12:35:27 | ERROR    | yfinance                       | $YPF: possibly delisted; no price data found  (1wk 2026-01-03 -> 2025-06-30) (Yahoo error = "Invalid input - start date cannot be after end date. startDate = 1767416400, endDate = 1751256000")
2026-05-24 12:35:27 | WARNING  | src.data.downloader            | [YPF] yfinance returned empty DataFrame
2026-05-24 12:35:28 | ERROR    | yfinance                       | $GGAL: possibly delisted; no price data found  (1wk 2026-01-03 -> 2025-06-30) (Yahoo error = "Invalid input - start date cannot be after end date. startDate = 1767416400, endDate = 1751256000")
2026-05-24 12:35:28 | WARNING  | src.data.downloader            | [GGAL] yfinance returned empty DataFrame
2026-05-24 12:35:29 | ERROR    | yfinance                       | $BMA: possibly delisted; no price data found  (1wk 2026-01-03 -> 2025-06-30) (Yahoo error = "Invalid input - start date cannot be after end date. startDate = 1767416400, endDate = 1751256000")
2026-05-24 12:35:29 | WARNING  | src.data.downloader            | [BMA] yfinance returned empty DataFrame
2026-05-24 12:35:30 | ERROR    | yfinance                       | $PAM: possibly delisted; no price data found  (1wk 2026-01-03 -> 2025-06-30) (Yahoo error = "Invalid input - start date cannot be after end date. startDate = 1767416400, endDate = 1751256000")
2026-05-24 12:35:30 | WARNING  | src.data.downloader            | [PAM] yfinance returned empty DataFrame
2026-05-24 12:35:31 | ERROR    | yfinance                       | $TGS: possibly delisted; no price data found  (1wk 2026-01-03 -> 2025-06-30) (Yahoo error = "Invalid input - start date cannot be after end date. startDate = 1767416400, endDate = 1751256000")
2026-05-24 12:35:31 | WARNING  | src.data.downloader            | [TGS] yfinance returned empty DataFrame
2026-05-24 12:35:32 | ERROR    | yfinance                       | $CEPU: possibly delisted; no price data found  (1wk 2026-01-03 -> 2025-06-30) (Yahoo error = "Invalid input - start date cannot be after end date. startDate = 1767416400, endDate = 1751256000")
2026-05-24 12:35:32 | WARNING  | src.data.downloader            | [CEPU] yfinance returned empty DataFrame
2026-05-24 12:35:33 | ERROR    | yfinance                       | $EDN: possibly delisted; no price data found  (1wk 2026-01-03 -> 2025-06-30) (Yahoo error = "Invalid input - start date cannot be after end date. startDate = 1767416400, endDate = 1751256000")
2026-05-24 12:35:33 | WARNING  | src.data.downloader            | [EDN] yfinance returned empty DataFrame
2026-05-24 12:35:34 | ERROR    | yfinance                       | $LOMA: possibly delisted; no price data found  (1wk 2026-01-03 -> 2025-06-30) (Yahoo error = "Invalid input - start date cannot be after end date. startDate = 1767416400, endDate = 1751256000")
2026-05-24 12:35:34 | WARNING  | src.data.downloader            | [LOMA] yfinance returned empty DataFrame
2026-05-24 12:35:35 | ERROR    | yfinance                       | $CRESY: possibly delisted; no price data found  (1wk 2026-01-03 -> 2025-06-30) (Yahoo error = "Invalid input - start date cannot be after end date. startDate = 1767416400, endDate = 1751256000")
2026-05-24 12:35:35 | WARNING  | src.data.downloader            | [CRESY] yfinance returned empty DataFrame
2026-05-24 12:35:36 | ERROR    | yfinance                       | $IRS: possibly delisted; no price data found  (1wk 2026-01-03 -> 2025-06-30) (Yahoo error = "Invalid input - start date cannot be after end date. startDate = 1767416400, endDate = 1751256000")
2026-05-24 12:35:36 | WARNING  | src.data.downloader            | [IRS] yfinance returned empty DataFrame
2026-05-24 12:35:36 | WARNING  | src.data.downloader            | [YPF] no data downloaded
2026-05-24 12:35:36 | WARNING  | src.data.downloader            | [GGAL] no data downloaded
2026-05-24 12:35:36 | WARNING  | src.data.downloader            | [BMA] no data downloaded
2026-05-24 12:35:36 | WARNING  | src.data.downloader            | [PAM] no data downloaded
2026-05-24 12:35:36 | WARNING  | src.data.downloader            | [TGS] no data downloaded
2026-05-24 12:35:36 | WARNING  | src.data.downloader            | [CEPU] no data downloaded
2026-05-24 12:35:36 | WARNING  | src.data.downloader            | [EDN] no data downloaded
2026-05-24 12:35:36 | WARNING  | src.data.downloader            | [LOMA] no data downloaded
2026-05-24 12:35:36 | WARNING  | src.data.downloader            | [CRESY] no data downloaded
2026-05-24 12:35:36 | WARNING  | src.data.downloader            | [IRS] no data downloaded
2026-05-24 12:35:37 | ERROR    | yfinance                       | $^MERV: possibly delisted; no price data found  (1wk 2026-01-03 -> 2025-06-30) (Yahoo error = "Invalid input - start date cannot be after end date. startDate = 1767409200, endDate = 1751252400")
2026-05-24 12:35:37 | WARNING  | src.data.downloader            | [^MERV] yfinance returned empty DataFrame
2026-05-24 12:35:37 | ERROR    | yfinance                       | $AL30D.BA: possibly delisted; no timezone found
2026-05-24 12:35:37 | WARNING  | src.data.scraper_al30d         | [AL30D.BA] all sources failed and no cache available
2026-05-24 12:35:37 | WARNING  | src.data.scraper_al30d         | sovereign_bond: all sources failed — returning empty series
2026-05-24 12:35:38 | WARNING  | src.data.scraper_ccl           | CCL: all sources failed — returning empty series
2026-05-24 12:35:38 | WARNING  | src.data.scraper_macro         | [macro/ipc] extending last cached value (8851.2214) to fill 2026-01-03 → 2025-06-30
2026-05-24 12:35:39 | WARNING  | src.data.scraper_macro         | [macro/embi] cache has no valid values
2026-05-24 12:35:40 | WARNING  | src.data.scraper_macro         | [macro/reservas] extending last cached value (39759.5333) to fill 2026-01-03 → 2025-06-30
2026-05-24 12:35:41 | WARNING  | src.data.scraper_macro         | [macro/tc_oficial] extending last cached value (1215.0000) to fill 2026-01-03 → 2025-06-30
2026-05-24 12:35:41 | INFO     | src.data.validator             | Coverage report [prices]
2026-05-24 12:35:41 | INFO     | src.data.validator             | ----------------------------------------------------------------------------------
2026-05-24 12:35:41 | INFO     | src.data.validator             | asset                 first_date    last_date      rows    nan    nan%  status    
2026-05-24 12:35:41 | INFO     | src.data.validator             | ----------------------------------------------------------------------------------
2026-05-24 12:35:41 | ERROR    | src.data.validator             | YPF                   MISSING       MISSING           0      0  100.00%  ERROR     
2026-05-24 12:35:41 | ERROR    | src.data.validator             | GGAL                  MISSING       MISSING           0      0  100.00%  ERROR     
2026-05-24 12:35:41 | ERROR    | src.data.validator             | BMA                   MISSING       MISSING           0      0  100.00%  ERROR     
2026-05-24 12:35:41 | ERROR    | src.data.validator             | PAM                   MISSING       MISSING           0      0  100.00%  ERROR     
2026-05-24 12:35:41 | ERROR    | src.data.validator             | TGS                   MISSING       MISSING           0      0  100.00%  ERROR     
2026-05-24 12:35:41 | ERROR    | src.data.validator             | CEPU                  MISSING       MISSING           0      0  100.00%  ERROR     
2026-05-24 12:35:41 | ERROR    | src.data.validator             | EDN                   MISSING       MISSING           0      0  100.00%  ERROR     
2026-05-24 12:35:41 | ERROR    | src.data.validator             | LOMA                  MISSING       MISSING           0      0  100.00%  ERROR     
2026-05-24 12:35:41 | ERROR    | src.data.validator             | CRESY                 MISSING       MISSING           0      0  100.00%  ERROR     
2026-05-24 12:35:41 | ERROR    | src.data.validator             | IRS                   MISSING       MISSING           0      0  100.00%  ERROR     
2026-05-24 12:35:41 | ERROR    | src.data.validator             | sovereign_bond        MISSING       MISSING           0      0  100.00%  ERROR     
2026-05-24 12:35:41 | ERROR    | src.data.validator             | merval                MISSING       MISSING           0      0  100.00%  ERROR     
2026-05-24 12:35:41 | ERROR    | src.data.validator             | ccl                   MISSING       MISSING           0      0  100.00%  ERROR     
2026-05-24 12:35:41 | INFO     | src.data.validator             | ----------------------------------------------------------------------------------
2026-05-24 12:35:41 | INFO     | src.data.validator             | Coverage report [macro]
2026-05-24 12:35:41 | INFO     | src.data.validator             | ----------------------------------------------------------------------------------
2026-05-24 12:35:41 | INFO     | src.data.validator             | asset                 first_date    last_date      rows    nan    nan%  status    
2026-05-24 12:35:41 | INFO     | src.data.validator             | ----------------------------------------------------------------------------------
2026-05-24 12:35:41 | ERROR    | src.data.validator             | ipc                   MISSING       MISSING           0      0  100.00%  ERROR     
2026-05-24 12:35:41 | ERROR    | src.data.validator             | embi                  MISSING       MISSING           0      0  100.00%  ERROR     
2026-05-24 12:35:41 | ERROR    | src.data.validator             | reservas              MISSING       MISSING           0      0  100.00%  ERROR     
2026-05-24 12:35:41 | ERROR    | src.data.validator             | tc_oficial            MISSING       MISSING           0      0  100.00%  ERROR     
2026-05-24 12:35:41 | INFO     | src.data.validator             | ----------------------------------------------------------------------------------
2026-05-24 12:35:41 | ERROR    | src.data.loader                | Live-month validation failed — data NOT appended. 15 error(s):
2026-05-24 12:35:41 | ERROR    | src.data.loader                |   [YPF] series is entirely NaN (0 rows)
2026-05-24 12:35:41 | ERROR    | src.data.loader                |   [GGAL] series is entirely NaN (0 rows)
2026-05-24 12:35:41 | ERROR    | src.data.loader                |   [BMA] series is entirely NaN (0 rows)
2026-05-24 12:35:41 | ERROR    | src.data.loader                |   [PAM] series is entirely NaN (0 rows)
2026-05-24 12:35:41 | ERROR    | src.data.loader                |   [TGS] series is entirely NaN (0 rows)
2026-05-24 12:35:41 | ERROR    | src.data.loader                |   [CEPU] series is entirely NaN (0 rows)
2026-05-24 12:35:41 | ERROR    | src.data.loader                |   [EDN] series is entirely NaN (0 rows)
2026-05-24 12:35:41 | ERROR    | src.data.loader                |   [LOMA] series is entirely NaN (0 rows)
2026-05-24 12:35:41 | ERROR    | src.data.loader                |   [CRESY] series is entirely NaN (0 rows)
2026-05-24 12:35:41 | ERROR    | src.data.loader                |   [IRS] series is entirely NaN (0 rows)
2026-05-24 12:35:41 | ERROR    | src.data.loader                |   [merval] series is entirely NaN (0 rows)
2026-05-24 12:35:41 | ERROR    | src.data.loader                |   [ccl] series is entirely NaN (0 rows)
2026-05-24 12:35:41 | ERROR    | src.data.loader                |   [ipc] series is entirely NaN (0 rows)
2026-05-24 12:35:41 | ERROR    | src.data.loader                |   [reservas] series is entirely NaN (0 rows)
2026-05-24 12:35:41 | ERROR    | src.data.loader                |   [tc_oficial] series is entirely NaN (0 rows)
2026-05-24 12:35:41 | INFO     | src.features.features          | compute_features: 864 weekly rows | 10 tickers | warm-up = 30 rows
2026-05-24 12:35:41 | WARNING  | src.nlp.nlp                    | News directory not found: data\news\2025\06 — returning 0.0 (neutral)
2026-05-24 12:35:41 | WARNING  | src.signals.regime             | _build_monthly_feature_matrix: 'embi' is entirely NaN — filling with 0.0
2026-05-24 12:35:41 | INFO     | src.signals.regime             | Regime prediction: risk_on (p=0.864) | month=2025-06 | nlp_score=0.0000
2026-05-24 12:35:41 | INFO     | src.allocation.allocator       | compute_weights: risk_on (p=0.864) | active=[IRS=1.031] | excluded=[BMA=0.789, CEPU=0.927, CRESY=0.956, EDN=0.764, GGAL=0.853, LOMA=0.979, PAM=0.901, TGS=0.977, YPF=0.884] | IRS=1.0000
2026-05-24 12:35:41 | INFO     | __main__                       | 2025-06 | risk_on (p=0.864) | nlp=0.0000 | active=1 excluded=9
2026-05-24 12:35:41 | INFO     | src.utils.utils                | [DONE]  live 2025-06 — 15.16s
2026-05-24 12:35:41 | INFO     | src.utils.utils                | [START] live 2025-07
2026-05-24 12:35:41 | INFO     | src.data.loader                | Starting live-month download: 2026-01-03 → 2025-07-31 (cutoff: 2025-07-31) | tickers: ['YPF', 'GGAL', 'BMA', 'PAM', 'TGS', 'CEPU', 'EDN', 'LOMA', 'CRESY', 'IRS']
2026-05-24 12:35:42 | ERROR    | yfinance                       | $YPF: possibly delisted; no price data found  (1wk 2026-01-03 -> 2025-07-31) (Yahoo error = "Invalid input - start date cannot be after end date. startDate = 1767416400, endDate = 1753934400")
2026-05-24 12:35:42 | WARNING  | src.data.downloader            | [YPF] yfinance returned empty DataFrame
2026-05-24 12:35:43 | ERROR    | yfinance                       | $GGAL: possibly delisted; no price data found  (1wk 2026-01-03 -> 2025-07-31) (Yahoo error = "Invalid input - start date cannot be after end date. startDate = 1767416400, endDate = 1753934400")
2026-05-24 12:35:43 | WARNING  | src.data.downloader            | [GGAL] yfinance returned empty DataFrame
2026-05-24 12:35:44 | ERROR    | yfinance                       | $BMA: possibly delisted; no price data found  (1wk 2026-01-03 -> 2025-07-31) (Yahoo error = "Invalid input - start date cannot be after end date. startDate = 1767416400, endDate = 1753934400")
2026-05-24 12:35:44 | WARNING  | src.data.downloader            | [BMA] yfinance returned empty DataFrame
2026-05-24 12:35:45 | ERROR    | yfinance                       | $PAM: possibly delisted; no price data found  (1wk 2026-01-03 -> 2025-07-31) (Yahoo error = "Invalid input - start date cannot be after end date. startDate = 1767416400, endDate = 1753934400")
2026-05-24 12:35:45 | WARNING  | src.data.downloader            | [PAM] yfinance returned empty DataFrame
2026-05-24 12:35:47 | ERROR    | yfinance                       | $TGS: possibly delisted; no price data found  (1wk 2026-01-03 -> 2025-07-31) (Yahoo error = "Invalid input - start date cannot be after end date. startDate = 1767416400, endDate = 1753934400")
2026-05-24 12:35:47 | WARNING  | src.data.downloader            | [TGS] yfinance returned empty DataFrame
2026-05-24 12:35:48 | ERROR    | yfinance                       | $CEPU: possibly delisted; no price data found  (1wk 2026-01-03 -> 2025-07-31) (Yahoo error = "Invalid input - start date cannot be after end date. startDate = 1767416400, endDate = 1753934400")
2026-05-24 12:35:48 | WARNING  | src.data.downloader            | [CEPU] yfinance returned empty DataFrame
2026-05-24 12:35:49 | ERROR    | yfinance                       | $EDN: possibly delisted; no price data found  (1wk 2026-01-03 -> 2025-07-31) (Yahoo error = "Invalid input - start date cannot be after end date. startDate = 1767416400, endDate = 1753934400")
2026-05-24 12:35:49 | WARNING  | src.data.downloader            | [EDN] yfinance returned empty DataFrame
2026-05-24 12:35:50 | ERROR    | yfinance                       | $LOMA: possibly delisted; no price data found  (1wk 2026-01-03 -> 2025-07-31) (Yahoo error = "Invalid input - start date cannot be after end date. startDate = 1767416400, endDate = 1753934400")
2026-05-24 12:35:50 | WARNING  | src.data.downloader            | [LOMA] yfinance returned empty DataFrame
2026-05-24 12:35:51 | ERROR    | yfinance                       | $CRESY: possibly delisted; no price data found  (1wk 2026-01-03 -> 2025-07-31) (Yahoo error = "Invalid input - start date cannot be after end date. startDate = 1767416400, endDate = 1753934400")
2026-05-24 12:35:51 | WARNING  | src.data.downloader            | [CRESY] yfinance returned empty DataFrame
2026-05-24 12:35:53 | ERROR    | yfinance                       | $IRS: possibly delisted; no price data found  (1wk 2026-01-03 -> 2025-07-31) (Yahoo error = "Invalid input - start date cannot be after end date. startDate = 1767416400, endDate = 1753934400")
2026-05-24 12:35:53 | WARNING  | src.data.downloader            | [IRS] yfinance returned empty DataFrame
2026-05-24 12:35:53 | WARNING  | src.data.downloader            | [YPF] no data downloaded
2026-05-24 12:35:53 | WARNING  | src.data.downloader            | [GGAL] no data downloaded
2026-05-24 12:35:53 | WARNING  | src.data.downloader            | [BMA] no data downloaded
2026-05-24 12:35:53 | WARNING  | src.data.downloader            | [PAM] no data downloaded
2026-05-24 12:35:53 | WARNING  | src.data.downloader            | [TGS] no data downloaded
2026-05-24 12:35:53 | WARNING  | src.data.downloader            | [CEPU] no data downloaded
2026-05-24 12:35:53 | WARNING  | src.data.downloader            | [EDN] no data downloaded
2026-05-24 12:35:53 | WARNING  | src.data.downloader            | [LOMA] no data downloaded
2026-05-24 12:35:53 | WARNING  | src.data.downloader            | [CRESY] no data downloaded
2026-05-24 12:35:53 | WARNING  | src.data.downloader            | [IRS] no data downloaded
2026-05-24 12:35:53 | ERROR    | yfinance                       | $^MERV: possibly delisted; no price data found  (1wk 2026-01-03 -> 2025-07-31) (Yahoo error = "Invalid input - start date cannot be after end date. startDate = 1767409200, endDate = 1753930800")
2026-05-24 12:35:53 | WARNING  | src.data.downloader            | [^MERV] yfinance returned empty DataFrame
2026-05-24 12:35:53 | ERROR    | yfinance                       | $AL30D.BA: possibly delisted; no timezone found
2026-05-24 12:35:53 | WARNING  | src.data.scraper_al30d         | [AL30D.BA] all sources failed and no cache available
2026-05-24 12:35:53 | WARNING  | src.data.scraper_al30d         | sovereign_bond: all sources failed — returning empty series
2026-05-24 12:35:54 | WARNING  | src.data.scraper_ccl           | CCL: all sources failed — returning empty series
2026-05-24 12:35:55 | WARNING  | src.data.scraper_macro         | [macro/ipc] extending last cached value (9016.5562) to fill 2026-01-03 → 2025-07-31
2026-05-24 12:35:55 | WARNING  | src.data.scraper_macro         | [macro/embi] cache has no valid values
2026-05-24 12:35:56 | WARNING  | src.data.scraper_macro         | [macro/reservas] extending last cached value (40286.0323) to fill 2026-01-03 → 2025-07-31
2026-05-24 12:35:57 | WARNING  | src.data.scraper_macro         | [macro/tc_oficial] extending last cached value (1380.0000) to fill 2026-01-03 → 2025-07-31
2026-05-24 12:35:57 | INFO     | src.data.validator             | Coverage report [prices]
2026-05-24 12:35:57 | INFO     | src.data.validator             | ----------------------------------------------------------------------------------
2026-05-24 12:35:57 | INFO     | src.data.validator             | asset                 first_date    last_date      rows    nan    nan%  status    
2026-05-24 12:35:57 | INFO     | src.data.validator             | ----------------------------------------------------------------------------------
2026-05-24 12:35:57 | ERROR    | src.data.validator             | YPF                   MISSING       MISSING           0      0  100.00%  ERROR     
2026-05-24 12:35:57 | ERROR    | src.data.validator             | GGAL                  MISSING       MISSING           0      0  100.00%  ERROR     
2026-05-24 12:35:57 | ERROR    | src.data.validator             | BMA                   MISSING       MISSING           0      0  100.00%  ERROR     
2026-05-24 12:35:57 | ERROR    | src.data.validator             | PAM                   MISSING       MISSING           0      0  100.00%  ERROR     
2026-05-24 12:35:57 | ERROR    | src.data.validator             | TGS                   MISSING       MISSING           0      0  100.00%  ERROR     
2026-05-24 12:35:57 | ERROR    | src.data.validator             | CEPU                  MISSING       MISSING           0      0  100.00%  ERROR     
2026-05-24 12:35:57 | ERROR    | src.data.validator             | EDN                   MISSING       MISSING           0      0  100.00%  ERROR     
2026-05-24 12:35:57 | ERROR    | src.data.validator             | LOMA                  MISSING       MISSING           0      0  100.00%  ERROR     
2026-05-24 12:35:57 | ERROR    | src.data.validator             | CRESY                 MISSING       MISSING           0      0  100.00%  ERROR     
2026-05-24 12:35:57 | ERROR    | src.data.validator             | IRS                   MISSING       MISSING           0      0  100.00%  ERROR     
2026-05-24 12:35:57 | ERROR    | src.data.validator             | sovereign_bond        MISSING       MISSING           0      0  100.00%  ERROR     
2026-05-24 12:35:57 | ERROR    | src.data.validator             | merval                MISSING       MISSING           0      0  100.00%  ERROR     
2026-05-24 12:35:57 | ERROR    | src.data.validator             | ccl                   MISSING       MISSING           0      0  100.00%  ERROR     
2026-05-24 12:35:57 | INFO     | src.data.validator             | ----------------------------------------------------------------------------------
2026-05-24 12:35:57 | INFO     | src.data.validator             | Coverage report [macro]
2026-05-24 12:35:57 | INFO     | src.data.validator             | ----------------------------------------------------------------------------------
2026-05-24 12:35:57 | INFO     | src.data.validator             | asset                 first_date    last_date      rows    nan    nan%  status    
2026-05-24 12:35:57 | INFO     | src.data.validator             | ----------------------------------------------------------------------------------
2026-05-24 12:35:57 | ERROR    | src.data.validator             | ipc                   MISSING       MISSING           0      0  100.00%  ERROR     
2026-05-24 12:35:57 | ERROR    | src.data.validator             | embi                  MISSING       MISSING           0      0  100.00%  ERROR     
2026-05-24 12:35:57 | ERROR    | src.data.validator             | reservas              MISSING       MISSING           0      0  100.00%  ERROR     
2026-05-24 12:35:57 | ERROR    | src.data.validator             | tc_oficial            MISSING       MISSING           0      0  100.00%  ERROR     
2026-05-24 12:35:57 | INFO     | src.data.validator             | ----------------------------------------------------------------------------------
2026-05-24 12:35:57 | ERROR    | src.data.loader                | Live-month validation failed — data NOT appended. 15 error(s):
2026-05-24 12:35:57 | ERROR    | src.data.loader                |   [YPF] series is entirely NaN (0 rows)
2026-05-24 12:35:57 | ERROR    | src.data.loader                |   [GGAL] series is entirely NaN (0 rows)
2026-05-24 12:35:57 | ERROR    | src.data.loader                |   [BMA] series is entirely NaN (0 rows)
2026-05-24 12:35:57 | ERROR    | src.data.loader                |   [PAM] series is entirely NaN (0 rows)
2026-05-24 12:35:57 | ERROR    | src.data.loader                |   [TGS] series is entirely NaN (0 rows)
2026-05-24 12:35:57 | ERROR    | src.data.loader                |   [CEPU] series is entirely NaN (0 rows)
2026-05-24 12:35:57 | ERROR    | src.data.loader                |   [EDN] series is entirely NaN (0 rows)
2026-05-24 12:35:57 | ERROR    | src.data.loader                |   [LOMA] series is entirely NaN (0 rows)
2026-05-24 12:35:57 | ERROR    | src.data.loader                |   [CRESY] series is entirely NaN (0 rows)
2026-05-24 12:35:57 | ERROR    | src.data.loader                |   [IRS] series is entirely NaN (0 rows)
2026-05-24 12:35:57 | ERROR    | src.data.loader                |   [merval] series is entirely NaN (0 rows)
2026-05-24 12:35:57 | ERROR    | src.data.loader                |   [ccl] series is entirely NaN (0 rows)
2026-05-24 12:35:57 | ERROR    | src.data.loader                |   [ipc] series is entirely NaN (0 rows)
2026-05-24 12:35:57 | ERROR    | src.data.loader                |   [reservas] series is entirely NaN (0 rows)
2026-05-24 12:35:57 | ERROR    | src.data.loader                |   [tc_oficial] series is entirely NaN (0 rows)
2026-05-24 12:35:57 | INFO     | src.features.features          | compute_features: 868 weekly rows | 10 tickers | warm-up = 30 rows
2026-05-24 12:35:57 | WARNING  | src.nlp.nlp                    | News directory not found: data\news\2025\07 — returning 0.0 (neutral)
2026-05-24 12:35:57 | WARNING  | src.signals.regime             | _build_monthly_feature_matrix: 'embi' is entirely NaN — filling with 0.0
2026-05-24 12:35:57 | INFO     | src.signals.regime             | Regime prediction: risk_on (p=0.900) | month=2025-07 | nlp_score=0.0000
2026-05-24 12:35:57 | INFO     | src.allocation.allocator       | compute_weights: risk_on (p=0.900) | active=[IRS=1.041, LOMA=1.022, TGS=1.051] | excluded=[BMA=0.835, CEPU=0.993, CRESY=0.978, EDN=0.886, GGAL=0.876, PAM=0.980, YPF=0.958] | IRS=0.3333 LOMA=0.3333 TGS=0.3333
2026-05-24 12:35:57 | INFO     | __main__                       | 2025-07 | risk_on (p=0.900) | nlp=0.0000 | active=3 excluded=7
2026-05-24 12:35:57 | INFO     | src.utils.utils                | [DONE]  live 2025-07 — 16.09s
2026-05-24 12:35:57 | INFO     | src.utils.utils                | [START] live 2025-08
2026-05-24 12:35:57 | INFO     | src.data.loader                | Starting live-month download: 2026-01-03 → 2025-08-31 (cutoff: 2025-08-31) | tickers: ['YPF', 'GGAL', 'BMA', 'PAM', 'TGS', 'CEPU', 'EDN', 'LOMA', 'CRESY', 'IRS']
2026-05-24 12:35:58 | ERROR    | yfinance                       | $YPF: possibly delisted; no price data found  (1wk 2026-01-03 -> 2025-08-31) (Yahoo error = "Invalid input - start date cannot be after end date. startDate = 1767416400, endDate = 1756612800")
2026-05-24 12:35:58 | WARNING  | src.data.downloader            | [YPF] yfinance returned empty DataFrame
2026-05-24 12:35:59 | ERROR    | yfinance                       | $GGAL: possibly delisted; no price data found  (1wk 2026-01-03 -> 2025-08-31) (Yahoo error = "Invalid input - start date cannot be after end date. startDate = 1767416400, endDate = 1756612800")
2026-05-24 12:35:59 | WARNING  | src.data.downloader            | [GGAL] yfinance returned empty DataFrame
2026-05-24 12:36:00 | ERROR    | yfinance                       | $BMA: possibly delisted; no price data found  (1wk 2026-01-03 -> 2025-08-31) (Yahoo error = "Invalid input - start date cannot be after end date. startDate = 1767416400, endDate = 1756612800")
2026-05-24 12:36:00 | WARNING  | src.data.downloader            | [BMA] yfinance returned empty DataFrame
2026-05-24 12:36:01 | ERROR    | yfinance                       | $PAM: possibly delisted; no price data found  (1wk 2026-01-03 -> 2025-08-31) (Yahoo error = "Invalid input - start date cannot be after end date. startDate = 1767416400, endDate = 1756612800")
2026-05-24 12:36:01 | WARNING  | src.data.downloader            | [PAM] yfinance returned empty DataFrame
2026-05-24 12:36:02 | ERROR    | yfinance                       | $TGS: possibly delisted; no price data found  (1wk 2026-01-03 -> 2025-08-31) (Yahoo error = "Invalid input - start date cannot be after end date. startDate = 1767416400, endDate = 1756612800")
2026-05-24 12:36:02 | WARNING  | src.data.downloader            | [TGS] yfinance returned empty DataFrame
2026-05-24 12:36:03 | ERROR    | yfinance                       | $CEPU: possibly delisted; no price data found  (1wk 2026-01-03 -> 2025-08-31) (Yahoo error = "Invalid input - start date cannot be after end date. startDate = 1767416400, endDate = 1756612800")
2026-05-24 12:36:03 | WARNING  | src.data.downloader            | [CEPU] yfinance returned empty DataFrame
2026-05-24 12:36:04 | ERROR    | yfinance                       | $EDN: possibly delisted; no price data found  (1wk 2026-01-03 -> 2025-08-31) (Yahoo error = "Invalid input - start date cannot be after end date. startDate = 1767416400, endDate = 1756612800")
2026-05-24 12:36:04 | WARNING  | src.data.downloader            | [EDN] yfinance returned empty DataFrame
2026-05-24 12:36:05 | ERROR    | yfinance                       | $LOMA: possibly delisted; no price data found  (1wk 2026-01-03 -> 2025-08-31) (Yahoo error = "Invalid input - start date cannot be after end date. startDate = 1767416400, endDate = 1756612800")
2026-05-24 12:36:05 | WARNING  | src.data.downloader            | [LOMA] yfinance returned empty DataFrame
2026-05-24 12:36:06 | ERROR    | yfinance                       | $CRESY: possibly delisted; no price data found  (1wk 2026-01-03 -> 2025-08-31) (Yahoo error = "Invalid input - start date cannot be after end date. startDate = 1767416400, endDate = 1756612800")
2026-05-24 12:36:06 | WARNING  | src.data.downloader            | [CRESY] yfinance returned empty DataFrame
2026-05-24 12:36:07 | ERROR    | yfinance                       | $IRS: possibly delisted; no price data found  (1wk 2026-01-03 -> 2025-08-31) (Yahoo error = "Invalid input - start date cannot be after end date. startDate = 1767416400, endDate = 1756612800")
2026-05-24 12:36:07 | WARNING  | src.data.downloader            | [IRS] yfinance returned empty DataFrame
2026-05-24 12:36:07 | WARNING  | src.data.downloader            | [YPF] no data downloaded
2026-05-24 12:36:07 | WARNING  | src.data.downloader            | [GGAL] no data downloaded
2026-05-24 12:36:07 | WARNING  | src.data.downloader            | [BMA] no data downloaded
2026-05-24 12:36:07 | WARNING  | src.data.downloader            | [PAM] no data downloaded
2026-05-24 12:36:07 | WARNING  | src.data.downloader            | [TGS] no data downloaded
2026-05-24 12:36:07 | WARNING  | src.data.downloader            | [CEPU] no data downloaded
2026-05-24 12:36:07 | WARNING  | src.data.downloader            | [EDN] no data downloaded
2026-05-24 12:36:07 | WARNING  | src.data.downloader            | [LOMA] no data downloaded
2026-05-24 12:36:07 | WARNING  | src.data.downloader            | [CRESY] no data downloaded
2026-05-24 12:36:07 | WARNING  | src.data.downloader            | [IRS] no data downloaded
2026-05-24 12:36:08 | ERROR    | yfinance                       | $^MERV: possibly delisted; no price data found  (1wk 2026-01-03 -> 2025-08-31) (Yahoo error = "Invalid input - start date cannot be after end date. startDate = 1767409200, endDate = 1756609200")
2026-05-24 12:36:08 | WARNING  | src.data.downloader            | [^MERV] yfinance returned empty DataFrame
2026-05-24 12:36:08 | ERROR    | yfinance                       | $AL30D.BA: possibly delisted; no timezone found
2026-05-24 12:36:08 | WARNING  | src.data.scraper_al30d         | [AL30D.BA] all sources failed and no cache available
2026-05-24 12:36:08 | WARNING  | src.data.scraper_al30d         | sovereign_bond: all sources failed — returning empty series
2026-05-24 12:36:08 | WARNING  | src.data.scraper_ccl           | CCL: all sources failed — returning empty series
2026-05-24 12:36:09 | WARNING  | src.data.scraper_macro         | [macro/ipc] extending last cached value (9016.5562) to fill 2026-01-03 → 2025-08-31
2026-05-24 12:36:09 | WARNING  | src.data.scraper_macro         | [macro/embi] cache has no valid values
2026-05-24 12:36:10 | WARNING  | src.data.scraper_macro         | [macro/reservas] extending last cached value (40286.0323) to fill 2026-01-03 → 2025-08-31
2026-05-24 12:36:11 | WARNING  | src.data.scraper_macro         | [macro/tc_oficial] extending last cached value (1360.0000) to fill 2026-01-03 → 2025-08-31
2026-05-24 12:36:11 | INFO     | src.data.validator             | Coverage report [prices]
2026-05-24 12:36:11 | INFO     | src.data.validator             | ----------------------------------------------------------------------------------
2026-05-24 12:36:11 | INFO     | src.data.validator             | asset                 first_date    last_date      rows    nan    nan%  status    
2026-05-24 12:36:11 | INFO     | src.data.validator             | ----------------------------------------------------------------------------------
2026-05-24 12:36:11 | ERROR    | src.data.validator             | YPF                   MISSING       MISSING           0      0  100.00%  ERROR     
2026-05-24 12:36:11 | ERROR    | src.data.validator             | GGAL                  MISSING       MISSING           0      0  100.00%  ERROR     
2026-05-24 12:36:11 | ERROR    | src.data.validator             | BMA                   MISSING       MISSING           0      0  100.00%  ERROR     
2026-05-24 12:36:11 | ERROR    | src.data.validator             | PAM                   MISSING       MISSING           0      0  100.00%  ERROR     
2026-05-24 12:36:11 | ERROR    | src.data.validator             | TGS                   MISSING       MISSING           0      0  100.00%  ERROR     
2026-05-24 12:36:11 | ERROR    | src.data.validator             | CEPU                  MISSING       MISSING           0      0  100.00%  ERROR     
2026-05-24 12:36:11 | ERROR    | src.data.validator             | EDN                   MISSING       MISSING           0      0  100.00%  ERROR     
2026-05-24 12:36:11 | ERROR    | src.data.validator             | LOMA                  MISSING       MISSING           0      0  100.00%  ERROR     
2026-05-24 12:36:11 | ERROR    | src.data.validator             | CRESY                 MISSING       MISSING           0      0  100.00%  ERROR     
2026-05-24 12:36:11 | ERROR    | src.data.validator             | IRS                   MISSING       MISSING           0      0  100.00%  ERROR     
2026-05-24 12:36:11 | ERROR    | src.data.validator             | sovereign_bond        MISSING       MISSING           0      0  100.00%  ERROR     
2026-05-24 12:36:11 | ERROR    | src.data.validator             | merval                MISSING       MISSING           0      0  100.00%  ERROR     
2026-05-24 12:36:11 | ERROR    | src.data.validator             | ccl                   MISSING       MISSING           0      0  100.00%  ERROR     
2026-05-24 12:36:11 | INFO     | src.data.validator             | ----------------------------------------------------------------------------------
2026-05-24 12:36:11 | INFO     | src.data.validator             | Coverage report [macro]
2026-05-24 12:36:11 | INFO     | src.data.validator             | ----------------------------------------------------------------------------------
2026-05-24 12:36:11 | INFO     | src.data.validator             | asset                 first_date    last_date      rows    nan    nan%  status    
2026-05-24 12:36:11 | INFO     | src.data.validator             | ----------------------------------------------------------------------------------
2026-05-24 12:36:11 | ERROR    | src.data.validator             | ipc                   MISSING       MISSING           0      0  100.00%  ERROR     
2026-05-24 12:36:11 | ERROR    | src.data.validator             | embi                  MISSING       MISSING           0      0  100.00%  ERROR     
2026-05-24 12:36:11 | ERROR    | src.data.validator             | reservas              MISSING       MISSING           0      0  100.00%  ERROR     
2026-05-24 12:36:11 | ERROR    | src.data.validator             | tc_oficial            MISSING       MISSING           0      0  100.00%  ERROR     
2026-05-24 12:36:11 | INFO     | src.data.validator             | ----------------------------------------------------------------------------------
2026-05-24 12:36:11 | ERROR    | src.data.loader                | Live-month validation failed — data NOT appended. 15 error(s):
2026-05-24 12:36:11 | ERROR    | src.data.loader                |   [YPF] series is entirely NaN (0 rows)
2026-05-24 12:36:11 | ERROR    | src.data.loader                |   [GGAL] series is entirely NaN (0 rows)
2026-05-24 12:36:11 | ERROR    | src.data.loader                |   [BMA] series is entirely NaN (0 rows)
2026-05-24 12:36:11 | ERROR    | src.data.loader                |   [PAM] series is entirely NaN (0 rows)
2026-05-24 12:36:11 | ERROR    | src.data.loader                |   [TGS] series is entirely NaN (0 rows)
2026-05-24 12:36:11 | ERROR    | src.data.loader                |   [CEPU] series is entirely NaN (0 rows)
2026-05-24 12:36:11 | ERROR    | src.data.loader                |   [EDN] series is entirely NaN (0 rows)
2026-05-24 12:36:11 | ERROR    | src.data.loader                |   [LOMA] series is entirely NaN (0 rows)
2026-05-24 12:36:11 | ERROR    | src.data.loader                |   [CRESY] series is entirely NaN (0 rows)
2026-05-24 12:36:11 | ERROR    | src.data.loader                |   [IRS] series is entirely NaN (0 rows)
2026-05-24 12:36:11 | ERROR    | src.data.loader                |   [merval] series is entirely NaN (0 rows)
2026-05-24 12:36:11 | ERROR    | src.data.loader                |   [ccl] series is entirely NaN (0 rows)
2026-05-24 12:36:11 | ERROR    | src.data.loader                |   [ipc] series is entirely NaN (0 rows)
2026-05-24 12:36:11 | ERROR    | src.data.loader                |   [reservas] series is entirely NaN (0 rows)
2026-05-24 12:36:11 | ERROR    | src.data.loader                |   [tc_oficial] series is entirely NaN (0 rows)
2026-05-24 12:36:11 | INFO     | src.features.features          | compute_features: 872 weekly rows | 10 tickers | warm-up = 30 rows
2026-05-24 12:36:11 | WARNING  | src.nlp.nlp                    | News directory not found: data\news\2025\08 — returning 0.0 (neutral)
2026-05-24 12:36:11 | WARNING  | src.signals.regime             | _build_monthly_feature_matrix: 'embi' is entirely NaN — filling with 0.0
2026-05-24 12:36:11 | INFO     | src.signals.regime             | Regime prediction: risk_off (p=0.965) | month=2025-08 | nlp_score=0.0000
2026-05-24 12:36:11 | INFO     | src.allocation.allocator       | compute_weights: risk_off (p=0.965) | active=[IRS=1.026] | excluded=[BMA=0.738, CEPU=0.894, CRESY=0.911, EDN=0.702, GGAL=0.721, LOMA=0.830, PAM=0.896, TGS=0.999, YPF=0.902] | IRS=0.8000 AL30D=0.2000
2026-05-24 12:36:11 | INFO     | __main__                       | 2025-08 | risk_off (p=0.965) | nlp=0.0000 | active=1 excluded=9
2026-05-24 12:36:11 | INFO     | src.utils.utils                | [DONE]  live 2025-08 — 14.55s
2026-05-24 12:36:11 | INFO     | src.utils.utils                | [START] live 2025-09
2026-05-24 12:36:11 | INFO     | src.data.loader                | Starting live-month download: 2026-01-03 → 2025-09-30 (cutoff: 2025-09-30) | tickers: ['YPF', 'GGAL', 'BMA', 'PAM', 'TGS', 'CEPU', 'EDN', 'LOMA', 'CRESY', 'IRS']
2026-05-24 12:36:12 | ERROR    | yfinance                       | $YPF: possibly delisted; no price data found  (1wk 2026-01-03 -> 2025-09-30) (Yahoo error = "Invalid input - start date cannot be after end date. startDate = 1767416400, endDate = 1759204800")
2026-05-24 12:36:12 | WARNING  | src.data.downloader            | [YPF] yfinance returned empty DataFrame
2026-05-24 12:36:13 | ERROR    | yfinance                       | $GGAL: possibly delisted; no price data found  (1wk 2026-01-03 -> 2025-09-30) (Yahoo error = "Invalid input - start date cannot be after end date. startDate = 1767416400, endDate = 1759204800")
2026-05-24 12:36:13 | WARNING  | src.data.downloader            | [GGAL] yfinance returned empty DataFrame
2026-05-24 12:36:15 | ERROR    | yfinance                       | $BMA: possibly delisted; no price data found  (1wk 2026-01-03 -> 2025-09-30) (Yahoo error = "Invalid input - start date cannot be after end date. startDate = 1767416400, endDate = 1759204800")
2026-05-24 12:36:15 | WARNING  | src.data.downloader            | [BMA] yfinance returned empty DataFrame
2026-05-24 12:36:15 | ERROR    | yfinance                       | $PAM: possibly delisted; no price data found  (1wk 2026-01-03 -> 2025-09-30) (Yahoo error = "Invalid input - start date cannot be after end date. startDate = 1767416400, endDate = 1759204800")
2026-05-24 12:36:15 | WARNING  | src.data.downloader            | [PAM] yfinance returned empty DataFrame
2026-05-24 12:36:17 | ERROR    | yfinance                       | $TGS: possibly delisted; no price data found  (1wk 2026-01-03 -> 2025-09-30) (Yahoo error = "Invalid input - start date cannot be after end date. startDate = 1767416400, endDate = 1759204800")
2026-05-24 12:36:17 | WARNING  | src.data.downloader            | [TGS] yfinance returned empty DataFrame
2026-05-24 12:36:19 | ERROR    | yfinance                       | $CEPU: possibly delisted; no price data found  (1wk 2026-01-03 -> 2025-09-30) (Yahoo error = "Invalid input - start date cannot be after end date. startDate = 1767416400, endDate = 1759204800")
2026-05-24 12:36:19 | WARNING  | src.data.downloader            | [CEPU] yfinance returned empty DataFrame
2026-05-24 12:36:19 | ERROR    | yfinance                       | $EDN: possibly delisted; no price data found  (1wk 2026-01-03 -> 2025-09-30) (Yahoo error = "Invalid input - start date cannot be after end date. startDate = 1767416400, endDate = 1759204800")
2026-05-24 12:36:19 | WARNING  | src.data.downloader            | [EDN] yfinance returned empty DataFrame
2026-05-24 12:36:21 | ERROR    | yfinance                       | $LOMA: possibly delisted; no price data found  (1wk 2026-01-03 -> 2025-09-30) (Yahoo error = "Invalid input - start date cannot be after end date. startDate = 1767416400, endDate = 1759204800")
2026-05-24 12:36:21 | WARNING  | src.data.downloader            | [LOMA] yfinance returned empty DataFrame
2026-05-24 12:36:22 | ERROR    | yfinance                       | $CRESY: possibly delisted; no price data found  (1wk 2026-01-03 -> 2025-09-30) (Yahoo error = "Invalid input - start date cannot be after end date. startDate = 1767416400, endDate = 1759204800")
2026-05-24 12:36:22 | WARNING  | src.data.downloader            | [CRESY] yfinance returned empty DataFrame
2026-05-24 12:36:23 | ERROR    | yfinance                       | $IRS: possibly delisted; no price data found  (1wk 2026-01-03 -> 2025-09-30) (Yahoo error = "Invalid input - start date cannot be after end date. startDate = 1767416400, endDate = 1759204800")
2026-05-24 12:36:23 | WARNING  | src.data.downloader            | [IRS] yfinance returned empty DataFrame
2026-05-24 12:36:23 | WARNING  | src.data.downloader            | [YPF] no data downloaded
2026-05-24 12:36:23 | WARNING  | src.data.downloader            | [GGAL] no data downloaded
2026-05-24 12:36:23 | WARNING  | src.data.downloader            | [BMA] no data downloaded
2026-05-24 12:36:23 | WARNING  | src.data.downloader            | [PAM] no data downloaded
2026-05-24 12:36:23 | WARNING  | src.data.downloader            | [TGS] no data downloaded
2026-05-24 12:36:23 | WARNING  | src.data.downloader            | [CEPU] no data downloaded
2026-05-24 12:36:23 | WARNING  | src.data.downloader            | [EDN] no data downloaded
2026-05-24 12:36:23 | WARNING  | src.data.downloader            | [LOMA] no data downloaded
2026-05-24 12:36:23 | WARNING  | src.data.downloader            | [CRESY] no data downloaded
2026-05-24 12:36:23 | WARNING  | src.data.downloader            | [IRS] no data downloaded
2026-05-24 12:36:24 | ERROR    | yfinance                       | $^MERV: possibly delisted; no price data found  (1wk 2026-01-03 -> 2025-09-30) (Yahoo error = "Invalid input - start date cannot be after end date. startDate = 1767409200, endDate = 1759201200")
2026-05-24 12:36:24 | WARNING  | src.data.downloader            | [^MERV] yfinance returned empty DataFrame
2026-05-24 12:36:24 | ERROR    | yfinance                       | $AL30D.BA: possibly delisted; no timezone found
2026-05-24 12:36:24 | WARNING  | src.data.scraper_al30d         | [AL30D.BA] all sources failed and no cache available
2026-05-24 12:36:24 | WARNING  | src.data.scraper_al30d         | sovereign_bond: all sources failed — returning empty series
2026-05-24 12:36:24 | WARNING  | src.data.scraper_ccl           | CCL: all sources failed — returning empty series
2026-05-24 12:36:25 | WARNING  | src.data.scraper_macro         | [macro/ipc] extending last cached value (9377.7681) to fill 2026-01-03 → 2025-09-30
2026-05-24 12:36:25 | WARNING  | src.data.scraper_macro         | [macro/embi] cache has no valid values
2026-05-24 12:36:26 | WARNING  | src.data.scraper_macro         | [macro/reservas] extending last cached value (40158.4000) to fill 2026-01-03 → 2025-09-30
2026-05-24 12:36:27 | WARNING  | src.data.scraper_macro         | [macro/tc_oficial] extending last cached value (1400.0000) to fill 2026-01-03 → 2025-09-30
2026-05-24 12:36:27 | INFO     | src.data.validator             | Coverage report [prices]
2026-05-24 12:36:27 | INFO     | src.data.validator             | ----------------------------------------------------------------------------------
2026-05-24 12:36:27 | INFO     | src.data.validator             | asset                 first_date    last_date      rows    nan    nan%  status    
2026-05-24 12:36:27 | INFO     | src.data.validator             | ----------------------------------------------------------------------------------
2026-05-24 12:36:27 | ERROR    | src.data.validator             | YPF                   MISSING       MISSING           0      0  100.00%  ERROR     
2026-05-24 12:36:27 | ERROR    | src.data.validator             | GGAL                  MISSING       MISSING           0      0  100.00%  ERROR     
2026-05-24 12:36:27 | ERROR    | src.data.validator             | BMA                   MISSING       MISSING           0      0  100.00%  ERROR     
2026-05-24 12:36:27 | ERROR    | src.data.validator             | PAM                   MISSING       MISSING           0      0  100.00%  ERROR     
2026-05-24 12:36:27 | ERROR    | src.data.validator             | TGS                   MISSING       MISSING           0      0  100.00%  ERROR     
2026-05-24 12:36:27 | ERROR    | src.data.validator             | CEPU                  MISSING       MISSING           0      0  100.00%  ERROR     
2026-05-24 12:36:27 | ERROR    | src.data.validator             | EDN                   MISSING       MISSING           0      0  100.00%  ERROR     
2026-05-24 12:36:27 | ERROR    | src.data.validator             | LOMA                  MISSING       MISSING           0      0  100.00%  ERROR     
2026-05-24 12:36:27 | ERROR    | src.data.validator             | CRESY                 MISSING       MISSING           0      0  100.00%  ERROR     
2026-05-24 12:36:27 | ERROR    | src.data.validator             | IRS                   MISSING       MISSING           0      0  100.00%  ERROR     
2026-05-24 12:36:27 | ERROR    | src.data.validator             | sovereign_bond        MISSING       MISSING           0      0  100.00%  ERROR     
2026-05-24 12:36:27 | ERROR    | src.data.validator             | merval                MISSING       MISSING           0      0  100.00%  ERROR     
2026-05-24 12:36:27 | ERROR    | src.data.validator             | ccl                   MISSING       MISSING           0      0  100.00%  ERROR     
2026-05-24 12:36:27 | INFO     | src.data.validator             | ----------------------------------------------------------------------------------
2026-05-24 12:36:27 | INFO     | src.data.validator             | Coverage report [macro]
2026-05-24 12:36:27 | INFO     | src.data.validator             | ----------------------------------------------------------------------------------
2026-05-24 12:36:27 | INFO     | src.data.validator             | asset                 first_date    last_date      rows    nan    nan%  status    
2026-05-24 12:36:27 | INFO     | src.data.validator             | ----------------------------------------------------------------------------------
2026-05-24 12:36:27 | ERROR    | src.data.validator             | ipc                   MISSING       MISSING           0      0  100.00%  ERROR     
2026-05-24 12:36:27 | ERROR    | src.data.validator             | embi                  MISSING       MISSING           0      0  100.00%  ERROR     
2026-05-24 12:36:27 | ERROR    | src.data.validator             | reservas              MISSING       MISSING           0      0  100.00%  ERROR     
2026-05-24 12:36:27 | ERROR    | src.data.validator             | tc_oficial            MISSING       MISSING           0      0  100.00%  ERROR     
2026-05-24 12:36:27 | INFO     | src.data.validator             | ----------------------------------------------------------------------------------
2026-05-24 12:36:27 | ERROR    | src.data.loader                | Live-month validation failed — data NOT appended. 15 error(s):
2026-05-24 12:36:27 | ERROR    | src.data.loader                |   [YPF] series is entirely NaN (0 rows)
2026-05-24 12:36:27 | ERROR    | src.data.loader                |   [GGAL] series is entirely NaN (0 rows)
2026-05-24 12:36:27 | ERROR    | src.data.loader                |   [BMA] series is entirely NaN (0 rows)
2026-05-24 12:36:27 | ERROR    | src.data.loader                |   [PAM] series is entirely NaN (0 rows)
2026-05-24 12:36:27 | ERROR    | src.data.loader                |   [TGS] series is entirely NaN (0 rows)
2026-05-24 12:36:27 | ERROR    | src.data.loader                |   [CEPU] series is entirely NaN (0 rows)
2026-05-24 12:36:27 | ERROR    | src.data.loader                |   [EDN] series is entirely NaN (0 rows)
2026-05-24 12:36:27 | ERROR    | src.data.loader                |   [LOMA] series is entirely NaN (0 rows)
2026-05-24 12:36:27 | ERROR    | src.data.loader                |   [CRESY] series is entirely NaN (0 rows)
2026-05-24 12:36:27 | ERROR    | src.data.loader                |   [IRS] series is entirely NaN (0 rows)
2026-05-24 12:36:27 | ERROR    | src.data.loader                |   [merval] series is entirely NaN (0 rows)
2026-05-24 12:36:27 | ERROR    | src.data.loader                |   [ccl] series is entirely NaN (0 rows)
2026-05-24 12:36:27 | ERROR    | src.data.loader                |   [ipc] series is entirely NaN (0 rows)
2026-05-24 12:36:27 | ERROR    | src.data.loader                |   [reservas] series is entirely NaN (0 rows)
2026-05-24 12:36:27 | ERROR    | src.data.loader                |   [tc_oficial] series is entirely NaN (0 rows)
2026-05-24 12:36:27 | INFO     | src.features.features          | compute_features: 877 weekly rows | 10 tickers | warm-up = 30 rows
2026-05-24 12:36:27 | WARNING  | src.nlp.nlp                    | News directory not found: data\news\2025\09 — returning 0.0 (neutral)
2026-05-24 12:36:27 | WARNING  | src.signals.regime             | _build_monthly_feature_matrix: 'embi' is entirely NaN — filling with 0.0
2026-05-24 12:36:27 | INFO     | src.signals.regime             | Regime prediction: risk_off (p=0.556) | month=2025-09 | nlp_score=0.0000
2026-05-24 12:36:27 | INFO     | src.allocation.allocator       | compute_weights: risk_off (p=0.556) | active=[none] | excluded=[BMA=0.592, CEPU=0.712, CRESY=0.854, EDN=0.571, GGAL=0.555, IRS=0.839, LOMA=0.693, PAM=0.830, TGS=0.794, YPF=0.755] | AL30D=1.0000
2026-05-24 12:36:27 | INFO     | __main__                       | 2025-09 | risk_off (p=0.556) | nlp=0.0000 | active=0 excluded=10
2026-05-24 12:36:27 | INFO     | src.utils.utils                | [DONE]  live 2025-09 — 15.95s
2026-05-24 12:36:27 | INFO     | src.utils.utils                | [START] live 2025-10
2026-05-24 12:36:27 | INFO     | src.data.loader                | Starting live-month download: 2026-01-03 → 2025-10-31 (cutoff: 2025-10-31) | tickers: ['YPF', 'GGAL', 'BMA', 'PAM', 'TGS', 'CEPU', 'EDN', 'LOMA', 'CRESY', 'IRS']
2026-05-24 12:36:29 | ERROR    | yfinance                       | $YPF: possibly delisted; no price data found  (1wk 2026-01-03 -> 2025-10-31) (Yahoo error = "Invalid input - start date cannot be after end date. startDate = 1767416400, endDate = 1761883200")
2026-05-24 12:36:29 | WARNING  | src.data.downloader            | [YPF] yfinance returned empty DataFrame
2026-05-24 12:36:29 | ERROR    | yfinance                       | $GGAL: possibly delisted; no price data found  (1wk 2026-01-03 -> 2025-10-31) (Yahoo error = "Invalid input - start date cannot be after end date. startDate = 1767416400, endDate = 1761883200")
2026-05-24 12:36:29 | WARNING  | src.data.downloader            | [GGAL] yfinance returned empty DataFrame
2026-05-24 12:36:30 | ERROR    | yfinance                       | $BMA: possibly delisted; no price data found  (1wk 2026-01-03 -> 2025-10-31) (Yahoo error = "Invalid input - start date cannot be after end date. startDate = 1767416400, endDate = 1761883200")
2026-05-24 12:36:30 | WARNING  | src.data.downloader            | [BMA] yfinance returned empty DataFrame
2026-05-24 12:36:31 | ERROR    | yfinance                       | $PAM: possibly delisted; no price data found  (1wk 2026-01-03 -> 2025-10-31) (Yahoo error = "Invalid input - start date cannot be after end date. startDate = 1767416400, endDate = 1761883200")
2026-05-24 12:36:31 | WARNING  | src.data.downloader            | [PAM] yfinance returned empty DataFrame
2026-05-24 12:36:33 | ERROR    | yfinance                       | $TGS: possibly delisted; no price data found  (1wk 2026-01-03 -> 2025-10-31) (Yahoo error = "Invalid input - start date cannot be after end date. startDate = 1767416400, endDate = 1761883200")
2026-05-24 12:36:33 | WARNING  | src.data.downloader            | [TGS] yfinance returned empty DataFrame
2026-05-24 12:36:34 | ERROR    | yfinance                       | $CEPU: possibly delisted; no price data found  (1wk 2026-01-03 -> 2025-10-31) (Yahoo error = "Invalid input - start date cannot be after end date. startDate = 1767416400, endDate = 1761883200")
2026-05-24 12:36:34 | WARNING  | src.data.downloader            | [CEPU] yfinance returned empty DataFrame
2026-05-24 12:36:35 | ERROR    | yfinance                       | $EDN: possibly delisted; no price data found  (1wk 2026-01-03 -> 2025-10-31) (Yahoo error = "Invalid input - start date cannot be after end date. startDate = 1767416400, endDate = 1761883200")
2026-05-24 12:36:35 | WARNING  | src.data.downloader            | [EDN] yfinance returned empty DataFrame
2026-05-24 12:36:36 | ERROR    | yfinance                       | $LOMA: possibly delisted; no price data found  (1wk 2026-01-03 -> 2025-10-31) (Yahoo error = "Invalid input - start date cannot be after end date. startDate = 1767416400, endDate = 1761883200")
2026-05-24 12:36:36 | WARNING  | src.data.downloader            | [LOMA] yfinance returned empty DataFrame
2026-05-24 12:36:37 | ERROR    | yfinance                       | $CRESY: possibly delisted; no price data found  (1wk 2026-01-03 -> 2025-10-31) (Yahoo error = "Invalid input - start date cannot be after end date. startDate = 1767416400, endDate = 1761883200")
2026-05-24 12:36:37 | WARNING  | src.data.downloader            | [CRESY] yfinance returned empty DataFrame
2026-05-24 12:36:38 | ERROR    | yfinance                       | $IRS: possibly delisted; no price data found  (1wk 2026-01-03 -> 2025-10-31) (Yahoo error = "Invalid input - start date cannot be after end date. startDate = 1767416400, endDate = 1761883200")
2026-05-24 12:36:38 | WARNING  | src.data.downloader            | [IRS] yfinance returned empty DataFrame
2026-05-24 12:36:38 | WARNING  | src.data.downloader            | [YPF] no data downloaded
2026-05-24 12:36:38 | WARNING  | src.data.downloader            | [GGAL] no data downloaded
2026-05-24 12:36:38 | WARNING  | src.data.downloader            | [BMA] no data downloaded
2026-05-24 12:36:38 | WARNING  | src.data.downloader            | [PAM] no data downloaded
2026-05-24 12:36:38 | WARNING  | src.data.downloader            | [TGS] no data downloaded
2026-05-24 12:36:38 | WARNING  | src.data.downloader            | [CEPU] no data downloaded
2026-05-24 12:36:38 | WARNING  | src.data.downloader            | [EDN] no data downloaded
2026-05-24 12:36:38 | WARNING  | src.data.downloader            | [LOMA] no data downloaded
2026-05-24 12:36:38 | WARNING  | src.data.downloader            | [CRESY] no data downloaded
2026-05-24 12:36:38 | WARNING  | src.data.downloader            | [IRS] no data downloaded
2026-05-24 12:36:39 | ERROR    | yfinance                       | $^MERV: possibly delisted; no price data found  (1wk 2026-01-03 -> 2025-10-31) (Yahoo error = "Invalid input - start date cannot be after end date. startDate = 1767409200, endDate = 1761879600")
2026-05-24 12:36:39 | WARNING  | src.data.downloader            | [^MERV] yfinance returned empty DataFrame
2026-05-24 12:36:39 | ERROR    | yfinance                       | $AL30D.BA: possibly delisted; no timezone found
2026-05-24 12:36:39 | WARNING  | src.data.scraper_al30d         | [AL30D.BA] all sources failed and no cache available
2026-05-24 12:36:39 | WARNING  | src.data.scraper_al30d         | sovereign_bond: all sources failed — returning empty series
2026-05-24 12:36:39 | WARNING  | src.data.scraper_ccl           | CCL: all sources failed — returning empty series
2026-05-24 12:36:40 | WARNING  | src.data.scraper_macro         | [macro/ipc] extending last cached value (9377.7681) to fill 2026-01-03 → 2025-10-31
2026-05-24 12:36:40 | WARNING  | src.data.scraper_macro         | [macro/embi] cache has no valid values
2026-05-24 12:36:41 | WARNING  | src.data.scraper_macro         | [macro/reservas] extending last cached value (40158.4000) to fill 2026-01-03 → 2025-10-31
2026-05-24 12:36:42 | WARNING  | src.data.scraper_macro         | [macro/tc_oficial] extending last cached value (1475.0000) to fill 2026-01-03 → 2025-10-31
2026-05-24 12:36:42 | INFO     | src.data.validator             | Coverage report [prices]
2026-05-24 12:36:42 | INFO     | src.data.validator             | ----------------------------------------------------------------------------------
2026-05-24 12:36:42 | INFO     | src.data.validator             | asset                 first_date    last_date      rows    nan    nan%  status    
2026-05-24 12:36:42 | INFO     | src.data.validator             | ----------------------------------------------------------------------------------
2026-05-24 12:36:42 | ERROR    | src.data.validator             | YPF                   MISSING       MISSING           0      0  100.00%  ERROR     
2026-05-24 12:36:42 | ERROR    | src.data.validator             | GGAL                  MISSING       MISSING           0      0  100.00%  ERROR     
2026-05-24 12:36:42 | ERROR    | src.data.validator             | BMA                   MISSING       MISSING           0      0  100.00%  ERROR     
2026-05-24 12:36:42 | ERROR    | src.data.validator             | PAM                   MISSING       MISSING           0      0  100.00%  ERROR     
2026-05-24 12:36:42 | ERROR    | src.data.validator             | TGS                   MISSING       MISSING           0      0  100.00%  ERROR     
2026-05-24 12:36:42 | ERROR    | src.data.validator             | CEPU                  MISSING       MISSING           0      0  100.00%  ERROR     
2026-05-24 12:36:42 | ERROR    | src.data.validator             | EDN                   MISSING       MISSING           0      0  100.00%  ERROR     
2026-05-24 12:36:42 | ERROR    | src.data.validator             | LOMA                  MISSING       MISSING           0      0  100.00%  ERROR     
2026-05-24 12:36:42 | ERROR    | src.data.validator             | CRESY                 MISSING       MISSING           0      0  100.00%  ERROR     
2026-05-24 12:36:42 | ERROR    | src.data.validator             | IRS                   MISSING       MISSING           0      0  100.00%  ERROR     
2026-05-24 12:36:42 | ERROR    | src.data.validator             | sovereign_bond        MISSING       MISSING           0      0  100.00%  ERROR     
2026-05-24 12:36:42 | ERROR    | src.data.validator             | merval                MISSING       MISSING           0      0  100.00%  ERROR     
2026-05-24 12:36:42 | ERROR    | src.data.validator             | ccl                   MISSING       MISSING           0      0  100.00%  ERROR     
2026-05-24 12:36:42 | INFO     | src.data.validator             | ----------------------------------------------------------------------------------
2026-05-24 12:36:42 | INFO     | src.data.validator             | Coverage report [macro]
2026-05-24 12:36:42 | INFO     | src.data.validator             | ----------------------------------------------------------------------------------
2026-05-24 12:36:42 | INFO     | src.data.validator             | asset                 first_date    last_date      rows    nan    nan%  status    
2026-05-24 12:36:42 | INFO     | src.data.validator             | ----------------------------------------------------------------------------------
2026-05-24 12:36:42 | ERROR    | src.data.validator             | ipc                   MISSING       MISSING           0      0  100.00%  ERROR     
2026-05-24 12:36:42 | ERROR    | src.data.validator             | embi                  MISSING       MISSING           0      0  100.00%  ERROR     
2026-05-24 12:36:42 | ERROR    | src.data.validator             | reservas              MISSING       MISSING           0      0  100.00%  ERROR     
2026-05-24 12:36:42 | ERROR    | src.data.validator             | tc_oficial            MISSING       MISSING           0      0  100.00%  ERROR     
2026-05-24 12:36:42 | INFO     | src.data.validator             | ----------------------------------------------------------------------------------
2026-05-24 12:36:42 | ERROR    | src.data.loader                | Live-month validation failed — data NOT appended. 15 error(s):
2026-05-24 12:36:42 | ERROR    | src.data.loader                |   [YPF] series is entirely NaN (0 rows)
2026-05-24 12:36:42 | ERROR    | src.data.loader                |   [GGAL] series is entirely NaN (0 rows)
2026-05-24 12:36:42 | ERROR    | src.data.loader                |   [BMA] series is entirely NaN (0 rows)
2026-05-24 12:36:42 | ERROR    | src.data.loader                |   [PAM] series is entirely NaN (0 rows)
2026-05-24 12:36:42 | ERROR    | src.data.loader                |   [TGS] series is entirely NaN (0 rows)
2026-05-24 12:36:42 | ERROR    | src.data.loader                |   [CEPU] series is entirely NaN (0 rows)
2026-05-24 12:36:42 | ERROR    | src.data.loader                |   [EDN] series is entirely NaN (0 rows)
2026-05-24 12:36:42 | ERROR    | src.data.loader                |   [LOMA] series is entirely NaN (0 rows)
2026-05-24 12:36:42 | ERROR    | src.data.loader                |   [CRESY] series is entirely NaN (0 rows)
2026-05-24 12:36:42 | ERROR    | src.data.loader                |   [IRS] series is entirely NaN (0 rows)
2026-05-24 12:36:42 | ERROR    | src.data.loader                |   [merval] series is entirely NaN (0 rows)
2026-05-24 12:36:42 | ERROR    | src.data.loader                |   [ccl] series is entirely NaN (0 rows)
2026-05-24 12:36:42 | ERROR    | src.data.loader                |   [ipc] series is entirely NaN (0 rows)
2026-05-24 12:36:42 | ERROR    | src.data.loader                |   [reservas] series is entirely NaN (0 rows)
2026-05-24 12:36:42 | ERROR    | src.data.loader                |   [tc_oficial] series is entirely NaN (0 rows)
2026-05-24 12:36:42 | INFO     | src.features.features          | compute_features: 881 weekly rows | 10 tickers | warm-up = 30 rows
2026-05-24 12:36:42 | WARNING  | src.nlp.nlp                    | News directory not found: data\news\2025\10 — returning 0.0 (neutral)
2026-05-24 12:36:42 | WARNING  | src.signals.regime             | _build_monthly_feature_matrix: 'embi' is entirely NaN — filling with 0.0
2026-05-24 12:36:42 | INFO     | src.signals.regime             | Regime prediction: risk_on (p=0.761) | month=2025-10 | nlp_score=0.0000
2026-05-24 12:36:42 | INFO     | src.allocation.allocator       | compute_weights: risk_on (p=0.761) | active=[BMA=1.302, CEPU=1.399, CRESY=1.159, EDN=1.279, GGAL=1.245, IRS=1.104, LOMA=1.061, PAM=1.207, TGS=1.186, YPF=1.160] | excluded=[none] | BMA=0.1000 CEPU=0.1000 CRESY=0.1000 EDN=0.1000 GGAL=0.1000 IRS=0.1000 LOMA=0.1000 PAM=0.1000 TGS=0.1000 YPF=0.1000
2026-05-24 12:36:42 | INFO     | __main__                       | 2025-10 | risk_on (p=0.761) | nlp=0.0000 | active=10 excluded=0
2026-05-24 12:36:42 | INFO     | src.utils.utils                | [DONE]  live 2025-10 — 15.00s
2026-05-24 12:36:42 | INFO     | src.utils.utils                | [START] live 2025-11
2026-05-24 12:36:42 | INFO     | src.data.loader                | Starting live-month download: 2026-01-03 → 2025-11-30 (cutoff: 2025-11-30) | tickers: ['YPF', 'GGAL', 'BMA', 'PAM', 'TGS', 'CEPU', 'EDN', 'LOMA', 'CRESY', 'IRS']
2026-05-24 12:36:43 | ERROR    | yfinance                       | $YPF: possibly delisted; no price data found  (1wk 2026-01-03 -> 2025-11-30) (Yahoo error = "Invalid input - start date cannot be after end date. startDate = 1767416400, endDate = 1764478800")
2026-05-24 12:36:43 | WARNING  | src.data.downloader            | [YPF] yfinance returned empty DataFrame
2026-05-24 12:36:45 | ERROR    | yfinance                       | $GGAL: possibly delisted; no price data found  (1wk 2026-01-03 -> 2025-11-30) (Yahoo error = "Invalid input - start date cannot be after end date. startDate = 1767416400, endDate = 1764478800")
2026-05-24 12:36:45 | WARNING  | src.data.downloader            | [GGAL] yfinance returned empty DataFrame
2026-05-24 12:36:46 | ERROR    | yfinance                       | $BMA: possibly delisted; no price data found  (1wk 2026-01-03 -> 2025-11-30) (Yahoo error = "Invalid input - start date cannot be after end date. startDate = 1767416400, endDate = 1764478800")
2026-05-24 12:36:46 | WARNING  | src.data.downloader            | [BMA] yfinance returned empty DataFrame
2026-05-24 12:36:47 | ERROR    | yfinance                       | $PAM: possibly delisted; no price data found  (1wk 2026-01-03 -> 2025-11-30) (Yahoo error = "Invalid input - start date cannot be after end date. startDate = 1767416400, endDate = 1764478800")
2026-05-24 12:36:47 | WARNING  | src.data.downloader            | [PAM] yfinance returned empty DataFrame
2026-05-24 12:36:48 | ERROR    | yfinance                       | $TGS: possibly delisted; no price data found  (1wk 2026-01-03 -> 2025-11-30) (Yahoo error = "Invalid input - start date cannot be after end date. startDate = 1767416400, endDate = 1764478800")
2026-05-24 12:36:48 | WARNING  | src.data.downloader            | [TGS] yfinance returned empty DataFrame
2026-05-24 12:36:49 | ERROR    | yfinance                       | $CEPU: possibly delisted; no price data found  (1wk 2026-01-03 -> 2025-11-30) (Yahoo error = "Invalid input - start date cannot be after end date. startDate = 1767416400, endDate = 1764478800")
2026-05-24 12:36:49 | WARNING  | src.data.downloader            | [CEPU] yfinance returned empty DataFrame
2026-05-24 12:36:50 | ERROR    | yfinance                       | $EDN: possibly delisted; no price data found  (1wk 2026-01-03 -> 2025-11-30) (Yahoo error = "Invalid input - start date cannot be after end date. startDate = 1767416400, endDate = 1764478800")
2026-05-24 12:36:50 | WARNING  | src.data.downloader            | [EDN] yfinance returned empty DataFrame
2026-05-24 12:36:51 | ERROR    | yfinance                       | $LOMA: possibly delisted; no price data found  (1wk 2026-01-03 -> 2025-11-30) (Yahoo error = "Invalid input - start date cannot be after end date. startDate = 1767416400, endDate = 1764478800")
2026-05-24 12:36:51 | WARNING  | src.data.downloader            | [LOMA] yfinance returned empty DataFrame
2026-05-24 12:36:52 | ERROR    | yfinance                       | $CRESY: possibly delisted; no price data found  (1wk 2026-01-03 -> 2025-11-30) (Yahoo error = "Invalid input - start date cannot be after end date. startDate = 1767416400, endDate = 1764478800")
2026-05-24 12:36:52 | WARNING  | src.data.downloader            | [CRESY] yfinance returned empty DataFrame
2026-05-24 12:36:53 | ERROR    | yfinance                       | $IRS: possibly delisted; no price data found  (1wk 2026-01-03 -> 2025-11-30) (Yahoo error = "Invalid input - start date cannot be after end date. startDate = 1767416400, endDate = 1764478800")
2026-05-24 12:36:53 | WARNING  | src.data.downloader            | [IRS] yfinance returned empty DataFrame
2026-05-24 12:36:53 | WARNING  | src.data.downloader            | [YPF] no data downloaded
2026-05-24 12:36:53 | WARNING  | src.data.downloader            | [GGAL] no data downloaded
2026-05-24 12:36:53 | WARNING  | src.data.downloader            | [BMA] no data downloaded
2026-05-24 12:36:53 | WARNING  | src.data.downloader            | [PAM] no data downloaded
2026-05-24 12:36:53 | WARNING  | src.data.downloader            | [TGS] no data downloaded
2026-05-24 12:36:53 | WARNING  | src.data.downloader            | [CEPU] no data downloaded
2026-05-24 12:36:53 | WARNING  | src.data.downloader            | [EDN] no data downloaded
2026-05-24 12:36:53 | WARNING  | src.data.downloader            | [LOMA] no data downloaded
2026-05-24 12:36:53 | WARNING  | src.data.downloader            | [CRESY] no data downloaded
2026-05-24 12:36:53 | WARNING  | src.data.downloader            | [IRS] no data downloaded
2026-05-24 12:36:54 | ERROR    | yfinance                       | $^MERV: possibly delisted; no price data found  (1wk 2026-01-03 -> 2025-11-30) (Yahoo error = "Invalid input - start date cannot be after end date. startDate = 1767409200, endDate = 1764471600")
2026-05-24 12:36:54 | WARNING  | src.data.downloader            | [^MERV] yfinance returned empty DataFrame
2026-05-24 12:36:54 | ERROR    | yfinance                       | $AL30D.BA: possibly delisted; no timezone found
2026-05-24 12:36:54 | WARNING  | src.data.scraper_al30d         | [AL30D.BA] all sources failed and no cache available
2026-05-24 12:36:54 | WARNING  | src.data.scraper_al30d         | sovereign_bond: all sources failed — returning empty series
2026-05-24 12:36:55 | WARNING  | src.data.scraper_ccl           | CCL: all sources failed — returning empty series
2026-05-24 12:36:56 | WARNING  | src.data.scraper_macro         | [macro/ipc] extending last cached value (9840.8457) to fill 2026-01-03 → 2025-11-30
2026-05-24 12:36:56 | WARNING  | src.data.scraper_macro         | [macro/embi] cache has no valid values
2026-05-24 12:36:57 | WARNING  | src.data.scraper_macro         | [macro/reservas] extending last cached value (40653.3333) to fill 2026-01-03 → 2025-11-30
2026-05-24 12:36:58 | WARNING  | src.data.scraper_macro         | [macro/tc_oficial] extending last cached value (1475.0000) to fill 2026-01-03 → 2025-11-30
2026-05-24 12:36:58 | INFO     | src.data.validator             | Coverage report [prices]
2026-05-24 12:36:58 | INFO     | src.data.validator             | ----------------------------------------------------------------------------------
2026-05-24 12:36:58 | INFO     | src.data.validator             | asset                 first_date    last_date      rows    nan    nan%  status    
2026-05-24 12:36:58 | INFO     | src.data.validator             | ----------------------------------------------------------------------------------
2026-05-24 12:36:58 | ERROR    | src.data.validator             | YPF                   MISSING       MISSING           0      0  100.00%  ERROR     
2026-05-24 12:36:58 | ERROR    | src.data.validator             | GGAL                  MISSING       MISSING           0      0  100.00%  ERROR     
2026-05-24 12:36:58 | ERROR    | src.data.validator             | BMA                   MISSING       MISSING           0      0  100.00%  ERROR     
2026-05-24 12:36:58 | ERROR    | src.data.validator             | PAM                   MISSING       MISSING           0      0  100.00%  ERROR     
2026-05-24 12:36:58 | ERROR    | src.data.validator             | TGS                   MISSING       MISSING           0      0  100.00%  ERROR     
2026-05-24 12:36:58 | ERROR    | src.data.validator             | CEPU                  MISSING       MISSING           0      0  100.00%  ERROR     
2026-05-24 12:36:58 | ERROR    | src.data.validator             | EDN                   MISSING       MISSING           0      0  100.00%  ERROR     
2026-05-24 12:36:58 | ERROR    | src.data.validator             | LOMA                  MISSING       MISSING           0      0  100.00%  ERROR     
2026-05-24 12:36:58 | ERROR    | src.data.validator             | CRESY                 MISSING       MISSING           0      0  100.00%  ERROR     
2026-05-24 12:36:58 | ERROR    | src.data.validator             | IRS                   MISSING       MISSING           0      0  100.00%  ERROR     
2026-05-24 12:36:58 | ERROR    | src.data.validator             | sovereign_bond        MISSING       MISSING           0      0  100.00%  ERROR     
2026-05-24 12:36:58 | ERROR    | src.data.validator             | merval                MISSING       MISSING           0      0  100.00%  ERROR     
2026-05-24 12:36:58 | ERROR    | src.data.validator             | ccl                   MISSING       MISSING           0      0  100.00%  ERROR     
2026-05-24 12:36:58 | INFO     | src.data.validator             | ----------------------------------------------------------------------------------
2026-05-24 12:36:58 | INFO     | src.data.validator             | Coverage report [macro]
2026-05-24 12:36:58 | INFO     | src.data.validator             | ----------------------------------------------------------------------------------
2026-05-24 12:36:58 | INFO     | src.data.validator             | asset                 first_date    last_date      rows    nan    nan%  status    
2026-05-24 12:36:58 | INFO     | src.data.validator             | ----------------------------------------------------------------------------------
2026-05-24 12:36:58 | ERROR    | src.data.validator             | ipc                   MISSING       MISSING           0      0  100.00%  ERROR     
2026-05-24 12:36:58 | ERROR    | src.data.validator             | embi                  MISSING       MISSING           0      0  100.00%  ERROR     
2026-05-24 12:36:58 | ERROR    | src.data.validator             | reservas              MISSING       MISSING           0      0  100.00%  ERROR     
2026-05-24 12:36:58 | ERROR    | src.data.validator             | tc_oficial            MISSING       MISSING           0      0  100.00%  ERROR     
2026-05-24 12:36:58 | INFO     | src.data.validator             | ----------------------------------------------------------------------------------
2026-05-24 12:36:58 | ERROR    | src.data.loader                | Live-month validation failed — data NOT appended. 15 error(s):
2026-05-24 12:36:58 | ERROR    | src.data.loader                |   [YPF] series is entirely NaN (0 rows)
2026-05-24 12:36:58 | ERROR    | src.data.loader                |   [GGAL] series is entirely NaN (0 rows)
2026-05-24 12:36:58 | ERROR    | src.data.loader                |   [BMA] series is entirely NaN (0 rows)
2026-05-24 12:36:58 | ERROR    | src.data.loader                |   [PAM] series is entirely NaN (0 rows)
2026-05-24 12:36:58 | ERROR    | src.data.loader                |   [TGS] series is entirely NaN (0 rows)
2026-05-24 12:36:58 | ERROR    | src.data.loader                |   [CEPU] series is entirely NaN (0 rows)
2026-05-24 12:36:58 | ERROR    | src.data.loader                |   [EDN] series is entirely NaN (0 rows)
2026-05-24 12:36:58 | ERROR    | src.data.loader                |   [LOMA] series is entirely NaN (0 rows)
2026-05-24 12:36:58 | ERROR    | src.data.loader                |   [CRESY] series is entirely NaN (0 rows)
2026-05-24 12:36:58 | ERROR    | src.data.loader                |   [IRS] series is entirely NaN (0 rows)
2026-05-24 12:36:58 | ERROR    | src.data.loader                |   [merval] series is entirely NaN (0 rows)
2026-05-24 12:36:58 | ERROR    | src.data.loader                |   [ccl] series is entirely NaN (0 rows)
2026-05-24 12:36:58 | ERROR    | src.data.loader                |   [ipc] series is entirely NaN (0 rows)
2026-05-24 12:36:58 | ERROR    | src.data.loader                |   [reservas] series is entirely NaN (0 rows)
2026-05-24 12:36:58 | ERROR    | src.data.loader                |   [tc_oficial] series is entirely NaN (0 rows)
2026-05-24 12:36:58 | INFO     | src.features.features          | compute_features: 885 weekly rows | 10 tickers | warm-up = 30 rows
2026-05-24 12:36:58 | WARNING  | src.nlp.nlp                    | News directory not found: data\news\2025\11 — returning 0.0 (neutral)
2026-05-24 12:36:58 | WARNING  | src.signals.regime             | _build_monthly_feature_matrix: 'embi' is entirely NaN — filling with 0.0
2026-05-24 12:36:58 | INFO     | src.signals.regime             | Regime prediction: risk_on (p=0.716) | month=2025-11 | nlp_score=0.0000
2026-05-24 12:36:58 | INFO     | src.allocation.allocator       | compute_weights: risk_on (p=0.716) | active=[BMA=1.247, CEPU=1.366, CRESY=1.142, EDN=1.325, GGAL=1.153, IRS=1.083, LOMA=1.197, PAM=1.242, TGS=1.170, YPF=1.145] | excluded=[none] | BMA=0.1000 CEPU=0.1000 CRESY=0.1000 EDN=0.1000 GGAL=0.1000 IRS=0.1000 LOMA=0.1000 PAM=0.1000 TGS=0.1000 YPF=0.1000
2026-05-24 12:36:58 | INFO     | __main__                       | 2025-11 | risk_on (p=0.716) | nlp=0.0000 | active=10 excluded=0
2026-05-24 12:36:58 | INFO     | src.utils.utils                | [DONE]  live 2025-11 — 15.54s
2026-05-24 12:36:58 | INFO     | src.utils.utils                | [START] live 2025-12
2026-05-24 12:36:58 | INFO     | src.data.loader                | Starting live-month download: 2026-01-03 → 2025-12-31 (cutoff: 2025-12-31) | tickers: ['YPF', 'GGAL', 'BMA', 'PAM', 'TGS', 'CEPU', 'EDN', 'LOMA', 'CRESY', 'IRS']
2026-05-24 12:36:59 | ERROR    | yfinance                       | $YPF: possibly delisted; no price data found  (1wk 2026-01-03 -> 2025-12-31) (Yahoo error = "Invalid input - start date cannot be after end date. startDate = 1767416400, endDate = 1767157200")
2026-05-24 12:36:59 | WARNING  | src.data.downloader            | [YPF] yfinance returned empty DataFrame
2026-05-24 12:37:00 | ERROR    | yfinance                       | $GGAL: possibly delisted; no price data found  (1wk 2026-01-03 -> 2025-12-31) (Yahoo error = "Invalid input - start date cannot be after end date. startDate = 1767416400, endDate = 1767157200")
2026-05-24 12:37:00 | WARNING  | src.data.downloader            | [GGAL] yfinance returned empty DataFrame
2026-05-24 12:37:01 | ERROR    | yfinance                       | $BMA: possibly delisted; no price data found  (1wk 2026-01-03 -> 2025-12-31) (Yahoo error = "Invalid input - start date cannot be after end date. startDate = 1767416400, endDate = 1767157200")
2026-05-24 12:37:01 | WARNING  | src.data.downloader            | [BMA] yfinance returned empty DataFrame
2026-05-24 12:37:03 | ERROR    | yfinance                       | $PAM: possibly delisted; no price data found  (1wk 2026-01-03 -> 2025-12-31) (Yahoo error = "Invalid input - start date cannot be after end date. startDate = 1767416400, endDate = 1767157200")
2026-05-24 12:37:03 | WARNING  | src.data.downloader            | [PAM] yfinance returned empty DataFrame
2026-05-24 12:37:03 | ERROR    | yfinance                       | $TGS: possibly delisted; no price data found  (1wk 2026-01-03 -> 2025-12-31) (Yahoo error = "Invalid input - start date cannot be after end date. startDate = 1767416400, endDate = 1767157200")
2026-05-24 12:37:03 | WARNING  | src.data.downloader            | [TGS] yfinance returned empty DataFrame
2026-05-24 12:37:05 | ERROR    | yfinance                       | $CEPU: possibly delisted; no price data found  (1wk 2026-01-03 -> 2025-12-31) (Yahoo error = "Invalid input - start date cannot be after end date. startDate = 1767416400, endDate = 1767157200")
2026-05-24 12:37:05 | WARNING  | src.data.downloader            | [CEPU] yfinance returned empty DataFrame
2026-05-24 12:37:06 | ERROR    | yfinance                       | $EDN: possibly delisted; no price data found  (1wk 2026-01-03 -> 2025-12-31) (Yahoo error = "Invalid input - start date cannot be after end date. startDate = 1767416400, endDate = 1767157200")
2026-05-24 12:37:06 | WARNING  | src.data.downloader            | [EDN] yfinance returned empty DataFrame
2026-05-24 12:37:07 | ERROR    | yfinance                       | $LOMA: possibly delisted; no price data found  (1wk 2026-01-03 -> 2025-12-31) (Yahoo error = "Invalid input - start date cannot be after end date. startDate = 1767416400, endDate = 1767157200")
2026-05-24 12:37:07 | WARNING  | src.data.downloader            | [LOMA] yfinance returned empty DataFrame
2026-05-24 12:37:08 | ERROR    | yfinance                       | $CRESY: possibly delisted; no price data found  (1wk 2026-01-03 -> 2025-12-31) (Yahoo error = "Invalid input - start date cannot be after end date. startDate = 1767416400, endDate = 1767157200")
2026-05-24 12:37:08 | WARNING  | src.data.downloader            | [CRESY] yfinance returned empty DataFrame
2026-05-24 12:37:09 | ERROR    | yfinance                       | $IRS: possibly delisted; no price data found  (1wk 2026-01-03 -> 2025-12-31) (Yahoo error = "Invalid input - start date cannot be after end date. startDate = 1767416400, endDate = 1767157200")
2026-05-24 12:37:09 | WARNING  | src.data.downloader            | [IRS] yfinance returned empty DataFrame
2026-05-24 12:37:09 | WARNING  | src.data.downloader            | [YPF] no data downloaded
2026-05-24 12:37:09 | WARNING  | src.data.downloader            | [GGAL] no data downloaded
2026-05-24 12:37:09 | WARNING  | src.data.downloader            | [BMA] no data downloaded
2026-05-24 12:37:09 | WARNING  | src.data.downloader            | [PAM] no data downloaded
2026-05-24 12:37:09 | WARNING  | src.data.downloader            | [TGS] no data downloaded
2026-05-24 12:37:09 | WARNING  | src.data.downloader            | [CEPU] no data downloaded
2026-05-24 12:37:09 | WARNING  | src.data.downloader            | [EDN] no data downloaded
2026-05-24 12:37:09 | WARNING  | src.data.downloader            | [LOMA] no data downloaded
2026-05-24 12:37:09 | WARNING  | src.data.downloader            | [CRESY] no data downloaded
2026-05-24 12:37:09 | WARNING  | src.data.downloader            | [IRS] no data downloaded
2026-05-24 12:37:10 | ERROR    | yfinance                       | $^MERV: possibly delisted; no price data found  (1wk 2026-01-03 -> 2025-12-31) (Yahoo error = "Invalid input - start date cannot be after end date. startDate = 1767409200, endDate = 1767150000")
2026-05-24 12:37:10 | WARNING  | src.data.downloader            | [^MERV] yfinance returned empty DataFrame
2026-05-24 12:37:10 | ERROR    | yfinance                       | $AL30D.BA: possibly delisted; no timezone found
2026-05-24 12:37:10 | WARNING  | src.data.scraper_al30d         | [AL30D.BA] all sources failed and no cache available
2026-05-24 12:37:10 | WARNING  | src.data.scraper_al30d         | sovereign_bond: all sources failed — returning empty series
2026-05-24 12:37:11 | WARNING  | src.data.scraper_ccl           | CCL: all sources failed — returning empty series
2026-05-24 12:37:12 | WARNING  | src.data.scraper_macro         | [macro/ipc] extending last cached value (10115.6707) to fill 2026-01-03 → 2025-12-31
2026-05-24 12:37:12 | WARNING  | src.data.scraper_macro         | [macro/embi] cache has no valid values
2026-05-24 12:37:13 | WARNING  | src.data.scraper_macro         | [macro/reservas] extending last cached value (42210.6774) to fill 2026-01-03 → 2025-12-31
2026-05-24 12:37:14 | WARNING  | src.data.scraper_macro         | [macro/tc_oficial] extending last cached value (1480.0000) to fill 2026-01-03 → 2025-12-31
2026-05-24 12:37:14 | INFO     | src.data.validator             | Coverage report [prices]
2026-05-24 12:37:14 | INFO     | src.data.validator             | ----------------------------------------------------------------------------------
2026-05-24 12:37:14 | INFO     | src.data.validator             | asset                 first_date    last_date      rows    nan    nan%  status    
2026-05-24 12:37:14 | INFO     | src.data.validator             | ----------------------------------------------------------------------------------
2026-05-24 12:37:14 | ERROR    | src.data.validator             | YPF                   MISSING       MISSING           0      0  100.00%  ERROR     
2026-05-24 12:37:14 | ERROR    | src.data.validator             | GGAL                  MISSING       MISSING           0      0  100.00%  ERROR     
2026-05-24 12:37:14 | ERROR    | src.data.validator             | BMA                   MISSING       MISSING           0      0  100.00%  ERROR     
2026-05-24 12:37:14 | ERROR    | src.data.validator             | PAM                   MISSING       MISSING           0      0  100.00%  ERROR     
2026-05-24 12:37:14 | ERROR    | src.data.validator             | TGS                   MISSING       MISSING           0      0  100.00%  ERROR     
2026-05-24 12:37:14 | ERROR    | src.data.validator             | CEPU                  MISSING       MISSING           0      0  100.00%  ERROR     
2026-05-24 12:37:14 | ERROR    | src.data.validator             | EDN                   MISSING       MISSING           0      0  100.00%  ERROR     
2026-05-24 12:37:14 | ERROR    | src.data.validator             | LOMA                  MISSING       MISSING           0      0  100.00%  ERROR     
2026-05-24 12:37:14 | ERROR    | src.data.validator             | CRESY                 MISSING       MISSING           0      0  100.00%  ERROR     
2026-05-24 12:37:14 | ERROR    | src.data.validator             | IRS                   MISSING       MISSING           0      0  100.00%  ERROR     
2026-05-24 12:37:14 | ERROR    | src.data.validator             | sovereign_bond        MISSING       MISSING           0      0  100.00%  ERROR     
2026-05-24 12:37:14 | ERROR    | src.data.validator             | merval                MISSING       MISSING           0      0  100.00%  ERROR     
2026-05-24 12:37:14 | ERROR    | src.data.validator             | ccl                   MISSING       MISSING           0      0  100.00%  ERROR     
2026-05-24 12:37:14 | INFO     | src.data.validator             | ----------------------------------------------------------------------------------
2026-05-24 12:37:14 | INFO     | src.data.validator             | Coverage report [macro]
2026-05-24 12:37:14 | INFO     | src.data.validator             | ----------------------------------------------------------------------------------
2026-05-24 12:37:14 | INFO     | src.data.validator             | asset                 first_date    last_date      rows    nan    nan%  status    
2026-05-24 12:37:14 | INFO     | src.data.validator             | ----------------------------------------------------------------------------------
2026-05-24 12:37:14 | ERROR    | src.data.validator             | ipc                   MISSING       MISSING           0      0  100.00%  ERROR     
2026-05-24 12:37:14 | ERROR    | src.data.validator             | embi                  MISSING       MISSING           0      0  100.00%  ERROR     
2026-05-24 12:37:14 | ERROR    | src.data.validator             | reservas              MISSING       MISSING           0      0  100.00%  ERROR     
2026-05-24 12:37:14 | ERROR    | src.data.validator             | tc_oficial            MISSING       MISSING           0      0  100.00%  ERROR     
2026-05-24 12:37:14 | INFO     | src.data.validator             | ----------------------------------------------------------------------------------
2026-05-24 12:37:14 | ERROR    | src.data.loader                | Live-month validation failed — data NOT appended. 15 error(s):
2026-05-24 12:37:14 | ERROR    | src.data.loader                |   [YPF] series is entirely NaN (0 rows)
2026-05-24 12:37:14 | ERROR    | src.data.loader                |   [GGAL] series is entirely NaN (0 rows)
2026-05-24 12:37:14 | ERROR    | src.data.loader                |   [BMA] series is entirely NaN (0 rows)
2026-05-24 12:37:14 | ERROR    | src.data.loader                |   [PAM] series is entirely NaN (0 rows)
2026-05-24 12:37:14 | ERROR    | src.data.loader                |   [TGS] series is entirely NaN (0 rows)
2026-05-24 12:37:14 | ERROR    | src.data.loader                |   [CEPU] series is entirely NaN (0 rows)
2026-05-24 12:37:14 | ERROR    | src.data.loader                |   [EDN] series is entirely NaN (0 rows)
2026-05-24 12:37:14 | ERROR    | src.data.loader                |   [LOMA] series is entirely NaN (0 rows)
2026-05-24 12:37:14 | ERROR    | src.data.loader                |   [CRESY] series is entirely NaN (0 rows)
2026-05-24 12:37:14 | ERROR    | src.data.loader                |   [IRS] series is entirely NaN (0 rows)
2026-05-24 12:37:14 | ERROR    | src.data.loader                |   [merval] series is entirely NaN (0 rows)
2026-05-24 12:37:14 | ERROR    | src.data.loader                |   [ccl] series is entirely NaN (0 rows)
2026-05-24 12:37:14 | ERROR    | src.data.loader                |   [ipc] series is entirely NaN (0 rows)
2026-05-24 12:37:14 | ERROR    | src.data.loader                |   [reservas] series is entirely NaN (0 rows)
2026-05-24 12:37:14 | ERROR    | src.data.loader                |   [tc_oficial] series is entirely NaN (0 rows)
2026-05-24 12:37:14 | INFO     | src.features.features          | compute_features: 890 weekly rows | 10 tickers | warm-up = 30 rows
2026-05-24 12:37:14 | WARNING  | src.nlp.nlp                    | News directory not found: data\news\2025\12 — returning 0.0 (neutral)
2026-05-24 12:37:14 | WARNING  | src.signals.regime             | _build_monthly_feature_matrix: 'embi' is entirely NaN — filling with 0.0
2026-05-24 12:37:14 | INFO     | src.signals.regime             | Regime prediction: risk_on (p=0.705) | month=2025-12 | nlp_score=0.0000
2026-05-24 12:37:14 | INFO     | src.allocation.allocator       | compute_weights: risk_on (p=0.705) | active=[BMA=1.303, CEPU=1.414, CRESY=1.251, EDN=1.159, GGAL=1.188, IRS=1.153, LOMA=1.237, PAM=1.182, TGS=1.145, YPF=1.120] | excluded=[none] | BMA=0.1000 CEPU=0.1000 CRESY=0.1000 EDN=0.1000 GGAL=0.1000 IRS=0.1000 LOMA=0.1000 PAM=0.1000 TGS=0.1000 YPF=0.1000
2026-05-24 12:37:14 | INFO     | __main__                       | 2025-12 | risk_on (p=0.705) | nlp=0.0000 | active=10 excluded=0
2026-05-24 12:37:14 | INFO     | src.utils.utils                | [DONE]  live 2025-12 — 16.04s
2026-05-24 12:37:14 | INFO     | __main__                       | Live loop complete: 24/24 months succeeded.
2026-05-24 12:37:14 | INFO     | src.utils.utils                | [START] backtest
2026-05-24 12:37:14 | INFO     | src.backtest.engine            | Rebalance: decision=2024-01 | initial → risk_off | execution=2024-02-05
2026-05-24 12:37:14 | INFO     | src.backtest.engine            | Rebalance: decision=2024-02 | risk_off → risk_on | execution=2024-03-04
2026-05-24 12:37:14 | INFO     | src.backtest.engine            | Rebalance: decision=2024-11 | risk_on → risk_off | execution=2024-12-02
2026-05-24 12:37:14 | INFO     | src.backtest.engine            | Rebalance: decision=2024-12 | risk_off → risk_on | execution=2025-01-01
2026-05-24 12:37:14 | INFO     | src.backtest.engine            | Rebalance: decision=2025-02 | risk_on → risk_off | execution=2025-03-03
2026-05-24 12:37:14 | INFO     | src.backtest.engine            | Rebalance: decision=2025-05 | risk_off → risk_on | execution=2025-06-02
2026-05-24 12:37:14 | INFO     | src.backtest.engine            | Rebalance: decision=2025-08 | risk_on → risk_off | execution=2025-09-01
2026-05-24 12:37:14 | INFO     | src.backtest.engine            | Rebalance: decision=2025-10 | risk_off → risk_on | execution=2025-11-03
2026-05-24 12:37:14 | WARNING  | src.backtest.benchmarks        | _al30d_static: no AL30D data for 2024-02-05 → 2025-12-29
2026-05-24 12:38:57 | WARNING  | src.backtest.benchmarks        | fima daily: 100/100 requests failed — endpoint puede no soportar ?fecha
2026-05-24 12:38:57 | INFO     | src.backtest.benchmarks        | fima_acciones_usd: Opción A falló — intentando fallback Opción B
2026-05-24 12:38:58 | WARNING  | src.backtest.benchmarks        | fima rendimiento: HTTP 403 — https://api.cafci.org.ar/fondo/21/clase/21/rendimiento/2024-02-05/2025-12-29
2026-05-24 12:38:58 | WARNING  | src.backtest.benchmarks        | fima_acciones_usd: ambas opciones fallaron — retornando serie vacía
2026-05-24 12:38:58 | INFO     | src.backtest.engine            | Backtest complete: 2024-02-05 → 2025-12-29 | 101 weeks | 8 rebalances
2026-05-24 12:38:58 | INFO     | src.utils.utils                | [DONE]  backtest — 103.96s
2026-05-24 12:38:58 | INFO     | src.utils.utils                | [START] metrics + outputs 2024
2026-05-24 12:38:58 | INFO     | src.metrics.metrics            | Portfolio — total_return=133.04%  ann_return=150.07%  sharpe=3.93  max_dd=-14.10%
2026-05-24 12:38:58 | INFO     | src.metrics.metrics            | EW B&H ADRs      — total_return=136.42%  ann_return=154.00%  sharpe=3.97
2026-05-24 12:38:58 | INFO     | src.metrics.metrics            | AL30D Static     — total_return=nan%  ann_return=nan%  sharpe=nan
2026-05-24 12:38:58 | INFO     | src.metrics.metrics            | Merval USD       — total_return=129.21%  ann_return=58.23%  sharpe=1.67
2026-05-24 12:38:58 | INFO     | src.metrics.metrics            | fima_acciones_usd — total_return=nan%  ann_return=nan%  sharpe=nan
2026-05-24 12:38:58 | INFO     | src.metrics.metrics            | Saved: results\2024\performance_metrics.csv
2026-05-24 12:39:00 | INFO     | src.metrics.visualizer         | Saved: results\2024\figures\equity_curves.png (+ .pdf)
2026-05-24 12:39:00 | INFO     | src.metrics.visualizer         | Saved: results\2024\figures\drawdown.png (+ .pdf)
2026-05-24 12:39:00 | INFO     | __main__                       | portfolio_weights.csv → results\2024\portfolio_weights.csv (12 rows)
2026-05-24 12:39:00 | INFO     | src.utils.utils                | [DONE]  metrics + outputs 2024 — 2.32s
2026-05-24 12:39:00 | INFO     | src.utils.utils                | Snapshot saved: results\2024\snapshot_20260524_153900.json
2026-05-24 12:39:00 | INFO     | __main__                       | Year 2024 outputs saved → results\2024 | rebalances=3 | total_return=133.04%
2026-05-24 12:39:00 | INFO     | src.utils.utils                | [START] metrics + outputs 2025
2026-05-24 12:39:00 | INFO     | src.metrics.metrics            | Portfolio — total_return=-23.15%  ann_return=-22.77%  sharpe=-0.57  max_dd=-41.29%
2026-05-24 12:39:00 | INFO     | src.metrics.metrics            | EW B&H ADRs      — total_return=-11.85%  ann_return=-11.64%  sharpe=-0.19
2026-05-24 12:39:00 | INFO     | src.metrics.metrics            | AL30D Static     — total_return=nan%  ann_return=nan%  sharpe=nan
2026-05-24 12:39:00 | INFO     | src.metrics.metrics            | Merval USD       — total_return=-15.79%  ann_return=-8.16%  sharpe=-0.18
2026-05-24 12:39:00 | INFO     | src.metrics.metrics            | fima_acciones_usd — total_return=nan%  ann_return=nan%  sharpe=nan
2026-05-24 12:39:00 | INFO     | src.metrics.metrics            | Saved: results\2025\performance_metrics.csv
2026-05-24 12:39:01 | INFO     | src.metrics.visualizer         | Saved: results\2025\figures\equity_curves.png (+ .pdf)
2026-05-24 12:39:02 | INFO     | src.metrics.visualizer         | Saved: results\2025\figures\drawdown.png (+ .pdf)
2026-05-24 12:39:02 | INFO     | __main__                       | portfolio_weights.csv → results\2025\portfolio_weights.csv (12 rows)
2026-05-24 12:39:02 | INFO     | src.utils.utils                | [DONE]  metrics + outputs 2025 — 1.26s
2026-05-24 12:39:02 | INFO     | src.utils.utils                | Snapshot saved: results\2025\snapshot_20260524_153902.json
2026-05-24 12:39:02 | INFO     | __main__                       | Year 2025 outputs saved → results\2025 | rebalances=5 | total_return=-23.15%
2026-05-24 12:39:02 | INFO     | __main__                       | Live mode complete. All outputs written to results/
