2026-05-24 12:03:33 | INFO     | src.utils.utils                | Logging initialized — level=INFO  file=logs\run_20260524_150333.log
2026-05-24 12:03:33 | INFO     | __main__                       | === gestionHvsA-adrsArgy | mode=live ===
2026-05-24 12:03:33 | INFO     | __main__                       | Live mode: 24 months | 2024-01 → 2025-12
2026-05-24 12:03:33 | INFO     | src.utils.utils                | [START] live 2024-01
2026-05-24 12:03:33 | INFO     | src.data.loader                | Starting live-month download: 2025-07-01 → 2024-01-31 (cutoff: 2024-01-31) | tickers: ['YPF', 'GGAL', 'BMA', 'PAM', 'TGS', 'CEPU', 'EDN', 'LOMA', 'CRESY', 'IRS']
2026-05-24 12:03:42 | ERROR    | yfinance                       | $YPF: possibly delisted; no price data found  (1wk 2025-07-01 -> 2024-01-31) (Yahoo error = "Invalid input - start date cannot be after end date. startDate = 1751342400, endDate = 1706677200")
2026-05-24 12:03:42 | WARNING  | src.data.downloader            | [YPF] yfinance returned empty DataFrame
2026-05-24 12:03:43 | ERROR    | yfinance                       | $GGAL: possibly delisted; no price data found  (1wk 2025-07-01 -> 2024-01-31) (Yahoo error = "Invalid input - start date cannot be after end date. startDate = 1751342400, endDate = 1706677200")
2026-05-24 12:03:43 | WARNING  | src.data.downloader            | [GGAL] yfinance returned empty DataFrame
2026-05-24 12:03:44 | ERROR    | yfinance                       | $BMA: possibly delisted; no price data found  (1wk 2025-07-01 -> 2024-01-31) (Yahoo error = "Invalid input - start date cannot be after end date. startDate = 1751342400, endDate = 1706677200")
2026-05-24 12:03:44 | WARNING  | src.data.downloader            | [BMA] yfinance returned empty DataFrame
2026-05-24 12:03:45 | ERROR    | yfinance                       | $PAM: possibly delisted; no price data found  (1wk 2025-07-01 -> 2024-01-31) (Yahoo error = "Invalid input - start date cannot be after end date. startDate = 1751342400, endDate = 1706677200")
2026-05-24 12:03:45 | WARNING  | src.data.downloader            | [PAM] yfinance returned empty DataFrame
2026-05-24 12:03:46 | ERROR    | yfinance                       | $TGS: possibly delisted; no price data found  (1wk 2025-07-01 -> 2024-01-31) (Yahoo error = "Invalid input - start date cannot be after end date. startDate = 1751342400, endDate = 1706677200")
2026-05-24 12:03:46 | WARNING  | src.data.downloader            | [TGS] yfinance returned empty DataFrame
2026-05-24 12:03:48 | ERROR    | yfinance                       | $CEPU: possibly delisted; no price data found  (1wk 2025-07-01 -> 2024-01-31) (Yahoo error = "Invalid input - start date cannot be after end date. startDate = 1751342400, endDate = 1706677200")
2026-05-24 12:03:48 | WARNING  | src.data.downloader            | [CEPU] yfinance returned empty DataFrame
2026-05-24 12:03:49 | ERROR    | yfinance                       | $EDN: possibly delisted; no price data found  (1wk 2025-07-01 -> 2024-01-31) (Yahoo error = "Invalid input - start date cannot be after end date. startDate = 1751342400, endDate = 1706677200")
2026-05-24 12:03:49 | WARNING  | src.data.downloader            | [EDN] yfinance returned empty DataFrame
2026-05-24 12:03:50 | ERROR    | yfinance                       | $LOMA: possibly delisted; no price data found  (1wk 2025-07-01 -> 2024-01-31) (Yahoo error = "Invalid input - start date cannot be after end date. startDate = 1751342400, endDate = 1706677200")
2026-05-24 12:03:50 | WARNING  | src.data.downloader            | [LOMA] yfinance returned empty DataFrame
2026-05-24 12:03:51 | ERROR    | yfinance                       | $CRESY: possibly delisted; no price data found  (1wk 2025-07-01 -> 2024-01-31) (Yahoo error = "Invalid input - start date cannot be after end date. startDate = 1751342400, endDate = 1706677200")
2026-05-24 12:03:51 | WARNING  | src.data.downloader            | [CRESY] yfinance returned empty DataFrame
2026-05-24 12:03:53 | ERROR    | yfinance                       | $IRS: possibly delisted; no price data found  (1wk 2025-07-01 -> 2024-01-31) (Yahoo error = "Invalid input - start date cannot be after end date. startDate = 1751342400, endDate = 1706677200")
2026-05-24 12:03:53 | WARNING  | src.data.downloader            | [IRS] yfinance returned empty DataFrame
2026-05-24 12:03:53 | WARNING  | src.data.downloader            | [YPF] no data downloaded
2026-05-24 12:03:53 | WARNING  | src.data.downloader            | [GGAL] no data downloaded
2026-05-24 12:03:53 | WARNING  | src.data.downloader            | [BMA] no data downloaded
2026-05-24 12:03:53 | WARNING  | src.data.downloader            | [PAM] no data downloaded
2026-05-24 12:03:53 | WARNING  | src.data.downloader            | [TGS] no data downloaded
2026-05-24 12:03:53 | WARNING  | src.data.downloader            | [CEPU] no data downloaded
2026-05-24 12:03:53 | WARNING  | src.data.downloader            | [EDN] no data downloaded
2026-05-24 12:03:53 | WARNING  | src.data.downloader            | [LOMA] no data downloaded
2026-05-24 12:03:53 | WARNING  | src.data.downloader            | [CRESY] no data downloaded
2026-05-24 12:03:53 | WARNING  | src.data.downloader            | [IRS] no data downloaded
2026-05-24 12:03:54 | ERROR    | yfinance                       | $^MERV: possibly delisted; no price data found  (1wk 2025-07-01 -> 2024-01-31) (Yahoo error = "Invalid input - start date cannot be after end date. startDate = 1751338800, endDate = 1706670000")
2026-05-24 12:03:54 | WARNING  | src.data.downloader            | [^MERV] yfinance returned empty DataFrame
2026-05-24 12:03:59 | ERROR    | yfinance                       | HTTP Error 404: {"quoteSummary":{"result":null,"error":{"code":"Not Found","description":"Quote not found for symbol: AL30D.BA"}}}
2026-05-24 12:04:00 | ERROR    | yfinance                       | $AL30D.BA: possibly delisted; no timezone found
2026-05-24 12:04:00 | WARNING  | src.data.scraper_al30d         | [AL30D.BA] all sources failed and no cache available
2026-05-24 12:04:00 | WARNING  | src.data.scraper_al30d         | sovereign_bond: all sources failed — returning empty series
2026-05-24 12:04:01 | WARNING  | src.data.scraper_ccl           | CCL: all sources failed — returning empty series
2026-05-24 12:04:02 | WARNING  | src.data.scraper_macro         | [macro/ipc] extending last cached value (4132.4790) to fill 2025-07-01 → 2024-01-31
2026-05-24 12:04:03 | WARNING  | src.data.scraper_macro         | [macro/embi] cache has no valid values
2026-05-24 12:04:03 | WARNING  | src.data.scraper_macro         | [macro/reservas] extending last cached value (24302.2581) to fill 2025-07-01 → 2024-01-31
2026-05-24 12:04:04 | WARNING  | src.data.scraper_macro         | [macro/tc_oficial] extending last cached value (845.5000) to fill 2025-07-01 → 2024-01-31
2026-05-24 12:04:04 | INFO     | src.data.validator             | Coverage report [prices]
2026-05-24 12:04:04 | INFO     | src.data.validator             | ----------------------------------------------------------------------------------
2026-05-24 12:04:04 | INFO     | src.data.validator             | asset                 first_date    last_date      rows    nan    nan%  status    
2026-05-24 12:04:04 | INFO     | src.data.validator             | ----------------------------------------------------------------------------------
2026-05-24 12:04:04 | ERROR    | src.data.validator             | YPF                   MISSING       MISSING           0      0  100.00%  ERROR     
2026-05-24 12:04:04 | ERROR    | src.data.validator             | GGAL                  MISSING       MISSING           0      0  100.00%  ERROR     
2026-05-24 12:04:04 | ERROR    | src.data.validator             | BMA                   MISSING       MISSING           0      0  100.00%  ERROR     
2026-05-24 12:04:04 | ERROR    | src.data.validator             | PAM                   MISSING       MISSING           0      0  100.00%  ERROR     
2026-05-24 12:04:04 | ERROR    | src.data.validator             | TGS                   MISSING       MISSING           0      0  100.00%  ERROR     
2026-05-24 12:04:04 | ERROR    | src.data.validator             | CEPU                  MISSING       MISSING           0      0  100.00%  ERROR     
2026-05-24 12:04:04 | ERROR    | src.data.validator             | EDN                   MISSING       MISSING           0      0  100.00%  ERROR     
2026-05-24 12:04:04 | ERROR    | src.data.validator             | LOMA                  MISSING       MISSING           0      0  100.00%  ERROR     
2026-05-24 12:04:04 | ERROR    | src.data.validator             | CRESY                 MISSING       MISSING           0      0  100.00%  ERROR     
2026-05-24 12:04:04 | ERROR    | src.data.validator             | IRS                   MISSING       MISSING           0      0  100.00%  ERROR     
2026-05-24 12:04:04 | ERROR    | src.data.validator             | sovereign_bond        MISSING       MISSING           0      0  100.00%  ERROR     
2026-05-24 12:04:04 | ERROR    | src.data.validator             | merval                MISSING       MISSING           0      0  100.00%  ERROR     
2026-05-24 12:04:04 | ERROR    | src.data.validator             | ccl                   MISSING       MISSING           0      0  100.00%  ERROR     
2026-05-24 12:04:04 | INFO     | src.data.validator             | ----------------------------------------------------------------------------------
2026-05-24 12:04:04 | INFO     | src.data.validator             | Coverage report [macro]
2026-05-24 12:04:04 | INFO     | src.data.validator             | ----------------------------------------------------------------------------------
2026-05-24 12:04:04 | INFO     | src.data.validator             | asset                 first_date    last_date      rows    nan    nan%  status    
2026-05-24 12:04:04 | INFO     | src.data.validator             | ----------------------------------------------------------------------------------
2026-05-24 12:04:04 | ERROR    | src.data.validator             | ipc                   MISSING       MISSING           0      0  100.00%  ERROR     
2026-05-24 12:04:04 | ERROR    | src.data.validator             | embi                  MISSING       MISSING           0      0  100.00%  ERROR     
2026-05-24 12:04:04 | ERROR    | src.data.validator             | reservas              MISSING       MISSING           0      0  100.00%  ERROR     
2026-05-24 12:04:04 | ERROR    | src.data.validator             | tc_oficial            MISSING       MISSING           0      0  100.00%  ERROR     
2026-05-24 12:04:04 | INFO     | src.data.validator             | ----------------------------------------------------------------------------------
2026-05-24 12:04:04 | ERROR    | src.data.loader                | Live-month validation failed — data NOT appended. 15 error(s):
2026-05-24 12:04:04 | ERROR    | src.data.loader                |   [YPF] series is entirely NaN (0 rows)
2026-05-24 12:04:04 | ERROR    | src.data.loader                |   [GGAL] series is entirely NaN (0 rows)
2026-05-24 12:04:04 | ERROR    | src.data.loader                |   [BMA] series is entirely NaN (0 rows)
2026-05-24 12:04:04 | ERROR    | src.data.loader                |   [PAM] series is entirely NaN (0 rows)
2026-05-24 12:04:04 | ERROR    | src.data.loader                |   [TGS] series is entirely NaN (0 rows)
2026-05-24 12:04:04 | ERROR    | src.data.loader                |   [CEPU] series is entirely NaN (0 rows)
2026-05-24 12:04:04 | ERROR    | src.data.loader                |   [EDN] series is entirely NaN (0 rows)
2026-05-24 12:04:04 | ERROR    | src.data.loader                |   [LOMA] series is entirely NaN (0 rows)
2026-05-24 12:04:04 | ERROR    | src.data.loader                |   [CRESY] series is entirely NaN (0 rows)
2026-05-24 12:04:04 | ERROR    | src.data.loader                |   [IRS] series is entirely NaN (0 rows)
2026-05-24 12:04:04 | ERROR    | src.data.loader                |   [merval] series is entirely NaN (0 rows)
2026-05-24 12:04:04 | ERROR    | src.data.loader                |   [ccl] series is entirely NaN (0 rows)
2026-05-24 12:04:04 | ERROR    | src.data.loader                |   [ipc] series is entirely NaN (0 rows)
2026-05-24 12:04:04 | ERROR    | src.data.loader                |   [reservas] series is entirely NaN (0 rows)
2026-05-24 12:04:04 | ERROR    | src.data.loader                |   [tc_oficial] series is entirely NaN (0 rows)
2026-05-24 12:04:05 | INFO     | src.features.features          | compute_features: 789 weekly rows | 10 tickers | warm-up = 30 rows
2026-05-24 12:04:05 | WARNING  | src.nlp.nlp                    | News directory not found: data\news\2024\01 — returning 0.0 (neutral)
2026-05-24 12:04:05 | WARNING  | src.signals.regime             | _build_monthly_feature_matrix: 'embi' is entirely NaN — filling with 0.0
2026-05-24 12:04:05 | INFO     | src.signals.regime             | Regime prediction: risk_off (p=0.431) | month=2024-01 | nlp_score=0.0000
2026-05-24 12:04:05 | INFO     | src.allocation.allocator       | compute_weights: risk_off (p=0.431) | active=[BMA=1.495, CEPU=1.506, CRESY=1.269, EDN=1.448, GGAL=1.509, IRS=1.311, LOMA=1.126, PAM=1.172, TGS=1.238, YPF=1.300] | excluded=[none] | BMA=0.0800 CEPU=0.0800 CRESY=0.0800 EDN=0.0800 GGAL=0.0800 IRS=0.0800 LOMA=0.0800 PAM=0.0800 TGS=0.0800 YPF=0.0800 AL30D=0.2000
2026-05-24 12:04:05 | INFO     | __main__                       | 2024-01 | risk_off (p=0.431) | nlp=0.0000 | active=10 excluded=0
2026-05-24 12:04:05 | INFO     | src.utils.utils                | [DONE]  live 2024-01 — 31.62s
2026-05-24 12:04:05 | INFO     | src.utils.utils                | [START] live 2024-02
2026-05-24 12:04:05 | INFO     | src.data.loader                | Starting live-month download: 2025-07-01 → 2024-02-29 (cutoff: 2024-02-29) | tickers: ['YPF', 'GGAL', 'BMA', 'PAM', 'TGS', 'CEPU', 'EDN', 'LOMA', 'CRESY', 'IRS']
2026-05-24 12:04:06 | ERROR    | yfinance                       | $YPF: possibly delisted; no price data found  (1wk 2025-07-01 -> 2024-02-29) (Yahoo error = "Invalid input - start date cannot be after end date. startDate = 1751342400, endDate = 1709182800")
2026-05-24 12:04:06 | WARNING  | src.data.downloader            | [YPF] yfinance returned empty DataFrame
2026-05-24 12:04:07 | ERROR    | yfinance                       | $GGAL: possibly delisted; no price data found  (1wk 2025-07-01 -> 2024-02-29) (Yahoo error = "Invalid input - start date cannot be after end date. startDate = 1751342400, endDate = 1709182800")
2026-05-24 12:04:07 | WARNING  | src.data.downloader            | [GGAL] yfinance returned empty DataFrame
2026-05-24 12:04:09 | ERROR    | yfinance                       | $BMA: possibly delisted; no price data found  (1wk 2025-07-01 -> 2024-02-29) (Yahoo error = "Invalid input - start date cannot be after end date. startDate = 1751342400, endDate = 1709182800")
2026-05-24 12:04:09 | WARNING  | src.data.downloader            | [BMA] yfinance returned empty DataFrame
2026-05-24 12:04:10 | ERROR    | yfinance                       | $PAM: possibly delisted; no price data found  (1wk 2025-07-01 -> 2024-02-29) (Yahoo error = "Invalid input - start date cannot be after end date. startDate = 1751342400, endDate = 1709182800")
2026-05-24 12:04:10 | WARNING  | src.data.downloader            | [PAM] yfinance returned empty DataFrame
2026-05-24 12:04:11 | ERROR    | yfinance                       | $TGS: possibly delisted; no price data found  (1wk 2025-07-01 -> 2024-02-29) (Yahoo error = "Invalid input - start date cannot be after end date. startDate = 1751342400, endDate = 1709182800")
2026-05-24 12:04:11 | WARNING  | src.data.downloader            | [TGS] yfinance returned empty DataFrame
2026-05-24 12:04:13 | ERROR    | yfinance                       | $CEPU: possibly delisted; no price data found  (1wk 2025-07-01 -> 2024-02-29) (Yahoo error = "Invalid input - start date cannot be after end date. startDate = 1751342400, endDate = 1709182800")
2026-05-24 12:04:13 | WARNING  | src.data.downloader            | [CEPU] yfinance returned empty DataFrame
2026-05-24 12:04:14 | ERROR    | yfinance                       | $EDN: possibly delisted; no price data found  (1wk 2025-07-01 -> 2024-02-29) (Yahoo error = "Invalid input - start date cannot be after end date. startDate = 1751342400, endDate = 1709182800")
2026-05-24 12:04:14 | WARNING  | src.data.downloader            | [EDN] yfinance returned empty DataFrame
2026-05-24 12:04:15 | ERROR    | yfinance                       | $LOMA: possibly delisted; no price data found  (1wk 2025-07-01 -> 2024-02-29) (Yahoo error = "Invalid input - start date cannot be after end date. startDate = 1751342400, endDate = 1709182800")
2026-05-24 12:04:15 | WARNING  | src.data.downloader            | [LOMA] yfinance returned empty DataFrame
2026-05-24 12:04:16 | ERROR    | yfinance                       | $CRESY: possibly delisted; no price data found  (1wk 2025-07-01 -> 2024-02-29) (Yahoo error = "Invalid input - start date cannot be after end date. startDate = 1751342400, endDate = 1709182800")
2026-05-24 12:04:16 | WARNING  | src.data.downloader            | [CRESY] yfinance returned empty DataFrame
2026-05-24 12:04:18 | ERROR    | yfinance                       | $IRS: possibly delisted; no price data found  (1wk 2025-07-01 -> 2024-02-29) (Yahoo error = "Invalid input - start date cannot be after end date. startDate = 1751342400, endDate = 1709182800")
2026-05-24 12:04:18 | WARNING  | src.data.downloader            | [IRS] yfinance returned empty DataFrame
2026-05-24 12:04:18 | WARNING  | src.data.downloader            | [YPF] no data downloaded
2026-05-24 12:04:18 | WARNING  | src.data.downloader            | [GGAL] no data downloaded
2026-05-24 12:04:18 | WARNING  | src.data.downloader            | [BMA] no data downloaded
2026-05-24 12:04:18 | WARNING  | src.data.downloader            | [PAM] no data downloaded
2026-05-24 12:04:18 | WARNING  | src.data.downloader            | [TGS] no data downloaded
2026-05-24 12:04:18 | WARNING  | src.data.downloader            | [CEPU] no data downloaded
2026-05-24 12:04:18 | WARNING  | src.data.downloader            | [EDN] no data downloaded
2026-05-24 12:04:18 | WARNING  | src.data.downloader            | [LOMA] no data downloaded
2026-05-24 12:04:18 | WARNING  | src.data.downloader            | [CRESY] no data downloaded
2026-05-24 12:04:18 | WARNING  | src.data.downloader            | [IRS] no data downloaded
2026-05-24 12:04:19 | ERROR    | yfinance                       | $^MERV: possibly delisted; no price data found  (1wk 2025-07-01 -> 2024-02-29) (Yahoo error = "Invalid input - start date cannot be after end date. startDate = 1751338800, endDate = 1709175600")
2026-05-24 12:04:19 | WARNING  | src.data.downloader            | [^MERV] yfinance returned empty DataFrame
2026-05-24 12:04:20 | ERROR    | yfinance                       | HTTP Error 404: {"quoteSummary":{"result":null,"error":{"code":"Not Found","description":"Quote not found for symbol: AL30D.BA"}}}
2026-05-24 12:04:20 | ERROR    | yfinance                       | $AL30D.BA: possibly delisted; no timezone found
2026-05-24 12:04:20 | WARNING  | src.data.scraper_al30d         | [AL30D.BA] all sources failed and no cache available
2026-05-24 12:04:20 | WARNING  | src.data.scraper_al30d         | sovereign_bond: all sources failed — returning empty series
2026-05-24 12:04:21 | WARNING  | src.data.scraper_ccl           | CCL: all sources failed — returning empty series
2026-05-24 12:04:21 | WARNING  | src.data.scraper_macro         | [macro/ipc] extending last cached value (4132.4790) to fill 2025-07-01 → 2024-02-29
2026-05-24 12:04:22 | WARNING  | src.data.scraper_macro         | [macro/embi] cache has no valid values
2026-05-24 12:04:23 | WARNING  | src.data.scraper_macro         | [macro/reservas] extending last cached value (24302.2581) to fill 2025-07-01 → 2024-02-29
2026-05-24 12:04:24 | WARNING  | src.data.scraper_macro         | [macro/tc_oficial] extending last cached value (861.0000) to fill 2025-07-01 → 2024-02-29
2026-05-24 12:04:24 | INFO     | src.data.validator             | Coverage report [prices]
2026-05-24 12:04:24 | INFO     | src.data.validator             | ----------------------------------------------------------------------------------
2026-05-24 12:04:24 | INFO     | src.data.validator             | asset                 first_date    last_date      rows    nan    nan%  status    
2026-05-24 12:04:24 | INFO     | src.data.validator             | ----------------------------------------------------------------------------------
2026-05-24 12:04:24 | ERROR    | src.data.validator             | YPF                   MISSING       MISSING           0      0  100.00%  ERROR     
2026-05-24 12:04:24 | ERROR    | src.data.validator             | GGAL                  MISSING       MISSING           0      0  100.00%  ERROR     
2026-05-24 12:04:24 | ERROR    | src.data.validator             | BMA                   MISSING       MISSING           0      0  100.00%  ERROR     
2026-05-24 12:04:24 | ERROR    | src.data.validator             | PAM                   MISSING       MISSING           0      0  100.00%  ERROR     
2026-05-24 12:04:24 | ERROR    | src.data.validator             | TGS                   MISSING       MISSING           0      0  100.00%  ERROR     
2026-05-24 12:04:24 | ERROR    | src.data.validator             | CEPU                  MISSING       MISSING           0      0  100.00%  ERROR     
2026-05-24 12:04:24 | ERROR    | src.data.validator             | EDN                   MISSING       MISSING           0      0  100.00%  ERROR     
2026-05-24 12:04:24 | ERROR    | src.data.validator             | LOMA                  MISSING       MISSING           0      0  100.00%  ERROR     
2026-05-24 12:04:24 | ERROR    | src.data.validator             | CRESY                 MISSING       MISSING           0      0  100.00%  ERROR     
2026-05-24 12:04:24 | ERROR    | src.data.validator             | IRS                   MISSING       MISSING           0      0  100.00%  ERROR     
2026-05-24 12:04:24 | ERROR    | src.data.validator             | sovereign_bond        MISSING       MISSING           0      0  100.00%  ERROR     
2026-05-24 12:04:24 | ERROR    | src.data.validator             | merval                MISSING       MISSING           0      0  100.00%  ERROR     
2026-05-24 12:04:24 | ERROR    | src.data.validator             | ccl                   MISSING       MISSING           0      0  100.00%  ERROR     
2026-05-24 12:04:24 | INFO     | src.data.validator             | ----------------------------------------------------------------------------------
2026-05-24 12:04:24 | INFO     | src.data.validator             | Coverage report [macro]
2026-05-24 12:04:24 | INFO     | src.data.validator             | ----------------------------------------------------------------------------------
2026-05-24 12:04:24 | INFO     | src.data.validator             | asset                 first_date    last_date      rows    nan    nan%  status    
2026-05-24 12:04:24 | INFO     | src.data.validator             | ----------------------------------------------------------------------------------
2026-05-24 12:04:24 | ERROR    | src.data.validator             | ipc                   MISSING       MISSING           0      0  100.00%  ERROR     
2026-05-24 12:04:24 | ERROR    | src.data.validator             | embi                  MISSING       MISSING           0      0  100.00%  ERROR     
2026-05-24 12:04:24 | ERROR    | src.data.validator             | reservas              MISSING       MISSING           0      0  100.00%  ERROR     
2026-05-24 12:04:24 | ERROR    | src.data.validator             | tc_oficial            MISSING       MISSING           0      0  100.00%  ERROR     
2026-05-24 12:04:24 | INFO     | src.data.validator             | ----------------------------------------------------------------------------------
2026-05-24 12:04:24 | ERROR    | src.data.loader                | Live-month validation failed — data NOT appended. 15 error(s):
2026-05-24 12:04:24 | ERROR    | src.data.loader                |   [YPF] series is entirely NaN (0 rows)
2026-05-24 12:04:24 | ERROR    | src.data.loader                |   [GGAL] series is entirely NaN (0 rows)
2026-05-24 12:04:24 | ERROR    | src.data.loader                |   [BMA] series is entirely NaN (0 rows)
2026-05-24 12:04:24 | ERROR    | src.data.loader                |   [PAM] series is entirely NaN (0 rows)
2026-05-24 12:04:24 | ERROR    | src.data.loader                |   [TGS] series is entirely NaN (0 rows)
2026-05-24 12:04:24 | ERROR    | src.data.loader                |   [CEPU] series is entirely NaN (0 rows)
2026-05-24 12:04:24 | ERROR    | src.data.loader                |   [EDN] series is entirely NaN (0 rows)
2026-05-24 12:04:24 | ERROR    | src.data.loader                |   [LOMA] series is entirely NaN (0 rows)
2026-05-24 12:04:24 | ERROR    | src.data.loader                |   [CRESY] series is entirely NaN (0 rows)
2026-05-24 12:04:24 | ERROR    | src.data.loader                |   [IRS] series is entirely NaN (0 rows)
2026-05-24 12:04:24 | ERROR    | src.data.loader                |   [merval] series is entirely NaN (0 rows)
2026-05-24 12:04:24 | ERROR    | src.data.loader                |   [ccl] series is entirely NaN (0 rows)
2026-05-24 12:04:24 | ERROR    | src.data.loader                |   [ipc] series is entirely NaN (0 rows)
2026-05-24 12:04:24 | ERROR    | src.data.loader                |   [reservas] series is entirely NaN (0 rows)
2026-05-24 12:04:24 | ERROR    | src.data.loader                |   [tc_oficial] series is entirely NaN (0 rows)
2026-05-24 12:04:24 | INFO     | src.features.features          | compute_features: 793 weekly rows | 10 tickers | warm-up = 30 rows
2026-05-24 12:04:24 | WARNING  | src.nlp.nlp                    | News directory not found: data\news\2024\02 — returning 0.0 (neutral)
2026-05-24 12:04:24 | WARNING  | src.signals.regime             | _build_monthly_feature_matrix: 'embi' is entirely NaN — filling with 0.0
2026-05-24 12:04:24 | INFO     | src.signals.regime             | Regime prediction: risk_on (p=0.973) | month=2024-02 | nlp_score=0.0000
2026-05-24 12:04:24 | INFO     | src.allocation.allocator       | compute_weights: risk_on (p=0.973) | active=[BMA=1.672, CEPU=1.200, CRESY=1.052, EDN=1.166, GGAL=1.464, IRS=1.123, LOMA=1.032, PAM=1.002, TGS=1.072, YPF=1.247] | excluded=[none] | BMA=0.1000 CEPU=0.1000 CRESY=0.1000 EDN=0.1000 GGAL=0.1000 IRS=0.1000 LOMA=0.1000 PAM=0.1000 TGS=0.1000 YPF=0.1000
2026-05-24 12:04:24 | INFO     | __main__                       | 2024-02 | risk_on (p=0.973) | nlp=0.0000 | active=10 excluded=0
2026-05-24 12:04:24 | INFO     | src.utils.utils                | [DONE]  live 2024-02 — 18.87s
2026-05-24 12:04:24 | INFO     | src.utils.utils                | [START] live 2024-03
2026-05-24 12:04:24 | INFO     | src.data.loader                | Starting live-month download: 2025-07-01 → 2024-03-31 (cutoff: 2024-03-31) | tickers: ['YPF', 'GGAL', 'BMA', 'PAM', 'TGS', 'CEPU', 'EDN', 'LOMA', 'CRESY', 'IRS']
2026-05-24 12:04:25 | ERROR    | yfinance                       | $YPF: possibly delisted; no price data found  (1wk 2025-07-01 -> 2024-03-31) (Yahoo error = "Invalid input - start date cannot be after end date. startDate = 1751342400, endDate = 1711857600")
2026-05-24 12:04:25 | WARNING  | src.data.downloader            | [YPF] yfinance returned empty DataFrame
2026-05-24 12:04:27 | ERROR    | yfinance                       | $GGAL: possibly delisted; no price data found  (1wk 2025-07-01 -> 2024-03-31) (Yahoo error = "Invalid input - start date cannot be after end date. startDate = 1751342400, endDate = 1711857600")
2026-05-24 12:04:27 | WARNING  | src.data.downloader            | [GGAL] yfinance returned empty DataFrame
2026-05-24 12:04:28 | ERROR    | yfinance                       | $BMA: possibly delisted; no price data found  (1wk 2025-07-01 -> 2024-03-31) (Yahoo error = "Invalid input - start date cannot be after end date. startDate = 1751342400, endDate = 1711857600")
2026-05-24 12:04:28 | WARNING  | src.data.downloader            | [BMA] yfinance returned empty DataFrame
2026-05-24 12:04:29 | ERROR    | yfinance                       | $PAM: possibly delisted; no price data found  (1wk 2025-07-01 -> 2024-03-31) (Yahoo error = "Invalid input - start date cannot be after end date. startDate = 1751342400, endDate = 1711857600")
2026-05-24 12:04:29 | WARNING  | src.data.downloader            | [PAM] yfinance returned empty DataFrame
2026-05-24 12:04:30 | ERROR    | yfinance                       | $TGS: possibly delisted; no price data found  (1wk 2025-07-01 -> 2024-03-31) (Yahoo error = "Invalid input - start date cannot be after end date. startDate = 1751342400, endDate = 1711857600")
2026-05-24 12:04:30 | WARNING  | src.data.downloader            | [TGS] yfinance returned empty DataFrame
2026-05-24 12:04:32 | ERROR    | yfinance                       | $CEPU: possibly delisted; no price data found  (1wk 2025-07-01 -> 2024-03-31) (Yahoo error = "Invalid input - start date cannot be after end date. startDate = 1751342400, endDate = 1711857600")
2026-05-24 12:04:32 | WARNING  | src.data.downloader            | [CEPU] yfinance returned empty DataFrame
2026-05-24 12:04:33 | ERROR    | yfinance                       | $EDN: possibly delisted; no price data found  (1wk 2025-07-01 -> 2024-03-31) (Yahoo error = "Invalid input - start date cannot be after end date. startDate = 1751342400, endDate = 1711857600")
2026-05-24 12:04:33 | WARNING  | src.data.downloader            | [EDN] yfinance returned empty DataFrame
2026-05-24 12:04:34 | ERROR    | yfinance                       | $LOMA: possibly delisted; no price data found  (1wk 2025-07-01 -> 2024-03-31) (Yahoo error = "Invalid input - start date cannot be after end date. startDate = 1751342400, endDate = 1711857600")
2026-05-24 12:04:34 | WARNING  | src.data.downloader            | [LOMA] yfinance returned empty DataFrame
2026-05-24 12:04:35 | ERROR    | yfinance                       | $CRESY: possibly delisted; no price data found  (1wk 2025-07-01 -> 2024-03-31) (Yahoo error = "Invalid input - start date cannot be after end date. startDate = 1751342400, endDate = 1711857600")
2026-05-24 12:04:35 | WARNING  | src.data.downloader            | [CRESY] yfinance returned empty DataFrame
2026-05-24 12:04:37 | ERROR    | yfinance                       | $IRS: possibly delisted; no price data found  (1wk 2025-07-01 -> 2024-03-31) (Yahoo error = "Invalid input - start date cannot be after end date. startDate = 1751342400, endDate = 1711857600")
2026-05-24 12:04:37 | WARNING  | src.data.downloader            | [IRS] yfinance returned empty DataFrame
2026-05-24 12:04:37 | WARNING  | src.data.downloader            | [YPF] no data downloaded
2026-05-24 12:04:37 | WARNING  | src.data.downloader            | [GGAL] no data downloaded
2026-05-24 12:04:37 | WARNING  | src.data.downloader            | [BMA] no data downloaded
2026-05-24 12:04:37 | WARNING  | src.data.downloader            | [PAM] no data downloaded
2026-05-24 12:04:37 | WARNING  | src.data.downloader            | [TGS] no data downloaded
2026-05-24 12:04:37 | WARNING  | src.data.downloader            | [CEPU] no data downloaded
2026-05-24 12:04:37 | WARNING  | src.data.downloader            | [EDN] no data downloaded
2026-05-24 12:04:37 | WARNING  | src.data.downloader            | [LOMA] no data downloaded
2026-05-24 12:04:37 | WARNING  | src.data.downloader            | [CRESY] no data downloaded
2026-05-24 12:04:37 | WARNING  | src.data.downloader            | [IRS] no data downloaded
2026-05-24 12:04:38 | ERROR    | yfinance                       | $^MERV: possibly delisted; no price data found  (1wk 2025-07-01 -> 2024-03-31) (Yahoo error = "Invalid input - start date cannot be after end date. startDate = 1751338800, endDate = 1711854000")
2026-05-24 12:04:38 | WARNING  | src.data.downloader            | [^MERV] yfinance returned empty DataFrame
2026-05-24 12:04:38 | ERROR    | yfinance                       | $AL30D.BA: possibly delisted; no timezone found
2026-05-24 12:04:38 | WARNING  | src.data.scraper_al30d         | [AL30D.BA] all sources failed and no cache available
2026-05-24 12:04:38 | WARNING  | src.data.scraper_al30d         | sovereign_bond: all sources failed — returning empty series
2026-05-24 12:04:38 | WARNING  | src.data.scraper_ccl           | CCL: all sources failed — returning empty series
2026-05-24 12:04:39 | WARNING  | src.data.scraper_macro         | [macro/ipc] extending last cached value (4132.4790) to fill 2025-07-01 → 2024-03-31
2026-05-24 12:04:40 | WARNING  | src.data.scraper_macro         | [macro/embi] cache has no valid values
2026-05-24 12:04:40 | WARNING  | src.data.scraper_macro         | [macro/reservas] extending last cached value (24302.2581) to fill 2025-07-01 → 2024-03-31
2026-05-24 12:04:41 | WARNING  | src.data.scraper_macro         | [macro/tc_oficial] extending last cached value (876.0000) to fill 2025-07-01 → 2024-03-31
2026-05-24 12:04:41 | INFO     | src.data.validator             | Coverage report [prices]
2026-05-24 12:04:41 | INFO     | src.data.validator             | ----------------------------------------------------------------------------------
2026-05-24 12:04:41 | INFO     | src.data.validator             | asset                 first_date    last_date      rows    nan    nan%  status    
2026-05-24 12:04:41 | INFO     | src.data.validator             | ----------------------------------------------------------------------------------
2026-05-24 12:04:41 | ERROR    | src.data.validator             | YPF                   MISSING       MISSING           0      0  100.00%  ERROR     
2026-05-24 12:04:41 | ERROR    | src.data.validator             | GGAL                  MISSING       MISSING           0      0  100.00%  ERROR     
2026-05-24 12:04:41 | ERROR    | src.data.validator             | BMA                   MISSING       MISSING           0      0  100.00%  ERROR     
2026-05-24 12:04:41 | ERROR    | src.data.validator             | PAM                   MISSING       MISSING           0      0  100.00%  ERROR     
2026-05-24 12:04:41 | ERROR    | src.data.validator             | TGS                   MISSING       MISSING           0      0  100.00%  ERROR     
2026-05-24 12:04:41 | ERROR    | src.data.validator             | CEPU                  MISSING       MISSING           0      0  100.00%  ERROR     
2026-05-24 12:04:41 | ERROR    | src.data.validator             | EDN                   MISSING       MISSING           0      0  100.00%  ERROR     
2026-05-24 12:04:41 | ERROR    | src.data.validator             | LOMA                  MISSING       MISSING           0      0  100.00%  ERROR     
2026-05-24 12:04:41 | ERROR    | src.data.validator             | CRESY                 MISSING       MISSING           0      0  100.00%  ERROR     
2026-05-24 12:04:41 | ERROR    | src.data.validator             | IRS                   MISSING       MISSING           0      0  100.00%  ERROR     
2026-05-24 12:04:41 | ERROR    | src.data.validator             | sovereign_bond        MISSING       MISSING           0      0  100.00%  ERROR     
2026-05-24 12:04:41 | ERROR    | src.data.validator             | merval                MISSING       MISSING           0      0  100.00%  ERROR     
2026-05-24 12:04:41 | ERROR    | src.data.validator             | ccl                   MISSING       MISSING           0      0  100.00%  ERROR     
2026-05-24 12:04:41 | INFO     | src.data.validator             | ----------------------------------------------------------------------------------
2026-05-24 12:04:41 | INFO     | src.data.validator             | Coverage report [macro]
2026-05-24 12:04:41 | INFO     | src.data.validator             | ----------------------------------------------------------------------------------
2026-05-24 12:04:41 | INFO     | src.data.validator             | asset                 first_date    last_date      rows    nan    nan%  status    
2026-05-24 12:04:41 | INFO     | src.data.validator             | ----------------------------------------------------------------------------------
2026-05-24 12:04:41 | ERROR    | src.data.validator             | ipc                   MISSING       MISSING           0      0  100.00%  ERROR     
2026-05-24 12:04:41 | ERROR    | src.data.validator             | embi                  MISSING       MISSING           0      0  100.00%  ERROR     
2026-05-24 12:04:41 | ERROR    | src.data.validator             | reservas              MISSING       MISSING           0      0  100.00%  ERROR     
2026-05-24 12:04:41 | ERROR    | src.data.validator             | tc_oficial            MISSING       MISSING           0      0  100.00%  ERROR     
2026-05-24 12:04:41 | INFO     | src.data.validator             | ----------------------------------------------------------------------------------
2026-05-24 12:04:41 | ERROR    | src.data.loader                | Live-month validation failed — data NOT appended. 15 error(s):
2026-05-24 12:04:41 | ERROR    | src.data.loader                |   [YPF] series is entirely NaN (0 rows)
2026-05-24 12:04:41 | ERROR    | src.data.loader                |   [GGAL] series is entirely NaN (0 rows)
2026-05-24 12:04:41 | ERROR    | src.data.loader                |   [BMA] series is entirely NaN (0 rows)
2026-05-24 12:04:41 | ERROR    | src.data.loader                |   [PAM] series is entirely NaN (0 rows)
2026-05-24 12:04:41 | ERROR    | src.data.loader                |   [TGS] series is entirely NaN (0 rows)
2026-05-24 12:04:41 | ERROR    | src.data.loader                |   [CEPU] series is entirely NaN (0 rows)
2026-05-24 12:04:41 | ERROR    | src.data.loader                |   [EDN] series is entirely NaN (0 rows)
2026-05-24 12:04:41 | ERROR    | src.data.loader                |   [LOMA] series is entirely NaN (0 rows)
2026-05-24 12:04:41 | ERROR    | src.data.loader                |   [CRESY] series is entirely NaN (0 rows)
2026-05-24 12:04:41 | ERROR    | src.data.loader                |   [IRS] series is entirely NaN (0 rows)
2026-05-24 12:04:41 | ERROR    | src.data.loader                |   [merval] series is entirely NaN (0 rows)
2026-05-24 12:04:41 | ERROR    | src.data.loader                |   [ccl] series is entirely NaN (0 rows)
2026-05-24 12:04:41 | ERROR    | src.data.loader                |   [ipc] series is entirely NaN (0 rows)
2026-05-24 12:04:41 | ERROR    | src.data.loader                |   [reservas] series is entirely NaN (0 rows)
2026-05-24 12:04:41 | ERROR    | src.data.loader                |   [tc_oficial] series is entirely NaN (0 rows)
2026-05-24 12:04:41 | INFO     | src.features.features          | compute_features: 797 weekly rows | 10 tickers | warm-up = 30 rows
2026-05-24 12:04:41 | WARNING  | src.nlp.nlp                    | News directory not found: data\news\2024\03 — returning 0.0 (neutral)
2026-05-24 12:04:41 | WARNING  | src.signals.regime             | _build_monthly_feature_matrix: 'embi' is entirely NaN — filling with 0.0
2026-05-24 12:04:41 | INFO     | src.signals.regime             | Regime prediction: risk_on (p=0.980) | month=2024-03 | nlp_score=0.0000
2026-05-24 12:04:41 | INFO     | src.allocation.allocator       | compute_weights: risk_on (p=0.980) | active=[BMA=1.762, CEPU=1.282, CRESY=1.146, EDN=1.180, GGAL=1.535, IRS=1.288, LOMA=1.032, PAM=1.017, TGS=1.178, YPF=1.339] | excluded=[none] | BMA=0.1000 CEPU=0.1000 CRESY=0.1000 EDN=0.1000 GGAL=0.1000 IRS=0.1000 LOMA=0.1000 PAM=0.1000 TGS=0.1000 YPF=0.1000
2026-05-24 12:04:41 | INFO     | __main__                       | 2024-03 | risk_on (p=0.980) | nlp=0.0000 | active=10 excluded=0
2026-05-24 12:04:41 | INFO     | src.utils.utils                | [DONE]  live 2024-03 — 17.68s
2026-05-24 12:04:41 | INFO     | src.utils.utils                | [START] live 2024-04
2026-05-24 12:04:41 | INFO     | src.data.loader                | Starting live-month download: 2025-07-01 → 2024-04-30 (cutoff: 2024-04-30) | tickers: ['YPF', 'GGAL', 'BMA', 'PAM', 'TGS', 'CEPU', 'EDN', 'LOMA', 'CRESY', 'IRS']
2026-05-24 12:04:43 | ERROR    | yfinance                       | $YPF: possibly delisted; no price data found  (1wk 2025-07-01 -> 2024-04-30) (Yahoo error = "Invalid input - start date cannot be after end date. startDate = 1751342400, endDate = 1714449600")
2026-05-24 12:04:43 | WARNING  | src.data.downloader            | [YPF] yfinance returned empty DataFrame
2026-05-24 12:04:44 | ERROR    | yfinance                       | $GGAL: possibly delisted; no price data found  (1wk 2025-07-01 -> 2024-04-30) (Yahoo error = "Invalid input - start date cannot be after end date. startDate = 1751342400, endDate = 1714449600")
2026-05-24 12:04:44 | WARNING  | src.data.downloader            | [GGAL] yfinance returned empty DataFrame
2026-05-24 12:04:45 | ERROR    | yfinance                       | $BMA: possibly delisted; no price data found  (1wk 2025-07-01 -> 2024-04-30) (Yahoo error = "Invalid input - start date cannot be after end date. startDate = 1751342400, endDate = 1714449600")
2026-05-24 12:04:45 | WARNING  | src.data.downloader            | [BMA] yfinance returned empty DataFrame
2026-05-24 12:04:46 | ERROR    | yfinance                       | $PAM: possibly delisted; no price data found  (1wk 2025-07-01 -> 2024-04-30) (Yahoo error = "Invalid input - start date cannot be after end date. startDate = 1751342400, endDate = 1714449600")
2026-05-24 12:04:46 | WARNING  | src.data.downloader            | [PAM] yfinance returned empty DataFrame
2026-05-24 12:04:48 | ERROR    | yfinance                       | $TGS: possibly delisted; no price data found  (1wk 2025-07-01 -> 2024-04-30) (Yahoo error = "Invalid input - start date cannot be after end date. startDate = 1751342400, endDate = 1714449600")
2026-05-24 12:04:48 | WARNING  | src.data.downloader            | [TGS] yfinance returned empty DataFrame
2026-05-24 12:04:49 | ERROR    | yfinance                       | $CEPU: possibly delisted; no price data found  (1wk 2025-07-01 -> 2024-04-30) (Yahoo error = "Invalid input - start date cannot be after end date. startDate = 1751342400, endDate = 1714449600")
2026-05-24 12:04:49 | WARNING  | src.data.downloader            | [CEPU] yfinance returned empty DataFrame
2026-05-24 12:04:50 | ERROR    | yfinance                       | $EDN: possibly delisted; no price data found  (1wk 2025-07-01 -> 2024-04-30) (Yahoo error = "Invalid input - start date cannot be after end date. startDate = 1751342400, endDate = 1714449600")
2026-05-24 12:04:50 | WARNING  | src.data.downloader            | [EDN] yfinance returned empty DataFrame
2026-05-24 12:04:51 | ERROR    | yfinance                       | $LOMA: possibly delisted; no price data found  (1wk 2025-07-01 -> 2024-04-30) (Yahoo error = "Invalid input - start date cannot be after end date. startDate = 1751342400, endDate = 1714449600")
2026-05-24 12:04:51 | WARNING  | src.data.downloader            | [LOMA] yfinance returned empty DataFrame
2026-05-24 12:04:53 | ERROR    | yfinance                       | $CRESY: possibly delisted; no price data found  (1wk 2025-07-01 -> 2024-04-30) (Yahoo error = "Invalid input - start date cannot be after end date. startDate = 1751342400, endDate = 1714449600")
2026-05-24 12:04:53 | WARNING  | src.data.downloader            | [CRESY] yfinance returned empty DataFrame
2026-05-24 12:04:54 | ERROR    | yfinance                       | $IRS: possibly delisted; no price data found  (1wk 2025-07-01 -> 2024-04-30) (Yahoo error = "Invalid input - start date cannot be after end date. startDate = 1751342400, endDate = 1714449600")
2026-05-24 12:04:54 | WARNING  | src.data.downloader            | [IRS] yfinance returned empty DataFrame
2026-05-24 12:04:54 | WARNING  | src.data.downloader            | [YPF] no data downloaded
2026-05-24 12:04:54 | WARNING  | src.data.downloader            | [GGAL] no data downloaded
2026-05-24 12:04:54 | WARNING  | src.data.downloader            | [BMA] no data downloaded
2026-05-24 12:04:54 | WARNING  | src.data.downloader            | [PAM] no data downloaded
2026-05-24 12:04:54 | WARNING  | src.data.downloader            | [TGS] no data downloaded
2026-05-24 12:04:54 | WARNING  | src.data.downloader            | [CEPU] no data downloaded
2026-05-24 12:04:54 | WARNING  | src.data.downloader            | [EDN] no data downloaded
2026-05-24 12:04:54 | WARNING  | src.data.downloader            | [LOMA] no data downloaded
2026-05-24 12:04:54 | WARNING  | src.data.downloader            | [CRESY] no data downloaded
2026-05-24 12:04:54 | WARNING  | src.data.downloader            | [IRS] no data downloaded
2026-05-24 12:04:55 | ERROR    | yfinance                       | $^MERV: possibly delisted; no price data found  (1wk 2025-07-01 -> 2024-04-30) (Yahoo error = "Invalid input - start date cannot be after end date. startDate = 1751338800, endDate = 1714446000")
2026-05-24 12:04:55 | WARNING  | src.data.downloader            | [^MERV] yfinance returned empty DataFrame
2026-05-24 12:04:55 | ERROR    | yfinance                       | $AL30D.BA: possibly delisted; no timezone found
2026-05-24 12:04:55 | WARNING  | src.data.scraper_al30d         | [AL30D.BA] all sources failed and no cache available
2026-05-24 12:04:55 | WARNING  | src.data.scraper_al30d         | sovereign_bond: all sources failed — returning empty series
2026-05-24 12:04:56 | WARNING  | src.data.scraper_ccl           | CCL: all sources failed — returning empty series
2026-05-24 12:04:56 | WARNING  | src.data.scraper_macro         | [macro/ipc] extending last cached value (5785.5699) to fill 2025-07-01 → 2024-04-30
2026-05-24 12:04:57 | WARNING  | src.data.scraper_macro         | [macro/embi] cache has no valid values
2026-05-24 12:04:57 | WARNING  | src.data.scraper_macro         | [macro/reservas] extending last cached value (29203.4000) to fill 2025-07-01 → 2024-04-30
2026-05-24 12:04:59 | WARNING  | src.data.scraper_macro         | [macro/tc_oficial] extending last cached value (896.0000) to fill 2025-07-01 → 2024-04-30
2026-05-24 12:04:59 | INFO     | src.data.validator             | Coverage report [prices]
2026-05-24 12:04:59 | INFO     | src.data.validator             | ----------------------------------------------------------------------------------
2026-05-24 12:04:59 | INFO     | src.data.validator             | asset                 first_date    last_date      rows    nan    nan%  status    
2026-05-24 12:04:59 | INFO     | src.data.validator             | ----------------------------------------------------------------------------------
2026-05-24 12:04:59 | ERROR    | src.data.validator             | YPF                   MISSING       MISSING           0      0  100.00%  ERROR     
2026-05-24 12:04:59 | ERROR    | src.data.validator             | GGAL                  MISSING       MISSING           0      0  100.00%  ERROR     
2026-05-24 12:04:59 | ERROR    | src.data.validator             | BMA                   MISSING       MISSING           0      0  100.00%  ERROR     
2026-05-24 12:04:59 | ERROR    | src.data.validator             | PAM                   MISSING       MISSING           0      0  100.00%  ERROR     
2026-05-24 12:04:59 | ERROR    | src.data.validator             | TGS                   MISSING       MISSING           0      0  100.00%  ERROR     
2026-05-24 12:04:59 | ERROR    | src.data.validator             | CEPU                  MISSING       MISSING           0      0  100.00%  ERROR     
2026-05-24 12:04:59 | ERROR    | src.data.validator             | EDN                   MISSING       MISSING           0      0  100.00%  ERROR     
2026-05-24 12:04:59 | ERROR    | src.data.validator             | LOMA                  MISSING       MISSING           0      0  100.00%  ERROR     
2026-05-24 12:04:59 | ERROR    | src.data.validator             | CRESY                 MISSING       MISSING           0      0  100.00%  ERROR     
2026-05-24 12:04:59 | ERROR    | src.data.validator             | IRS                   MISSING       MISSING           0      0  100.00%  ERROR     
2026-05-24 12:04:59 | ERROR    | src.data.validator             | sovereign_bond        MISSING       MISSING           0      0  100.00%  ERROR     
2026-05-24 12:04:59 | ERROR    | src.data.validator             | merval                MISSING       MISSING           0      0  100.00%  ERROR     
2026-05-24 12:04:59 | ERROR    | src.data.validator             | ccl                   MISSING       MISSING           0      0  100.00%  ERROR     
2026-05-24 12:04:59 | INFO     | src.data.validator             | ----------------------------------------------------------------------------------
2026-05-24 12:04:59 | INFO     | src.data.validator             | Coverage report [macro]
2026-05-24 12:04:59 | INFO     | src.data.validator             | ----------------------------------------------------------------------------------
2026-05-24 12:04:59 | INFO     | src.data.validator             | asset                 first_date    last_date      rows    nan    nan%  status    
2026-05-24 12:04:59 | INFO     | src.data.validator             | ----------------------------------------------------------------------------------
2026-05-24 12:04:59 | ERROR    | src.data.validator             | ipc                   MISSING       MISSING           0      0  100.00%  ERROR     
2026-05-24 12:04:59 | ERROR    | src.data.validator             | embi                  MISSING       MISSING           0      0  100.00%  ERROR     
2026-05-24 12:04:59 | ERROR    | src.data.validator             | reservas              MISSING       MISSING           0      0  100.00%  ERROR     
2026-05-24 12:04:59 | ERROR    | src.data.validator             | tc_oficial            MISSING       MISSING           0      0  100.00%  ERROR     
2026-05-24 12:04:59 | INFO     | src.data.validator             | ----------------------------------------------------------------------------------
2026-05-24 12:04:59 | ERROR    | src.data.loader                | Live-month validation failed — data NOT appended. 15 error(s):
2026-05-24 12:04:59 | ERROR    | src.data.loader                |   [YPF] series is entirely NaN (0 rows)
2026-05-24 12:04:59 | ERROR    | src.data.loader                |   [GGAL] series is entirely NaN (0 rows)
2026-05-24 12:04:59 | ERROR    | src.data.loader                |   [BMA] series is entirely NaN (0 rows)
2026-05-24 12:04:59 | ERROR    | src.data.loader                |   [PAM] series is entirely NaN (0 rows)
2026-05-24 12:04:59 | ERROR    | src.data.loader                |   [TGS] series is entirely NaN (0 rows)
2026-05-24 12:04:59 | ERROR    | src.data.loader                |   [CEPU] series is entirely NaN (0 rows)
2026-05-24 12:04:59 | ERROR    | src.data.loader                |   [EDN] series is entirely NaN (0 rows)
2026-05-24 12:04:59 | ERROR    | src.data.loader                |   [LOMA] series is entirely NaN (0 rows)
2026-05-24 12:04:59 | ERROR    | src.data.loader                |   [CRESY] series is entirely NaN (0 rows)
2026-05-24 12:04:59 | ERROR    | src.data.loader                |   [IRS] series is entirely NaN (0 rows)
2026-05-24 12:04:59 | ERROR    | src.data.loader                |   [merval] series is entirely NaN (0 rows)
2026-05-24 12:04:59 | ERROR    | src.data.loader                |   [ccl] series is entirely NaN (0 rows)
2026-05-24 12:04:59 | ERROR    | src.data.loader                |   [ipc] series is entirely NaN (0 rows)
2026-05-24 12:04:59 | ERROR    | src.data.loader                |   [reservas] series is entirely NaN (0 rows)
2026-05-24 12:04:59 | ERROR    | src.data.loader                |   [tc_oficial] series is entirely NaN (0 rows)
2026-05-24 12:04:59 | INFO     | src.features.features          | compute_features: 802 weekly rows | 10 tickers | warm-up = 30 rows
2026-05-24 12:04:59 | WARNING  | src.nlp.nlp                    | News directory not found: data\news\2024\04 — returning 0.0 (neutral)
2026-05-24 12:04:59 | WARNING  | src.signals.regime             | _build_monthly_feature_matrix: 'embi' is entirely NaN — filling with 0.0
2026-05-24 12:04:59 | INFO     | src.signals.regime             | Regime prediction: risk_on (p=0.971) | month=2024-04 | nlp_score=0.0000
2026-05-24 12:04:59 | INFO     | src.allocation.allocator       | compute_weights: risk_on (p=0.971) | active=[BMA=1.647, CEPU=1.308, CRESY=1.168, EDN=1.076, GGAL=1.665, IRS=1.216, LOMA=1.085, PAM=1.034, TGS=1.292, YPF=1.358] | excluded=[none] | BMA=0.1000 CEPU=0.1000 CRESY=0.1000 EDN=0.1000 GGAL=0.1000 IRS=0.1000 LOMA=0.1000 PAM=0.1000 TGS=0.1000 YPF=0.1000
2026-05-24 12:04:59 | INFO     | __main__                       | 2024-04 | risk_on (p=0.971) | nlp=0.0000 | active=10 excluded=0
2026-05-24 12:04:59 | INFO     | src.utils.utils                | [DONE]  live 2024-04 — 17.18s
2026-05-24 12:04:59 | INFO     | src.utils.utils                | [START] live 2024-05
2026-05-24 12:04:59 | INFO     | src.data.loader                | Starting live-month download: 2025-07-01 → 2024-05-31 (cutoff: 2024-05-31) | tickers: ['YPF', 'GGAL', 'BMA', 'PAM', 'TGS', 'CEPU', 'EDN', 'LOMA', 'CRESY', 'IRS']
2026-05-24 12:05:00 | ERROR    | yfinance                       | $YPF: possibly delisted; no price data found  (1wk 2025-07-01 -> 2024-05-31) (Yahoo error = "Invalid input - start date cannot be after end date. startDate = 1751342400, endDate = 1717128000")
2026-05-24 12:05:00 | WARNING  | src.data.downloader            | [YPF] yfinance returned empty DataFrame
2026-05-24 12:05:01 | ERROR    | yfinance                       | $GGAL: possibly delisted; no price data found  (1wk 2025-07-01 -> 2024-05-31) (Yahoo error = "Invalid input - start date cannot be after end date. startDate = 1751342400, endDate = 1717128000")
2026-05-24 12:05:01 | WARNING  | src.data.downloader            | [GGAL] yfinance returned empty DataFrame
2026-05-24 12:05:02 | ERROR    | yfinance                       | $BMA: possibly delisted; no price data found  (1wk 2025-07-01 -> 2024-05-31) (Yahoo error = "Invalid input - start date cannot be after end date. startDate = 1751342400, endDate = 1717128000")
2026-05-24 12:05:02 | WARNING  | src.data.downloader            | [BMA] yfinance returned empty DataFrame
2026-05-24 12:05:04 | ERROR    | yfinance                       | $PAM: possibly delisted; no price data found  (1wk 2025-07-01 -> 2024-05-31) (Yahoo error = "Invalid input - start date cannot be after end date. startDate = 1751342400, endDate = 1717128000")
2026-05-24 12:05:04 | WARNING  | src.data.downloader            | [PAM] yfinance returned empty DataFrame
2026-05-24 12:05:05 | ERROR    | yfinance                       | $TGS: possibly delisted; no price data found  (1wk 2025-07-01 -> 2024-05-31) (Yahoo error = "Invalid input - start date cannot be after end date. startDate = 1751342400, endDate = 1717128000")
2026-05-24 12:05:05 | WARNING  | src.data.downloader            | [TGS] yfinance returned empty DataFrame
2026-05-24 12:05:06 | ERROR    | yfinance                       | $CEPU: possibly delisted; no price data found  (1wk 2025-07-01 -> 2024-05-31) (Yahoo error = "Invalid input - start date cannot be after end date. startDate = 1751342400, endDate = 1717128000")
2026-05-24 12:05:06 | WARNING  | src.data.downloader            | [CEPU] yfinance returned empty DataFrame
2026-05-24 12:05:07 | ERROR    | yfinance                       | $EDN: possibly delisted; no price data found  (1wk 2025-07-01 -> 2024-05-31) (Yahoo error = "Invalid input - start date cannot be after end date. startDate = 1751342400, endDate = 1717128000")
2026-05-24 12:05:07 | WARNING  | src.data.downloader            | [EDN] yfinance returned empty DataFrame
2026-05-24 12:05:09 | ERROR    | yfinance                       | $LOMA: possibly delisted; no price data found  (1wk 2025-07-01 -> 2024-05-31) (Yahoo error = "Invalid input - start date cannot be after end date. startDate = 1751342400, endDate = 1717128000")
2026-05-24 12:05:09 | WARNING  | src.data.downloader            | [LOMA] yfinance returned empty DataFrame
2026-05-24 12:05:10 | ERROR    | yfinance                       | $CRESY: possibly delisted; no price data found  (1wk 2025-07-01 -> 2024-05-31) (Yahoo error = "Invalid input - start date cannot be after end date. startDate = 1751342400, endDate = 1717128000")
2026-05-24 12:05:10 | WARNING  | src.data.downloader            | [CRESY] yfinance returned empty DataFrame
2026-05-24 12:05:11 | ERROR    | yfinance                       | $IRS: possibly delisted; no price data found  (1wk 2025-07-01 -> 2024-05-31) (Yahoo error = "Invalid input - start date cannot be after end date. startDate = 1751342400, endDate = 1717128000")
2026-05-24 12:05:11 | WARNING  | src.data.downloader            | [IRS] yfinance returned empty DataFrame
2026-05-24 12:05:11 | WARNING  | src.data.downloader            | [YPF] no data downloaded
2026-05-24 12:05:11 | WARNING  | src.data.downloader            | [GGAL] no data downloaded
2026-05-24 12:05:11 | WARNING  | src.data.downloader            | [BMA] no data downloaded
2026-05-24 12:05:11 | WARNING  | src.data.downloader            | [PAM] no data downloaded
2026-05-24 12:05:11 | WARNING  | src.data.downloader            | [TGS] no data downloaded
2026-05-24 12:05:11 | WARNING  | src.data.downloader            | [CEPU] no data downloaded
2026-05-24 12:05:11 | WARNING  | src.data.downloader            | [EDN] no data downloaded
2026-05-24 12:05:11 | WARNING  | src.data.downloader            | [LOMA] no data downloaded
2026-05-24 12:05:11 | WARNING  | src.data.downloader            | [CRESY] no data downloaded
2026-05-24 12:05:11 | WARNING  | src.data.downloader            | [IRS] no data downloaded
2026-05-24 12:05:12 | ERROR    | yfinance                       | $^MERV: possibly delisted; no price data found  (1wk 2025-07-01 -> 2024-05-31) (Yahoo error = "Invalid input - start date cannot be after end date. startDate = 1751338800, endDate = 1717124400")
2026-05-24 12:05:12 | WARNING  | src.data.downloader            | [^MERV] yfinance returned empty DataFrame
2026-05-24 12:05:12 | ERROR    | yfinance                       | $AL30D.BA: possibly delisted; no timezone found
2026-05-24 12:05:12 | WARNING  | src.data.scraper_al30d         | [AL30D.BA] all sources failed and no cache available
2026-05-24 12:05:12 | WARNING  | src.data.scraper_al30d         | sovereign_bond: all sources failed — returning empty series
2026-05-24 12:05:13 | WARNING  | src.data.scraper_ccl           | CCL: all sources failed — returning empty series
2026-05-24 12:05:14 | WARNING  | src.data.scraper_macro         | [macro/ipc] extending last cached value (5785.5699) to fill 2025-07-01 → 2024-05-31
2026-05-24 12:05:14 | WARNING  | src.data.scraper_macro         | [macro/embi] cache has no valid values
2026-05-24 12:05:15 | WARNING  | src.data.scraper_macro         | [macro/reservas] extending last cached value (29203.4000) to fill 2025-07-01 → 2024-05-31
2026-05-24 12:05:16 | WARNING  | src.data.scraper_macro         | [macro/tc_oficial] extending last cached value (914.0000) to fill 2025-07-01 → 2024-05-31
2026-05-24 12:05:16 | INFO     | src.data.validator             | Coverage report [prices]
2026-05-24 12:05:16 | INFO     | src.data.validator             | ----------------------------------------------------------------------------------
2026-05-24 12:05:16 | INFO     | src.data.validator             | asset                 first_date    last_date      rows    nan    nan%  status    
2026-05-24 12:05:16 | INFO     | src.data.validator             | ----------------------------------------------------------------------------------
2026-05-24 12:05:16 | ERROR    | src.data.validator             | YPF                   MISSING       MISSING           0      0  100.00%  ERROR     
2026-05-24 12:05:16 | ERROR    | src.data.validator             | GGAL                  MISSING       MISSING           0      0  100.00%  ERROR     
2026-05-24 12:05:16 | ERROR    | src.data.validator             | BMA                   MISSING       MISSING           0      0  100.00%  ERROR     
2026-05-24 12:05:16 | ERROR    | src.data.validator             | PAM                   MISSING       MISSING           0      0  100.00%  ERROR     
2026-05-24 12:05:16 | ERROR    | src.data.validator             | TGS                   MISSING       MISSING           0      0  100.00%  ERROR     
2026-05-24 12:05:16 | ERROR    | src.data.validator             | CEPU                  MISSING       MISSING           0      0  100.00%  ERROR     
2026-05-24 12:05:16 | ERROR    | src.data.validator             | EDN                   MISSING       MISSING           0      0  100.00%  ERROR     
2026-05-24 12:05:16 | ERROR    | src.data.validator             | LOMA                  MISSING       MISSING           0      0  100.00%  ERROR     
2026-05-24 12:05:16 | ERROR    | src.data.validator             | CRESY                 MISSING       MISSING           0      0  100.00%  ERROR     
2026-05-24 12:05:16 | ERROR    | src.data.validator             | IRS                   MISSING       MISSING           0      0  100.00%  ERROR     
2026-05-24 12:05:16 | ERROR    | src.data.validator             | sovereign_bond        MISSING       MISSING           0      0  100.00%  ERROR     
2026-05-24 12:05:16 | ERROR    | src.data.validator             | merval                MISSING       MISSING           0      0  100.00%  ERROR     
2026-05-24 12:05:16 | ERROR    | src.data.validator             | ccl                   MISSING       MISSING           0      0  100.00%  ERROR     
2026-05-24 12:05:16 | INFO     | src.data.validator             | ----------------------------------------------------------------------------------
2026-05-24 12:05:16 | INFO     | src.data.validator             | Coverage report [macro]
2026-05-24 12:05:16 | INFO     | src.data.validator             | ----------------------------------------------------------------------------------
2026-05-24 12:05:16 | INFO     | src.data.validator             | asset                 first_date    last_date      rows    nan    nan%  status    
2026-05-24 12:05:16 | INFO     | src.data.validator             | ----------------------------------------------------------------------------------
2026-05-24 12:05:16 | ERROR    | src.data.validator             | ipc                   MISSING       MISSING           0      0  100.00%  ERROR     
2026-05-24 12:05:16 | ERROR    | src.data.validator             | embi                  MISSING       MISSING           0      0  100.00%  ERROR     
2026-05-24 12:05:16 | ERROR    | src.data.validator             | reservas              MISSING       MISSING           0      0  100.00%  ERROR     
2026-05-24 12:05:16 | ERROR    | src.data.validator             | tc_oficial            MISSING       MISSING           0      0  100.00%  ERROR     
2026-05-24 12:05:16 | INFO     | src.data.validator             | ----------------------------------------------------------------------------------
2026-05-24 12:05:16 | ERROR    | src.data.loader                | Live-month validation failed — data NOT appended. 15 error(s):
2026-05-24 12:05:16 | ERROR    | src.data.loader                |   [YPF] series is entirely NaN (0 rows)
2026-05-24 12:05:16 | ERROR    | src.data.loader                |   [GGAL] series is entirely NaN (0 rows)
2026-05-24 12:05:16 | ERROR    | src.data.loader                |   [BMA] series is entirely NaN (0 rows)
2026-05-24 12:05:16 | ERROR    | src.data.loader                |   [PAM] series is entirely NaN (0 rows)
2026-05-24 12:05:16 | ERROR    | src.data.loader                |   [TGS] series is entirely NaN (0 rows)
2026-05-24 12:05:16 | ERROR    | src.data.loader                |   [CEPU] series is entirely NaN (0 rows)
2026-05-24 12:05:16 | ERROR    | src.data.loader                |   [EDN] series is entirely NaN (0 rows)
2026-05-24 12:05:16 | ERROR    | src.data.loader                |   [LOMA] series is entirely NaN (0 rows)
2026-05-24 12:05:16 | ERROR    | src.data.loader                |   [CRESY] series is entirely NaN (0 rows)
2026-05-24 12:05:16 | ERROR    | src.data.loader                |   [IRS] series is entirely NaN (0 rows)
2026-05-24 12:05:16 | ERROR    | src.data.loader                |   [merval] series is entirely NaN (0 rows)
2026-05-24 12:05:16 | ERROR    | src.data.loader                |   [ccl] series is entirely NaN (0 rows)
2026-05-24 12:05:16 | ERROR    | src.data.loader                |   [ipc] series is entirely NaN (0 rows)
2026-05-24 12:05:16 | ERROR    | src.data.loader                |   [reservas] series is entirely NaN (0 rows)
2026-05-24 12:05:16 | ERROR    | src.data.loader                |   [tc_oficial] series is entirely NaN (0 rows)
2026-05-24 12:05:16 | INFO     | src.features.features          | compute_features: 806 weekly rows | 10 tickers | warm-up = 30 rows
2026-05-24 12:05:16 | WARNING  | src.nlp.nlp                    | News directory not found: data\news\2024\05 — returning 0.0 (neutral)
2026-05-24 12:05:16 | WARNING  | src.signals.regime             | _build_monthly_feature_matrix: 'embi' is entirely NaN — filling with 0.0
2026-05-24 12:05:16 | INFO     | src.signals.regime             | Regime prediction: risk_on (p=0.844) | month=2024-05 | nlp_score=0.0000
2026-05-24 12:05:16 | INFO     | src.allocation.allocator       | compute_weights: risk_on (p=0.844) | active=[BMA=1.710, CEPU=1.170, CRESY=1.151, EDN=1.077, GGAL=1.589, IRS=1.353, LOMA=1.103, PAM=1.117, TGS=1.337, YPF=1.305] | excluded=[none] | BMA=0.1000 CEPU=0.1000 CRESY=0.1000 EDN=0.1000 GGAL=0.1000 IRS=0.1000 LOMA=0.1000 PAM=0.1000 TGS=0.1000 YPF=0.1000
2026-05-24 12:05:16 | INFO     | __main__                       | 2024-05 | risk_on (p=0.844) | nlp=0.0000 | active=10 excluded=0
2026-05-24 12:05:16 | INFO     | src.utils.utils                | [DONE]  live 2024-05 — 17.21s
2026-05-24 12:05:16 | INFO     | src.utils.utils                | [START] live 2024-06
2026-05-24 12:05:16 | INFO     | src.data.loader                | Starting live-month download: 2025-07-01 → 2024-06-30 (cutoff: 2024-06-30) | tickers: ['YPF', 'GGAL', 'BMA', 'PAM', 'TGS', 'CEPU', 'EDN', 'LOMA', 'CRESY', 'IRS']
2026-05-24 12:05:17 | ERROR    | yfinance                       | $YPF: possibly delisted; no price data found  (1wk 2025-07-01 -> 2024-06-30) (Yahoo error = "Invalid input - start date cannot be after end date. startDate = 1751342400, endDate = 1719720000")
2026-05-24 12:05:17 | WARNING  | src.data.downloader            | [YPF] yfinance returned empty DataFrame
2026-05-24 12:05:18 | ERROR    | yfinance                       | $GGAL: possibly delisted; no price data found  (1wk 2025-07-01 -> 2024-06-30) (Yahoo error = "Invalid input - start date cannot be after end date. startDate = 1751342400, endDate = 1719720000")
2026-05-24 12:05:18 | WARNING  | src.data.downloader            | [GGAL] yfinance returned empty DataFrame
2026-05-24 12:05:20 | ERROR    | yfinance                       | $BMA: possibly delisted; no price data found  (1wk 2025-07-01 -> 2024-06-30) (Yahoo error = "Invalid input - start date cannot be after end date. startDate = 1751342400, endDate = 1719720000")
2026-05-24 12:05:20 | WARNING  | src.data.downloader            | [BMA] yfinance returned empty DataFrame
2026-05-24 12:05:21 | ERROR    | yfinance                       | $PAM: possibly delisted; no price data found  (1wk 2025-07-01 -> 2024-06-30) (Yahoo error = "Invalid input - start date cannot be after end date. startDate = 1751342400, endDate = 1719720000")
2026-05-24 12:05:21 | WARNING  | src.data.downloader            | [PAM] yfinance returned empty DataFrame
2026-05-24 12:05:22 | ERROR    | yfinance                       | $TGS: possibly delisted; no price data found  (1wk 2025-07-01 -> 2024-06-30) (Yahoo error = "Invalid input - start date cannot be after end date. startDate = 1751342400, endDate = 1719720000")
2026-05-24 12:05:22 | WARNING  | src.data.downloader            | [TGS] yfinance returned empty DataFrame
2026-05-24 12:05:24 | ERROR    | yfinance                       | $CEPU: possibly delisted; no price data found  (1wk 2025-07-01 -> 2024-06-30) (Yahoo error = "Invalid input - start date cannot be after end date. startDate = 1751342400, endDate = 1719720000")
2026-05-24 12:05:24 | WARNING  | src.data.downloader            | [CEPU] yfinance returned empty DataFrame
2026-05-24 12:05:25 | ERROR    | yfinance                       | $EDN: possibly delisted; no price data found  (1wk 2025-07-01 -> 2024-06-30) (Yahoo error = "Invalid input - start date cannot be after end date. startDate = 1751342400, endDate = 1719720000")
2026-05-24 12:05:25 | WARNING  | src.data.downloader            | [EDN] yfinance returned empty DataFrame
2026-05-24 12:05:26 | ERROR    | yfinance                       | $LOMA: possibly delisted; no price data found  (1wk 2025-07-01 -> 2024-06-30) (Yahoo error = "Invalid input - start date cannot be after end date. startDate = 1751342400, endDate = 1719720000")
2026-05-24 12:05:26 | WARNING  | src.data.downloader            | [LOMA] yfinance returned empty DataFrame
2026-05-24 12:05:28 | ERROR    | yfinance                       | $CRESY: possibly delisted; no price data found  (1wk 2025-07-01 -> 2024-06-30) (Yahoo error = "Invalid input - start date cannot be after end date. startDate = 1751342400, endDate = 1719720000")
2026-05-24 12:05:28 | WARNING  | src.data.downloader            | [CRESY] yfinance returned empty DataFrame
2026-05-24 12:05:29 | ERROR    | yfinance                       | $IRS: possibly delisted; no price data found  (1wk 2025-07-01 -> 2024-06-30) (Yahoo error = "Invalid input - start date cannot be after end date. startDate = 1751342400, endDate = 1719720000")
2026-05-24 12:05:29 | WARNING  | src.data.downloader            | [IRS] yfinance returned empty DataFrame
2026-05-24 12:05:29 | WARNING  | src.data.downloader            | [YPF] no data downloaded
2026-05-24 12:05:29 | WARNING  | src.data.downloader            | [GGAL] no data downloaded
2026-05-24 12:05:29 | WARNING  | src.data.downloader            | [BMA] no data downloaded
2026-05-24 12:05:29 | WARNING  | src.data.downloader            | [PAM] no data downloaded
2026-05-24 12:05:29 | WARNING  | src.data.downloader            | [TGS] no data downloaded
2026-05-24 12:05:29 | WARNING  | src.data.downloader            | [CEPU] no data downloaded
2026-05-24 12:05:29 | WARNING  | src.data.downloader            | [EDN] no data downloaded
2026-05-24 12:05:29 | WARNING  | src.data.downloader            | [LOMA] no data downloaded
2026-05-24 12:05:29 | WARNING  | src.data.downloader            | [CRESY] no data downloaded
2026-05-24 12:05:29 | WARNING  | src.data.downloader            | [IRS] no data downloaded
2026-05-24 12:05:30 | ERROR    | yfinance                       | $^MERV: possibly delisted; no price data found  (1wk 2025-07-01 -> 2024-06-30) (Yahoo error = "Invalid input - start date cannot be after end date. startDate = 1751338800, endDate = 1719716400")
2026-05-24 12:05:30 | WARNING  | src.data.downloader            | [^MERV] yfinance returned empty DataFrame
2026-05-24 12:05:30 | ERROR    | yfinance                       | $AL30D.BA: possibly delisted; no timezone found
2026-05-24 12:05:30 | WARNING  | src.data.scraper_al30d         | [AL30D.BA] all sources failed and no cache available
2026-05-24 12:05:30 | WARNING  | src.data.scraper_al30d         | sovereign_bond: all sources failed — returning empty series
2026-05-24 12:05:31 | WARNING  | src.data.scraper_ccl           | CCL: all sources failed — returning empty series
2026-05-24 12:05:31 | WARNING  | src.data.scraper_macro         | [macro/ipc] extending last cached value (6297.0960) to fill 2025-07-01 → 2024-06-30
2026-05-24 12:05:32 | WARNING  | src.data.scraper_macro         | [macro/embi] cache has no valid values
2026-05-24 12:05:33 | WARNING  | src.data.scraper_macro         | [macro/reservas] extending last cached value (29491.1333) to fill 2025-07-01 → 2024-06-30
2026-05-24 12:05:34 | WARNING  | src.data.scraper_macro         | [macro/tc_oficial] extending last cached value (930.5000) to fill 2025-07-01 → 2024-06-30
2026-05-24 12:05:34 | INFO     | src.data.validator             | Coverage report [prices]
2026-05-24 12:05:34 | INFO     | src.data.validator             | ----------------------------------------------------------------------------------
2026-05-24 12:05:34 | INFO     | src.data.validator             | asset                 first_date    last_date      rows    nan    nan%  status    
2026-05-24 12:05:34 | INFO     | src.data.validator             | ----------------------------------------------------------------------------------
2026-05-24 12:05:34 | ERROR    | src.data.validator             | YPF                   MISSING       MISSING           0      0  100.00%  ERROR     
2026-05-24 12:05:34 | ERROR    | src.data.validator             | GGAL                  MISSING       MISSING           0      0  100.00%  ERROR     
2026-05-24 12:05:34 | ERROR    | src.data.validator             | BMA                   MISSING       MISSING           0      0  100.00%  ERROR     
2026-05-24 12:05:34 | ERROR    | src.data.validator             | PAM                   MISSING       MISSING           0      0  100.00%  ERROR     
2026-05-24 12:05:34 | ERROR    | src.data.validator             | TGS                   MISSING       MISSING           0      0  100.00%  ERROR     
2026-05-24 12:05:34 | ERROR    | src.data.validator             | CEPU                  MISSING       MISSING           0      0  100.00%  ERROR     
2026-05-24 12:05:34 | ERROR    | src.data.validator             | EDN                   MISSING       MISSING           0      0  100.00%  ERROR     
2026-05-24 12:05:34 | ERROR    | src.data.validator             | LOMA                  MISSING       MISSING           0      0  100.00%  ERROR     
2026-05-24 12:05:34 | ERROR    | src.data.validator             | CRESY                 MISSING       MISSING           0      0  100.00%  ERROR     
2026-05-24 12:05:34 | ERROR    | src.data.validator             | IRS                   MISSING       MISSING           0      0  100.00%  ERROR     
2026-05-24 12:05:34 | ERROR    | src.data.validator             | sovereign_bond        MISSING       MISSING           0      0  100.00%  ERROR     
2026-05-24 12:05:34 | ERROR    | src.data.validator             | merval                MISSING       MISSING           0      0  100.00%  ERROR     
2026-05-24 12:05:34 | ERROR    | src.data.validator             | ccl                   MISSING       MISSING           0      0  100.00%  ERROR     
2026-05-24 12:05:34 | INFO     | src.data.validator             | ----------------------------------------------------------------------------------
2026-05-24 12:05:34 | INFO     | src.data.validator             | Coverage report [macro]
2026-05-24 12:05:34 | INFO     | src.data.validator             | ----------------------------------------------------------------------------------
2026-05-24 12:05:34 | INFO     | src.data.validator             | asset                 first_date    last_date      rows    nan    nan%  status    
2026-05-24 12:05:34 | INFO     | src.data.validator             | ----------------------------------------------------------------------------------
2026-05-24 12:05:34 | ERROR    | src.data.validator             | ipc                   MISSING       MISSING           0      0  100.00%  ERROR     
2026-05-24 12:05:34 | ERROR    | src.data.validator             | embi                  MISSING       MISSING           0      0  100.00%  ERROR     
2026-05-24 12:05:34 | ERROR    | src.data.validator             | reservas              MISSING       MISSING           0      0  100.00%  ERROR     
2026-05-24 12:05:34 | ERROR    | src.data.validator             | tc_oficial            MISSING       MISSING           0      0  100.00%  ERROR     
2026-05-24 12:05:34 | INFO     | src.data.validator             | ----------------------------------------------------------------------------------
2026-05-24 12:05:34 | ERROR    | src.data.loader                | Live-month validation failed — data NOT appended. 15 error(s):
2026-05-24 12:05:34 | ERROR    | src.data.loader                |   [YPF] series is entirely NaN (0 rows)
2026-05-24 12:05:34 | ERROR    | src.data.loader                |   [GGAL] series is entirely NaN (0 rows)
2026-05-24 12:05:34 | ERROR    | src.data.loader                |   [BMA] series is entirely NaN (0 rows)
2026-05-24 12:05:34 | ERROR    | src.data.loader                |   [PAM] series is entirely NaN (0 rows)
2026-05-24 12:05:34 | ERROR    | src.data.loader                |   [TGS] series is entirely NaN (0 rows)
2026-05-24 12:05:34 | ERROR    | src.data.loader                |   [CEPU] series is entirely NaN (0 rows)
2026-05-24 12:05:34 | ERROR    | src.data.loader                |   [EDN] series is entirely NaN (0 rows)
2026-05-24 12:05:34 | ERROR    | src.data.loader                |   [LOMA] series is entirely NaN (0 rows)
2026-05-24 12:05:34 | ERROR    | src.data.loader                |   [CRESY] series is entirely NaN (0 rows)
2026-05-24 12:05:34 | ERROR    | src.data.loader                |   [IRS] series is entirely NaN (0 rows)
2026-05-24 12:05:34 | ERROR    | src.data.loader                |   [merval] series is entirely NaN (0 rows)
2026-05-24 12:05:34 | ERROR    | src.data.loader                |   [ccl] series is entirely NaN (0 rows)
2026-05-24 12:05:34 | ERROR    | src.data.loader                |   [ipc] series is entirely NaN (0 rows)
2026-05-24 12:05:34 | ERROR    | src.data.loader                |   [reservas] series is entirely NaN (0 rows)
2026-05-24 12:05:34 | ERROR    | src.data.loader                |   [tc_oficial] series is entirely NaN (0 rows)
2026-05-24 12:05:34 | INFO     | src.features.features          | compute_features: 810 weekly rows | 10 tickers | warm-up = 30 rows
2026-05-24 12:05:34 | WARNING  | src.nlp.nlp                    | News directory not found: data\news\2024\06 — returning 0.0 (neutral)
2026-05-24 12:05:34 | WARNING  | src.signals.regime             | _build_monthly_feature_matrix: 'embi' is entirely NaN — filling with 0.0
2026-05-24 12:05:34 | INFO     | src.signals.regime             | Regime prediction: risk_on (p=0.996) | month=2024-06 | nlp_score=0.0000
2026-05-24 12:05:34 | INFO     | src.allocation.allocator       | compute_weights: risk_on (p=0.996) | active=[BMA=1.340, CEPU=1.008, GGAL=1.247, IRS=1.051, TGS=1.208, YPF=1.060] | excluded=[CRESY=0.981, EDN=0.937, LOMA=0.982, PAM=0.980] | BMA=0.1667 CEPU=0.1667 GGAL=0.1667 IRS=0.1667 TGS=0.1667 YPF=0.1667
2026-05-24 12:05:34 | INFO     | __main__                       | 2024-06 | risk_on (p=0.996) | nlp=0.0000 | active=6 excluded=4
2026-05-24 12:05:34 | INFO     | src.utils.utils                | [DONE]  live 2024-06 — 17.92s
2026-05-24 12:05:34 | INFO     | src.utils.utils                | [START] live 2024-07
2026-05-24 12:05:34 | INFO     | src.data.loader                | Starting live-month download: 2025-07-01 → 2024-07-31 (cutoff: 2024-07-31) | tickers: ['YPF', 'GGAL', 'BMA', 'PAM', 'TGS', 'CEPU', 'EDN', 'LOMA', 'CRESY', 'IRS']
2026-05-24 12:05:35 | ERROR    | yfinance                       | $YPF: possibly delisted; no price data found  (1wk 2025-07-01 -> 2024-07-31) (Yahoo error = "Invalid input - start date cannot be after end date. startDate = 1751342400, endDate = 1722398400")
2026-05-24 12:05:35 | WARNING  | src.data.downloader            | [YPF] yfinance returned empty DataFrame
2026-05-24 12:05:37 | ERROR    | yfinance                       | $GGAL: possibly delisted; no price data found  (1wk 2025-07-01 -> 2024-07-31) (Yahoo error = "Invalid input - start date cannot be after end date. startDate = 1751342400, endDate = 1722398400")
2026-05-24 12:05:37 | WARNING  | src.data.downloader            | [GGAL] yfinance returned empty DataFrame
2026-05-24 12:05:38 | ERROR    | yfinance                       | $BMA: possibly delisted; no price data found  (1wk 2025-07-01 -> 2024-07-31) (Yahoo error = "Invalid input - start date cannot be after end date. startDate = 1751342400, endDate = 1722398400")
2026-05-24 12:05:38 | WARNING  | src.data.downloader            | [BMA] yfinance returned empty DataFrame
2026-05-24 12:05:39 | ERROR    | yfinance                       | $PAM: possibly delisted; no price data found  (1wk 2025-07-01 -> 2024-07-31) (Yahoo error = "Invalid input - start date cannot be after end date. startDate = 1751342400, endDate = 1722398400")
2026-05-24 12:05:39 | WARNING  | src.data.downloader            | [PAM] yfinance returned empty DataFrame
2026-05-24 12:05:40 | ERROR    | yfinance                       | $TGS: possibly delisted; no price data found  (1wk 2025-07-01 -> 2024-07-31) (Yahoo error = "Invalid input - start date cannot be after end date. startDate = 1751342400, endDate = 1722398400")
2026-05-24 12:05:40 | WARNING  | src.data.downloader            | [TGS] yfinance returned empty DataFrame
2026-05-24 12:05:42 | ERROR    | yfinance                       | $CEPU: possibly delisted; no price data found  (1wk 2025-07-01 -> 2024-07-31) (Yahoo error = "Invalid input - start date cannot be after end date. startDate = 1751342400, endDate = 1722398400")
2026-05-24 12:05:42 | WARNING  | src.data.downloader            | [CEPU] yfinance returned empty DataFrame
2026-05-24 12:05:43 | ERROR    | yfinance                       | $EDN: possibly delisted; no price data found  (1wk 2025-07-01 -> 2024-07-31) (Yahoo error = "Invalid input - start date cannot be after end date. startDate = 1751342400, endDate = 1722398400")
2026-05-24 12:05:43 | WARNING  | src.data.downloader            | [EDN] yfinance returned empty DataFrame
2026-05-24 12:05:44 | ERROR    | yfinance                       | $LOMA: possibly delisted; no price data found  (1wk 2025-07-01 -> 2024-07-31) (Yahoo error = "Invalid input - start date cannot be after end date. startDate = 1751342400, endDate = 1722398400")
2026-05-24 12:05:44 | WARNING  | src.data.downloader            | [LOMA] yfinance returned empty DataFrame
2026-05-24 12:05:45 | ERROR    | yfinance                       | $CRESY: possibly delisted; no price data found  (1wk 2025-07-01 -> 2024-07-31) (Yahoo error = "Invalid input - start date cannot be after end date. startDate = 1751342400, endDate = 1722398400")
2026-05-24 12:05:45 | WARNING  | src.data.downloader            | [CRESY] yfinance returned empty DataFrame
2026-05-24 12:05:47 | ERROR    | yfinance                       | $IRS: possibly delisted; no price data found  (1wk 2025-07-01 -> 2024-07-31) (Yahoo error = "Invalid input - start date cannot be after end date. startDate = 1751342400, endDate = 1722398400")
2026-05-24 12:05:47 | WARNING  | src.data.downloader            | [IRS] yfinance returned empty DataFrame
2026-05-24 12:05:47 | WARNING  | src.data.downloader            | [YPF] no data downloaded
2026-05-24 12:05:47 | WARNING  | src.data.downloader            | [GGAL] no data downloaded
2026-05-24 12:05:47 | WARNING  | src.data.downloader            | [BMA] no data downloaded
2026-05-24 12:05:47 | WARNING  | src.data.downloader            | [PAM] no data downloaded
2026-05-24 12:05:47 | WARNING  | src.data.downloader            | [TGS] no data downloaded
2026-05-24 12:05:47 | WARNING  | src.data.downloader            | [CEPU] no data downloaded
2026-05-24 12:05:47 | WARNING  | src.data.downloader            | [EDN] no data downloaded
2026-05-24 12:05:47 | WARNING  | src.data.downloader            | [LOMA] no data downloaded
2026-05-24 12:05:47 | WARNING  | src.data.downloader            | [CRESY] no data downloaded
2026-05-24 12:05:47 | WARNING  | src.data.downloader            | [IRS] no data downloaded
2026-05-24 12:05:48 | ERROR    | yfinance                       | $^MERV: possibly delisted; no price data found  (1wk 2025-07-01 -> 2024-07-31) (Yahoo error = "Invalid input - start date cannot be after end date. startDate = 1751338800, endDate = 1722394800")
2026-05-24 12:05:48 | WARNING  | src.data.downloader            | [^MERV] yfinance returned empty DataFrame
2026-05-24 12:05:48 | ERROR    | yfinance                       | $AL30D.BA: possibly delisted; no timezone found
2026-05-24 12:05:48 | WARNING  | src.data.scraper_al30d         | [AL30D.BA] all sources failed and no cache available
2026-05-24 12:05:48 | WARNING  | src.data.scraper_al30d         | sovereign_bond: all sources failed — returning empty series
2026-05-24 12:05:48 | WARNING  | src.data.scraper_ccl           | CCL: all sources failed — returning empty series
2026-05-24 12:05:49 | WARNING  | src.data.scraper_macro         | [macro/ipc] extending last cached value (6551.3220) to fill 2025-07-01 → 2024-07-31
2026-05-24 12:05:49 | WARNING  | src.data.scraper_macro         | [macro/embi] cache has no valid values
2026-05-24 12:05:50 | WARNING  | src.data.scraper_macro         | [macro/reservas] extending last cached value (28163.7097) to fill 2025-07-01 → 2024-07-31
2026-05-24 12:05:51 | WARNING  | src.data.scraper_macro         | [macro/tc_oficial] extending last cached value (951.5000) to fill 2025-07-01 → 2024-07-31
2026-05-24 12:05:51 | INFO     | src.data.validator             | Coverage report [prices]
2026-05-24 12:05:51 | INFO     | src.data.validator             | ----------------------------------------------------------------------------------
2026-05-24 12:05:51 | INFO     | src.data.validator             | asset                 first_date    last_date      rows    nan    nan%  status    
2026-05-24 12:05:51 | INFO     | src.data.validator             | ----------------------------------------------------------------------------------
2026-05-24 12:05:51 | ERROR    | src.data.validator             | YPF                   MISSING       MISSING           0      0  100.00%  ERROR     
2026-05-24 12:05:51 | ERROR    | src.data.validator             | GGAL                  MISSING       MISSING           0      0  100.00%  ERROR     
2026-05-24 12:05:51 | ERROR    | src.data.validator             | BMA                   MISSING       MISSING           0      0  100.00%  ERROR     
2026-05-24 12:05:51 | ERROR    | src.data.validator             | PAM                   MISSING       MISSING           0      0  100.00%  ERROR     
2026-05-24 12:05:51 | ERROR    | src.data.validator             | TGS                   MISSING       MISSING           0      0  100.00%  ERROR     
2026-05-24 12:05:51 | ERROR    | src.data.validator             | CEPU                  MISSING       MISSING           0      0  100.00%  ERROR     
2026-05-24 12:05:51 | ERROR    | src.data.validator             | EDN                   MISSING       MISSING           0      0  100.00%  ERROR     
2026-05-24 12:05:51 | ERROR    | src.data.validator             | LOMA                  MISSING       MISSING           0      0  100.00%  ERROR     
2026-05-24 12:05:51 | ERROR    | src.data.validator             | CRESY                 MISSING       MISSING           0      0  100.00%  ERROR     
2026-05-24 12:05:51 | ERROR    | src.data.validator             | IRS                   MISSING       MISSING           0      0  100.00%  ERROR     
2026-05-24 12:05:51 | ERROR    | src.data.validator             | sovereign_bond        MISSING       MISSING           0      0  100.00%  ERROR     
2026-05-24 12:05:51 | ERROR    | src.data.validator             | merval                MISSING       MISSING           0      0  100.00%  ERROR     
2026-05-24 12:05:51 | ERROR    | src.data.validator             | ccl                   MISSING       MISSING           0      0  100.00%  ERROR     
2026-05-24 12:05:51 | INFO     | src.data.validator             | ----------------------------------------------------------------------------------
2026-05-24 12:05:51 | INFO     | src.data.validator             | Coverage report [macro]
2026-05-24 12:05:51 | INFO     | src.data.validator             | ----------------------------------------------------------------------------------
2026-05-24 12:05:51 | INFO     | src.data.validator             | asset                 first_date    last_date      rows    nan    nan%  status    
2026-05-24 12:05:51 | INFO     | src.data.validator             | ----------------------------------------------------------------------------------
2026-05-24 12:05:51 | ERROR    | src.data.validator             | ipc                   MISSING       MISSING           0      0  100.00%  ERROR     
2026-05-24 12:05:51 | ERROR    | src.data.validator             | embi                  MISSING       MISSING           0      0  100.00%  ERROR     
2026-05-24 12:05:51 | ERROR    | src.data.validator             | reservas              MISSING       MISSING           0      0  100.00%  ERROR     
2026-05-24 12:05:51 | ERROR    | src.data.validator             | tc_oficial            MISSING       MISSING           0      0  100.00%  ERROR     
2026-05-24 12:05:51 | INFO     | src.data.validator             | ----------------------------------------------------------------------------------
2026-05-24 12:05:51 | ERROR    | src.data.loader                | Live-month validation failed — data NOT appended. 15 error(s):
2026-05-24 12:05:51 | ERROR    | src.data.loader                |   [YPF] series is entirely NaN (0 rows)
2026-05-24 12:05:51 | ERROR    | src.data.loader                |   [GGAL] series is entirely NaN (0 rows)
2026-05-24 12:05:51 | ERROR    | src.data.loader                |   [BMA] series is entirely NaN (0 rows)
2026-05-24 12:05:51 | ERROR    | src.data.loader                |   [PAM] series is entirely NaN (0 rows)
2026-05-24 12:05:51 | ERROR    | src.data.loader                |   [TGS] series is entirely NaN (0 rows)
2026-05-24 12:05:51 | ERROR    | src.data.loader                |   [CEPU] series is entirely NaN (0 rows)
2026-05-24 12:05:51 | ERROR    | src.data.loader                |   [EDN] series is entirely NaN (0 rows)
2026-05-24 12:05:51 | ERROR    | src.data.loader                |   [LOMA] series is entirely NaN (0 rows)
2026-05-24 12:05:51 | ERROR    | src.data.loader                |   [CRESY] series is entirely NaN (0 rows)
2026-05-24 12:05:51 | ERROR    | src.data.loader                |   [IRS] series is entirely NaN (0 rows)
2026-05-24 12:05:51 | ERROR    | src.data.loader                |   [merval] series is entirely NaN (0 rows)
2026-05-24 12:05:51 | ERROR    | src.data.loader                |   [ccl] series is entirely NaN (0 rows)
2026-05-24 12:05:51 | ERROR    | src.data.loader                |   [ipc] series is entirely NaN (0 rows)
2026-05-24 12:05:51 | ERROR    | src.data.loader                |   [reservas] series is entirely NaN (0 rows)
2026-05-24 12:05:51 | ERROR    | src.data.loader                |   [tc_oficial] series is entirely NaN (0 rows)
2026-05-24 12:05:51 | INFO     | src.features.features          | compute_features: 815 weekly rows | 10 tickers | warm-up = 30 rows
2026-05-24 12:05:51 | WARNING  | src.nlp.nlp                    | News directory not found: data\news\2024\07 — returning 0.0 (neutral)
2026-05-24 12:05:51 | WARNING  | src.signals.regime             | _build_monthly_feature_matrix: 'embi' is entirely NaN — filling with 0.0
2026-05-24 12:05:51 | INFO     | src.signals.regime             | Regime prediction: risk_on (p=0.979) | month=2024-07 | nlp_score=0.0000
2026-05-24 12:05:51 | INFO     | src.allocation.allocator       | compute_weights: risk_on (p=0.979) | active=[BMA=1.148, GGAL=1.113, IRS=1.089, PAM=1.006, TGS=1.077, YPF=1.016] | excluded=[CEPU=0.927, CRESY=0.913, EDN=0.944, LOMA=0.936] | BMA=0.1667 GGAL=0.1667 IRS=0.1667 PAM=0.1667 TGS=0.1667 YPF=0.1667
2026-05-24 12:05:51 | INFO     | __main__                       | 2024-07 | risk_on (p=0.979) | nlp=0.0000 | active=6 excluded=4
2026-05-24 12:05:51 | INFO     | src.utils.utils                | [DONE]  live 2024-07 — 17.40s
2026-05-24 12:05:51 | INFO     | src.utils.utils                | [START] live 2024-08
2026-05-24 12:05:51 | INFO     | src.data.loader                | Starting live-month download: 2025-07-01 → 2024-08-31 (cutoff: 2024-08-31) | tickers: ['YPF', 'GGAL', 'BMA', 'PAM', 'TGS', 'CEPU', 'EDN', 'LOMA', 'CRESY', 'IRS']
2026-05-24 12:05:53 | ERROR    | yfinance                       | $YPF: possibly delisted; no price data found  (1wk 2025-07-01 -> 2024-08-31) (Yahoo error = "Invalid input - start date cannot be after end date. startDate = 1751342400, endDate = 1725076800")
2026-05-24 12:05:53 | WARNING  | src.data.downloader            | [YPF] yfinance returned empty DataFrame
2026-05-24 12:05:54 | ERROR    | yfinance                       | $GGAL: possibly delisted; no price data found  (1wk 2025-07-01 -> 2024-08-31) (Yahoo error = "Invalid input - start date cannot be after end date. startDate = 1751342400, endDate = 1725076800")
2026-05-24 12:05:54 | WARNING  | src.data.downloader            | [GGAL] yfinance returned empty DataFrame
2026-05-24 12:05:55 | ERROR    | yfinance                       | $BMA: possibly delisted; no price data found  (1wk 2025-07-01 -> 2024-08-31) (Yahoo error = "Invalid input - start date cannot be after end date. startDate = 1751342400, endDate = 1725076800")
2026-05-24 12:05:55 | WARNING  | src.data.downloader            | [BMA] yfinance returned empty DataFrame
2026-05-24 12:05:57 | ERROR    | yfinance                       | $PAM: possibly delisted; no price data found  (1wk 2025-07-01 -> 2024-08-31) (Yahoo error = "Invalid input - start date cannot be after end date. startDate = 1751342400, endDate = 1725076800")
2026-05-24 12:05:57 | WARNING  | src.data.downloader            | [PAM] yfinance returned empty DataFrame
2026-05-24 12:05:58 | ERROR    | yfinance                       | $TGS: possibly delisted; no price data found  (1wk 2025-07-01 -> 2024-08-31) (Yahoo error = "Invalid input - start date cannot be after end date. startDate = 1751342400, endDate = 1725076800")
2026-05-24 12:05:58 | WARNING  | src.data.downloader            | [TGS] yfinance returned empty DataFrame
2026-05-24 12:05:59 | ERROR    | yfinance                       | $CEPU: possibly delisted; no price data found  (1wk 2025-07-01 -> 2024-08-31) (Yahoo error = "Invalid input - start date cannot be after end date. startDate = 1751342400, endDate = 1725076800")
2026-05-24 12:05:59 | WARNING  | src.data.downloader            | [CEPU] yfinance returned empty DataFrame
2026-05-24 12:06:01 | ERROR    | yfinance                       | $EDN: possibly delisted; no price data found  (1wk 2025-07-01 -> 2024-08-31) (Yahoo error = "Invalid input - start date cannot be after end date. startDate = 1751342400, endDate = 1725076800")
2026-05-24 12:06:01 | WARNING  | src.data.downloader            | [EDN] yfinance returned empty DataFrame
2026-05-24 12:06:02 | ERROR    | yfinance                       | $LOMA: possibly delisted; no price data found  (1wk 2025-07-01 -> 2024-08-31) (Yahoo error = "Invalid input - start date cannot be after end date. startDate = 1751342400, endDate = 1725076800")
2026-05-24 12:06:02 | WARNING  | src.data.downloader            | [LOMA] yfinance returned empty DataFrame
2026-05-24 12:06:03 | ERROR    | yfinance                       | $CRESY: possibly delisted; no price data found  (1wk 2025-07-01 -> 2024-08-31) (Yahoo error = "Invalid input - start date cannot be after end date. startDate = 1751342400, endDate = 1725076800")
2026-05-24 12:06:03 | WARNING  | src.data.downloader            | [CRESY] yfinance returned empty DataFrame
2026-05-24 12:06:04 | ERROR    | yfinance                       | $IRS: possibly delisted; no price data found  (1wk 2025-07-01 -> 2024-08-31) (Yahoo error = "Invalid input - start date cannot be after end date. startDate = 1751342400, endDate = 1725076800")
2026-05-24 12:06:04 | WARNING  | src.data.downloader            | [IRS] yfinance returned empty DataFrame
2026-05-24 12:06:04 | WARNING  | src.data.downloader            | [YPF] no data downloaded
2026-05-24 12:06:04 | WARNING  | src.data.downloader            | [GGAL] no data downloaded
2026-05-24 12:06:04 | WARNING  | src.data.downloader            | [BMA] no data downloaded
2026-05-24 12:06:04 | WARNING  | src.data.downloader            | [PAM] no data downloaded
2026-05-24 12:06:04 | WARNING  | src.data.downloader            | [TGS] no data downloaded
2026-05-24 12:06:04 | WARNING  | src.data.downloader            | [CEPU] no data downloaded
2026-05-24 12:06:04 | WARNING  | src.data.downloader            | [EDN] no data downloaded
2026-05-24 12:06:04 | WARNING  | src.data.downloader            | [LOMA] no data downloaded
2026-05-24 12:06:04 | WARNING  | src.data.downloader            | [CRESY] no data downloaded
2026-05-24 12:06:04 | WARNING  | src.data.downloader            | [IRS] no data downloaded
2026-05-24 12:06:06 | ERROR    | yfinance                       | $^MERV: possibly delisted; no price data found  (1wk 2025-07-01 -> 2024-08-31) (Yahoo error = "Invalid input - start date cannot be after end date. startDate = 1751338800, endDate = 1725073200")
2026-05-24 12:06:06 | WARNING  | src.data.downloader            | [^MERV] yfinance returned empty DataFrame
2026-05-24 12:06:06 | ERROR    | yfinance                       | $AL30D.BA: possibly delisted; no timezone found
2026-05-24 12:06:06 | WARNING  | src.data.scraper_al30d         | [AL30D.BA] all sources failed and no cache available
2026-05-24 12:06:06 | WARNING  | src.data.scraper_al30d         | sovereign_bond: all sources failed — returning empty series
2026-05-24 12:06:06 | WARNING  | src.data.scraper_ccl           | CCL: all sources failed — returning empty series
2026-05-24 12:06:07 | WARNING  | src.data.scraper_macro         | [macro/ipc] extending last cached value (6551.3220) to fill 2025-07-01 → 2024-08-31
2026-05-24 12:06:07 | WARNING  | src.data.scraper_macro         | [macro/embi] cache has no valid values
2026-05-24 12:06:08 | WARNING  | src.data.scraper_macro         | [macro/reservas] extending last cached value (28163.7097) to fill 2025-07-01 → 2024-08-31
2026-05-24 12:06:09 | WARNING  | src.data.scraper_macro         | [macro/tc_oficial] extending last cached value (972.0000) to fill 2025-07-01 → 2024-08-31
2026-05-24 12:06:09 | INFO     | src.data.validator             | Coverage report [prices]
2026-05-24 12:06:09 | INFO     | src.data.validator             | ----------------------------------------------------------------------------------
2026-05-24 12:06:09 | INFO     | src.data.validator             | asset                 first_date    last_date      rows    nan    nan%  status    
2026-05-24 12:06:09 | INFO     | src.data.validator             | ----------------------------------------------------------------------------------
2026-05-24 12:06:09 | ERROR    | src.data.validator             | YPF                   MISSING       MISSING           0      0  100.00%  ERROR     
2026-05-24 12:06:09 | ERROR    | src.data.validator             | GGAL                  MISSING       MISSING           0      0  100.00%  ERROR     
2026-05-24 12:06:09 | ERROR    | src.data.validator             | BMA                   MISSING       MISSING           0      0  100.00%  ERROR     
2026-05-24 12:06:09 | ERROR    | src.data.validator             | PAM                   MISSING       MISSING           0      0  100.00%  ERROR     
2026-05-24 12:06:09 | ERROR    | src.data.validator             | TGS                   MISSING       MISSING           0      0  100.00%  ERROR     
2026-05-24 12:06:09 | ERROR    | src.data.validator             | CEPU                  MISSING       MISSING           0      0  100.00%  ERROR     
2026-05-24 12:06:09 | ERROR    | src.data.validator             | EDN                   MISSING       MISSING           0      0  100.00%  ERROR     
2026-05-24 12:06:09 | ERROR    | src.data.validator             | LOMA                  MISSING       MISSING           0      0  100.00%  ERROR     
2026-05-24 12:06:09 | ERROR    | src.data.validator             | CRESY                 MISSING       MISSING           0      0  100.00%  ERROR     
2026-05-24 12:06:09 | ERROR    | src.data.validator             | IRS                   MISSING       MISSING           0      0  100.00%  ERROR     
2026-05-24 12:06:09 | ERROR    | src.data.validator             | sovereign_bond        MISSING       MISSING           0      0  100.00%  ERROR     
2026-05-24 12:06:09 | ERROR    | src.data.validator             | merval                MISSING       MISSING           0      0  100.00%  ERROR     
2026-05-24 12:06:09 | ERROR    | src.data.validator             | ccl                   MISSING       MISSING           0      0  100.00%  ERROR     
2026-05-24 12:06:09 | INFO     | src.data.validator             | ----------------------------------------------------------------------------------
2026-05-24 12:06:09 | INFO     | src.data.validator             | Coverage report [macro]
2026-05-24 12:06:09 | INFO     | src.data.validator             | ----------------------------------------------------------------------------------
2026-05-24 12:06:09 | INFO     | src.data.validator             | asset                 first_date    last_date      rows    nan    nan%  status    
2026-05-24 12:06:09 | INFO     | src.data.validator             | ----------------------------------------------------------------------------------
2026-05-24 12:06:09 | ERROR    | src.data.validator             | ipc                   MISSING       MISSING           0      0  100.00%  ERROR     
2026-05-24 12:06:09 | ERROR    | src.data.validator             | embi                  MISSING       MISSING           0      0  100.00%  ERROR     
2026-05-24 12:06:09 | ERROR    | src.data.validator             | reservas              MISSING       MISSING           0      0  100.00%  ERROR     
2026-05-24 12:06:09 | ERROR    | src.data.validator             | tc_oficial            MISSING       MISSING           0      0  100.00%  ERROR     
2026-05-24 12:06:09 | INFO     | src.data.validator             | ----------------------------------------------------------------------------------
2026-05-24 12:06:09 | ERROR    | src.data.loader                | Live-month validation failed — data NOT appended. 15 error(s):
2026-05-24 12:06:09 | ERROR    | src.data.loader                |   [YPF] series is entirely NaN (0 rows)
2026-05-24 12:06:09 | ERROR    | src.data.loader                |   [GGAL] series is entirely NaN (0 rows)
2026-05-24 12:06:09 | ERROR    | src.data.loader                |   [BMA] series is entirely NaN (0 rows)
2026-05-24 12:06:09 | ERROR    | src.data.loader                |   [PAM] series is entirely NaN (0 rows)
2026-05-24 12:06:09 | ERROR    | src.data.loader                |   [TGS] series is entirely NaN (0 rows)
2026-05-24 12:06:09 | ERROR    | src.data.loader                |   [CEPU] series is entirely NaN (0 rows)
2026-05-24 12:06:09 | ERROR    | src.data.loader                |   [EDN] series is entirely NaN (0 rows)
2026-05-24 12:06:09 | ERROR    | src.data.loader                |   [LOMA] series is entirely NaN (0 rows)
2026-05-24 12:06:09 | ERROR    | src.data.loader                |   [CRESY] series is entirely NaN (0 rows)
2026-05-24 12:06:09 | ERROR    | src.data.loader                |   [IRS] series is entirely NaN (0 rows)
2026-05-24 12:06:09 | ERROR    | src.data.loader                |   [merval] series is entirely NaN (0 rows)
2026-05-24 12:06:09 | ERROR    | src.data.loader                |   [ccl] series is entirely NaN (0 rows)
2026-05-24 12:06:09 | ERROR    | src.data.loader                |   [ipc] series is entirely NaN (0 rows)
2026-05-24 12:06:09 | ERROR    | src.data.loader                |   [reservas] series is entirely NaN (0 rows)
2026-05-24 12:06:09 | ERROR    | src.data.loader                |   [tc_oficial] series is entirely NaN (0 rows)
2026-05-24 12:06:09 | INFO     | src.features.features          | compute_features: 819 weekly rows | 10 tickers | warm-up = 30 rows
2026-05-24 12:06:09 | WARNING  | src.nlp.nlp                    | News directory not found: data\news\2024\08 — returning 0.0 (neutral)
2026-05-24 12:06:09 | WARNING  | src.signals.regime             | _build_monthly_feature_matrix: 'embi' is entirely NaN — filling with 0.0
2026-05-24 12:06:09 | INFO     | src.signals.regime             | Regime prediction: risk_on (p=0.980) | month=2024-08 | nlp_score=0.0000
2026-05-24 12:06:09 | INFO     | src.allocation.allocator       | compute_weights: risk_on (p=0.980) | active=[BMA=1.219, EDN=1.116, GGAL=1.407, IRS=1.103, LOMA=1.027, PAM=1.192, TGS=1.142, YPF=1.166] | excluded=[CEPU=1.000, CRESY=0.965] | BMA=0.1250 EDN=0.1250 GGAL=0.1250 IRS=0.1250 LOMA=0.1250 PAM=0.1250 TGS=0.1250 YPF=0.1250
2026-05-24 12:06:09 | INFO     | __main__                       | 2024-08 | risk_on (p=0.980) | nlp=0.0000 | active=8 excluded=2
2026-05-24 12:06:09 | INFO     | src.utils.utils                | [DONE]  live 2024-08 — 18.20s
2026-05-24 12:06:09 | INFO     | src.utils.utils                | [START] live 2024-09
2026-05-24 12:06:09 | INFO     | src.data.loader                | Starting live-month download: 2025-07-01 → 2024-09-30 (cutoff: 2024-09-30) | tickers: ['YPF', 'GGAL', 'BMA', 'PAM', 'TGS', 'CEPU', 'EDN', 'LOMA', 'CRESY', 'IRS']
2026-05-24 12:06:11 | ERROR    | yfinance                       | $YPF: possibly delisted; no price data found  (1wk 2025-07-01 -> 2024-09-30) (Yahoo error = "Invalid input - start date cannot be after end date. startDate = 1751342400, endDate = 1727668800")
2026-05-24 12:06:11 | WARNING  | src.data.downloader            | [YPF] yfinance returned empty DataFrame
2026-05-24 12:06:12 | ERROR    | yfinance                       | $GGAL: possibly delisted; no price data found  (1wk 2025-07-01 -> 2024-09-30) (Yahoo error = "Invalid input - start date cannot be after end date. startDate = 1751342400, endDate = 1727668800")
2026-05-24 12:06:12 | WARNING  | src.data.downloader            | [GGAL] yfinance returned empty DataFrame
2026-05-24 12:06:13 | ERROR    | yfinance                       | $BMA: possibly delisted; no price data found  (1wk 2025-07-01 -> 2024-09-30) (Yahoo error = "Invalid input - start date cannot be after end date. startDate = 1751342400, endDate = 1727668800")
2026-05-24 12:06:13 | WARNING  | src.data.downloader            | [BMA] yfinance returned empty DataFrame
2026-05-24 12:06:14 | ERROR    | yfinance                       | $PAM: possibly delisted; no price data found  (1wk 2025-07-01 -> 2024-09-30) (Yahoo error = "Invalid input - start date cannot be after end date. startDate = 1751342400, endDate = 1727668800")
2026-05-24 12:06:14 | WARNING  | src.data.downloader            | [PAM] yfinance returned empty DataFrame
2026-05-24 12:06:16 | ERROR    | yfinance                       | $TGS: possibly delisted; no price data found  (1wk 2025-07-01 -> 2024-09-30) (Yahoo error = "Invalid input - start date cannot be after end date. startDate = 1751342400, endDate = 1727668800")
2026-05-24 12:06:16 | WARNING  | src.data.downloader            | [TGS] yfinance returned empty DataFrame
2026-05-24 12:06:17 | ERROR    | yfinance                       | $CEPU: possibly delisted; no price data found  (1wk 2025-07-01 -> 2024-09-30) (Yahoo error = "Invalid input - start date cannot be after end date. startDate = 1751342400, endDate = 1727668800")
2026-05-24 12:06:17 | WARNING  | src.data.downloader            | [CEPU] yfinance returned empty DataFrame
2026-05-24 12:06:18 | ERROR    | yfinance                       | $EDN: possibly delisted; no price data found  (1wk 2025-07-01 -> 2024-09-30) (Yahoo error = "Invalid input - start date cannot be after end date. startDate = 1751342400, endDate = 1727668800")
2026-05-24 12:06:18 | WARNING  | src.data.downloader            | [EDN] yfinance returned empty DataFrame
2026-05-24 12:06:20 | ERROR    | yfinance                       | $LOMA: possibly delisted; no price data found  (1wk 2025-07-01 -> 2024-09-30) (Yahoo error = "Invalid input - start date cannot be after end date. startDate = 1751342400, endDate = 1727668800")
2026-05-24 12:06:20 | WARNING  | src.data.downloader            | [LOMA] yfinance returned empty DataFrame
2026-05-24 12:06:21 | ERROR    | yfinance                       | $CRESY: possibly delisted; no price data found  (1wk 2025-07-01 -> 2024-09-30) (Yahoo error = "Invalid input - start date cannot be after end date. startDate = 1751342400, endDate = 1727668800")
2026-05-24 12:06:21 | WARNING  | src.data.downloader            | [CRESY] yfinance returned empty DataFrame
2026-05-24 12:06:22 | ERROR    | yfinance                       | $IRS: possibly delisted; no price data found  (1wk 2025-07-01 -> 2024-09-30) (Yahoo error = "Invalid input - start date cannot be after end date. startDate = 1751342400, endDate = 1727668800")
2026-05-24 12:06:22 | WARNING  | src.data.downloader            | [IRS] yfinance returned empty DataFrame
2026-05-24 12:06:22 | WARNING  | src.data.downloader            | [YPF] no data downloaded
2026-05-24 12:06:22 | WARNING  | src.data.downloader            | [GGAL] no data downloaded
2026-05-24 12:06:22 | WARNING  | src.data.downloader            | [BMA] no data downloaded
2026-05-24 12:06:22 | WARNING  | src.data.downloader            | [PAM] no data downloaded
2026-05-24 12:06:22 | WARNING  | src.data.downloader            | [TGS] no data downloaded
2026-05-24 12:06:22 | WARNING  | src.data.downloader            | [CEPU] no data downloaded
2026-05-24 12:06:22 | WARNING  | src.data.downloader            | [EDN] no data downloaded
2026-05-24 12:06:22 | WARNING  | src.data.downloader            | [LOMA] no data downloaded
2026-05-24 12:06:22 | WARNING  | src.data.downloader            | [CRESY] no data downloaded
2026-05-24 12:06:22 | WARNING  | src.data.downloader            | [IRS] no data downloaded
2026-05-24 12:06:23 | ERROR    | yfinance                       | $^MERV: possibly delisted; no price data found  (1wk 2025-07-01 -> 2024-09-30) (Yahoo error = "Invalid input - start date cannot be after end date. startDate = 1751338800, endDate = 1727665200")
2026-05-24 12:06:23 | WARNING  | src.data.downloader            | [^MERV] yfinance returned empty DataFrame
2026-05-24 12:06:23 | ERROR    | yfinance                       | $AL30D.BA: possibly delisted; no timezone found
2026-05-24 12:06:23 | WARNING  | src.data.scraper_al30d         | [AL30D.BA] all sources failed and no cache available
2026-05-24 12:06:23 | WARNING  | src.data.scraper_al30d         | sovereign_bond: all sources failed — returning empty series
2026-05-24 12:06:24 | WARNING  | src.data.scraper_ccl           | CCL: all sources failed — returning empty series
2026-05-24 12:06:25 | WARNING  | src.data.scraper_macro         | [macro/ipc] extending last cached value (7076.0410) to fill 2025-07-01 → 2024-09-30
2026-05-24 12:06:25 | WARNING  | src.data.scraper_macro         | [macro/embi] cache has no valid values
2026-05-24 12:06:26 | WARNING  | src.data.scraper_macro         | [macro/reservas] extending last cached value (27580.8333) to fill 2025-07-01 → 2024-09-30
2026-05-24 12:06:27 | WARNING  | src.data.scraper_macro         | [macro/tc_oficial] extending last cached value (990.0000) to fill 2025-07-01 → 2024-09-30
2026-05-24 12:06:27 | INFO     | src.data.validator             | Coverage report [prices]
2026-05-24 12:06:27 | INFO     | src.data.validator             | ----------------------------------------------------------------------------------
2026-05-24 12:06:27 | INFO     | src.data.validator             | asset                 first_date    last_date      rows    nan    nan%  status    
2026-05-24 12:06:27 | INFO     | src.data.validator             | ----------------------------------------------------------------------------------
2026-05-24 12:06:27 | ERROR    | src.data.validator             | YPF                   MISSING       MISSING           0      0  100.00%  ERROR     
2026-05-24 12:06:27 | ERROR    | src.data.validator             | GGAL                  MISSING       MISSING           0      0  100.00%  ERROR     
2026-05-24 12:06:27 | ERROR    | src.data.validator             | BMA                   MISSING       MISSING           0      0  100.00%  ERROR     
2026-05-24 12:06:27 | ERROR    | src.data.validator             | PAM                   MISSING       MISSING           0      0  100.00%  ERROR     
2026-05-24 12:06:27 | ERROR    | src.data.validator             | TGS                   MISSING       MISSING           0      0  100.00%  ERROR     
2026-05-24 12:06:27 | ERROR    | src.data.validator             | CEPU                  MISSING       MISSING           0      0  100.00%  ERROR     
2026-05-24 12:06:27 | ERROR    | src.data.validator             | EDN                   MISSING       MISSING           0      0  100.00%  ERROR     
2026-05-24 12:06:27 | ERROR    | src.data.validator             | LOMA                  MISSING       MISSING           0      0  100.00%  ERROR     
2026-05-24 12:06:27 | ERROR    | src.data.validator             | CRESY                 MISSING       MISSING           0      0  100.00%  ERROR     
2026-05-24 12:06:27 | ERROR    | src.data.validator             | IRS                   MISSING       MISSING           0      0  100.00%  ERROR     
2026-05-24 12:06:27 | ERROR    | src.data.validator             | sovereign_bond        MISSING       MISSING           0      0  100.00%  ERROR     
2026-05-24 12:06:27 | ERROR    | src.data.validator             | merval                MISSING       MISSING           0      0  100.00%  ERROR     
2026-05-24 12:06:27 | ERROR    | src.data.validator             | ccl                   MISSING       MISSING           0      0  100.00%  ERROR     
2026-05-24 12:06:27 | INFO     | src.data.validator             | ----------------------------------------------------------------------------------
2026-05-24 12:06:27 | INFO     | src.data.validator             | Coverage report [macro]
2026-05-24 12:06:27 | INFO     | src.data.validator             | ----------------------------------------------------------------------------------
2026-05-24 12:06:27 | INFO     | src.data.validator             | asset                 first_date    last_date      rows    nan    nan%  status    
2026-05-24 12:06:27 | INFO     | src.data.validator             | ----------------------------------------------------------------------------------
2026-05-24 12:06:27 | ERROR    | src.data.validator             | ipc                   MISSING       MISSING           0      0  100.00%  ERROR     
2026-05-24 12:06:27 | ERROR    | src.data.validator             | embi                  MISSING       MISSING           0      0  100.00%  ERROR     
2026-05-24 12:06:27 | ERROR    | src.data.validator             | reservas              MISSING       MISSING           0      0  100.00%  ERROR     
2026-05-24 12:06:27 | ERROR    | src.data.validator             | tc_oficial            MISSING       MISSING           0      0  100.00%  ERROR     
2026-05-24 12:06:27 | INFO     | src.data.validator             | ----------------------------------------------------------------------------------
2026-05-24 12:06:27 | ERROR    | src.data.loader                | Live-month validation failed — data NOT appended. 15 error(s):
2026-05-24 12:06:27 | ERROR    | src.data.loader                |   [YPF] series is entirely NaN (0 rows)
2026-05-24 12:06:27 | ERROR    | src.data.loader                |   [GGAL] series is entirely NaN (0 rows)
2026-05-24 12:06:27 | ERROR    | src.data.loader                |   [BMA] series is entirely NaN (0 rows)
2026-05-24 12:06:27 | ERROR    | src.data.loader                |   [PAM] series is entirely NaN (0 rows)
2026-05-24 12:06:27 | ERROR    | src.data.loader                |   [TGS] series is entirely NaN (0 rows)
2026-05-24 12:06:27 | ERROR    | src.data.loader                |   [CEPU] series is entirely NaN (0 rows)
2026-05-24 12:06:27 | ERROR    | src.data.loader                |   [EDN] series is entirely NaN (0 rows)
2026-05-24 12:06:27 | ERROR    | src.data.loader                |   [LOMA] series is entirely NaN (0 rows)
2026-05-24 12:06:27 | ERROR    | src.data.loader                |   [CRESY] series is entirely NaN (0 rows)
2026-05-24 12:06:27 | ERROR    | src.data.loader                |   [IRS] series is entirely NaN (0 rows)
2026-05-24 12:06:27 | ERROR    | src.data.loader                |   [merval] series is entirely NaN (0 rows)
2026-05-24 12:06:27 | ERROR    | src.data.loader                |   [ccl] series is entirely NaN (0 rows)
2026-05-24 12:06:27 | ERROR    | src.data.loader                |   [ipc] series is entirely NaN (0 rows)
2026-05-24 12:06:27 | ERROR    | src.data.loader                |   [reservas] series is entirely NaN (0 rows)
2026-05-24 12:06:27 | ERROR    | src.data.loader                |   [tc_oficial] series is entirely NaN (0 rows)
2026-05-24 12:06:27 | INFO     | src.features.features          | compute_features: 824 weekly rows | 10 tickers | warm-up = 30 rows
2026-05-24 12:06:27 | WARNING  | src.nlp.nlp                    | News directory not found: data\news\2024\09 — returning 0.0 (neutral)
2026-05-24 12:06:27 | WARNING  | src.signals.regime             | _build_monthly_feature_matrix: 'embi' is entirely NaN — filling with 0.0
2026-05-24 12:06:27 | INFO     | src.signals.regime             | Regime prediction: risk_on (p=0.955) | month=2024-09 | nlp_score=0.0000
2026-05-24 12:06:27 | INFO     | src.allocation.allocator       | compute_weights: risk_on (p=0.955) | active=[BMA=1.257, CEPU=1.055, CRESY=1.055, EDN=1.229, GGAL=1.364, IRS=1.233, LOMA=1.140, PAM=1.299, TGS=1.081, YPF=1.047] | excluded=[none] | BMA=0.1000 CEPU=0.1000 CRESY=0.1000 EDN=0.1000 GGAL=0.1000 IRS=0.1000 LOMA=0.1000 PAM=0.1000 TGS=0.1000 YPF=0.1000
2026-05-24 12:06:27 | INFO     | __main__                       | 2024-09 | risk_on (p=0.955) | nlp=0.0000 | active=10 excluded=0
2026-05-24 12:06:27 | INFO     | src.utils.utils                | [DONE]  live 2024-09 — 17.54s
2026-05-24 12:06:27 | INFO     | src.utils.utils                | [START] live 2024-10
2026-05-24 12:06:27 | INFO     | src.data.loader                | Starting live-month download: 2025-07-01 → 2024-10-31 (cutoff: 2024-10-31) | tickers: ['YPF', 'GGAL', 'BMA', 'PAM', 'TGS', 'CEPU', 'EDN', 'LOMA', 'CRESY', 'IRS']
2026-05-24 12:06:28 | ERROR    | yfinance                       | $YPF: possibly delisted; no price data found  (1wk 2025-07-01 -> 2024-10-31) (Yahoo error = "Invalid input - start date cannot be after end date. startDate = 1751342400, endDate = 1730347200")
2026-05-24 12:06:28 | WARNING  | src.data.downloader            | [YPF] yfinance returned empty DataFrame
2026-05-24 12:06:29 | ERROR    | yfinance                       | $GGAL: possibly delisted; no price data found  (1wk 2025-07-01 -> 2024-10-31) (Yahoo error = "Invalid input - start date cannot be after end date. startDate = 1751342400, endDate = 1730347200")
2026-05-24 12:06:29 | WARNING  | src.data.downloader            | [GGAL] yfinance returned empty DataFrame
2026-05-24 12:06:31 | ERROR    | yfinance                       | $BMA: possibly delisted; no price data found  (1wk 2025-07-01 -> 2024-10-31) (Yahoo error = "Invalid input - start date cannot be after end date. startDate = 1751342400, endDate = 1730347200")
2026-05-24 12:06:31 | WARNING  | src.data.downloader            | [BMA] yfinance returned empty DataFrame
2026-05-24 12:06:32 | ERROR    | yfinance                       | $PAM: possibly delisted; no price data found  (1wk 2025-07-01 -> 2024-10-31) (Yahoo error = "Invalid input - start date cannot be after end date. startDate = 1751342400, endDate = 1730347200")
2026-05-24 12:06:32 | WARNING  | src.data.downloader            | [PAM] yfinance returned empty DataFrame
2026-05-24 12:06:33 | ERROR    | yfinance                       | $TGS: possibly delisted; no price data found  (1wk 2025-07-01 -> 2024-10-31) (Yahoo error = "Invalid input - start date cannot be after end date. startDate = 1751342400, endDate = 1730347200")
2026-05-24 12:06:33 | WARNING  | src.data.downloader            | [TGS] yfinance returned empty DataFrame
2026-05-24 12:06:34 | ERROR    | yfinance                       | $CEPU: possibly delisted; no price data found  (1wk 2025-07-01 -> 2024-10-31) (Yahoo error = "Invalid input - start date cannot be after end date. startDate = 1751342400, endDate = 1730347200")
2026-05-24 12:06:34 | WARNING  | src.data.downloader            | [CEPU] yfinance returned empty DataFrame
2026-05-24 12:06:36 | ERROR    | yfinance                       | $EDN: possibly delisted; no price data found  (1wk 2025-07-01 -> 2024-10-31) (Yahoo error = "Invalid input - start date cannot be after end date. startDate = 1751342400, endDate = 1730347200")
2026-05-24 12:06:36 | WARNING  | src.data.downloader            | [EDN] yfinance returned empty DataFrame
2026-05-24 12:06:37 | ERROR    | yfinance                       | $LOMA: possibly delisted; no price data found  (1wk 2025-07-01 -> 2024-10-31) (Yahoo error = "Invalid input - start date cannot be after end date. startDate = 1751342400, endDate = 1730347200")
2026-05-24 12:06:37 | WARNING  | src.data.downloader            | [LOMA] yfinance returned empty DataFrame
2026-05-24 12:06:38 | ERROR    | yfinance                       | $CRESY: possibly delisted; no price data found  (1wk 2025-07-01 -> 2024-10-31) (Yahoo error = "Invalid input - start date cannot be after end date. startDate = 1751342400, endDate = 1730347200")
2026-05-24 12:06:38 | WARNING  | src.data.downloader            | [CRESY] yfinance returned empty DataFrame
2026-05-24 12:06:40 | ERROR    | yfinance                       | $IRS: possibly delisted; no price data found  (1wk 2025-07-01 -> 2024-10-31) (Yahoo error = "Invalid input - start date cannot be after end date. startDate = 1751342400, endDate = 1730347200")
2026-05-24 12:06:40 | WARNING  | src.data.downloader            | [IRS] yfinance returned empty DataFrame
2026-05-24 12:06:40 | WARNING  | src.data.downloader            | [YPF] no data downloaded
2026-05-24 12:06:40 | WARNING  | src.data.downloader            | [GGAL] no data downloaded
2026-05-24 12:06:40 | WARNING  | src.data.downloader            | [BMA] no data downloaded
2026-05-24 12:06:40 | WARNING  | src.data.downloader            | [PAM] no data downloaded
2026-05-24 12:06:40 | WARNING  | src.data.downloader            | [TGS] no data downloaded
2026-05-24 12:06:40 | WARNING  | src.data.downloader            | [CEPU] no data downloaded
2026-05-24 12:06:40 | WARNING  | src.data.downloader            | [EDN] no data downloaded
2026-05-24 12:06:40 | WARNING  | src.data.downloader            | [LOMA] no data downloaded
2026-05-24 12:06:40 | WARNING  | src.data.downloader            | [CRESY] no data downloaded
2026-05-24 12:06:40 | WARNING  | src.data.downloader            | [IRS] no data downloaded
2026-05-24 12:06:41 | ERROR    | yfinance                       | $^MERV: possibly delisted; no price data found  (1wk 2025-07-01 -> 2024-10-31) (Yahoo error = "Invalid input - start date cannot be after end date. startDate = 1751338800, endDate = 1730343600")
2026-05-24 12:06:41 | WARNING  | src.data.downloader            | [^MERV] yfinance returned empty DataFrame
2026-05-24 12:06:41 | ERROR    | yfinance                       | $AL30D.BA: possibly delisted; no timezone found
2026-05-24 12:06:41 | WARNING  | src.data.scraper_al30d         | [AL30D.BA] all sources failed and no cache available
2026-05-24 12:06:41 | WARNING  | src.data.scraper_al30d         | sovereign_bond: all sources failed — returning empty series
2026-05-24 12:06:41 | WARNING  | src.data.scraper_ccl           | CCL: all sources failed — returning empty series
2026-05-24 12:06:42 | WARNING  | src.data.scraper_macro         | [macro/ipc] extending last cached value (7275.6042) to fill 2025-07-01 → 2024-10-31
2026-05-24 12:06:42 | WARNING  | src.data.scraper_macro         | [macro/embi] cache has no valid values
2026-05-24 12:06:43 | WARNING  | src.data.scraper_macro         | [macro/reservas] extending last cached value (28706.3548) to fill 2025-07-01 → 2024-10-31
2026-05-24 12:06:44 | WARNING  | src.data.scraper_macro         | [macro/tc_oficial] extending last cached value (1011.5000) to fill 2025-07-01 → 2024-10-31
2026-05-24 12:06:44 | INFO     | src.data.validator             | Coverage report [prices]
2026-05-24 12:06:44 | INFO     | src.data.validator             | ----------------------------------------------------------------------------------
2026-05-24 12:06:44 | INFO     | src.data.validator             | asset                 first_date    last_date      rows    nan    nan%  status    
2026-05-24 12:06:44 | INFO     | src.data.validator             | ----------------------------------------------------------------------------------
2026-05-24 12:06:44 | ERROR    | src.data.validator             | YPF                   MISSING       MISSING           0      0  100.00%  ERROR     
2026-05-24 12:06:44 | ERROR    | src.data.validator             | GGAL                  MISSING       MISSING           0      0  100.00%  ERROR     
2026-05-24 12:06:44 | ERROR    | src.data.validator             | BMA                   MISSING       MISSING           0      0  100.00%  ERROR     
2026-05-24 12:06:44 | ERROR    | src.data.validator             | PAM                   MISSING       MISSING           0      0  100.00%  ERROR     
2026-05-24 12:06:44 | ERROR    | src.data.validator             | TGS                   MISSING       MISSING           0      0  100.00%  ERROR     
2026-05-24 12:06:44 | ERROR    | src.data.validator             | CEPU                  MISSING       MISSING           0      0  100.00%  ERROR     
2026-05-24 12:06:44 | ERROR    | src.data.validator             | EDN                   MISSING       MISSING           0      0  100.00%  ERROR     
2026-05-24 12:06:44 | ERROR    | src.data.validator             | LOMA                  MISSING       MISSING           0      0  100.00%  ERROR     
2026-05-24 12:06:44 | ERROR    | src.data.validator             | CRESY                 MISSING       MISSING           0      0  100.00%  ERROR     
2026-05-24 12:06:44 | ERROR    | src.data.validator             | IRS                   MISSING       MISSING           0      0  100.00%  ERROR     
2026-05-24 12:06:44 | ERROR    | src.data.validator             | sovereign_bond        MISSING       MISSING           0      0  100.00%  ERROR     
2026-05-24 12:06:44 | ERROR    | src.data.validator             | merval                MISSING       MISSING           0      0  100.00%  ERROR     
2026-05-24 12:06:44 | ERROR    | src.data.validator             | ccl                   MISSING       MISSING           0      0  100.00%  ERROR     
2026-05-24 12:06:44 | INFO     | src.data.validator             | ----------------------------------------------------------------------------------
2026-05-24 12:06:44 | INFO     | src.data.validator             | Coverage report [macro]
2026-05-24 12:06:44 | INFO     | src.data.validator             | ----------------------------------------------------------------------------------
2026-05-24 12:06:44 | INFO     | src.data.validator             | asset                 first_date    last_date      rows    nan    nan%  status    
2026-05-24 12:06:44 | INFO     | src.data.validator             | ----------------------------------------------------------------------------------
2026-05-24 12:06:44 | ERROR    | src.data.validator             | ipc                   MISSING       MISSING           0      0  100.00%  ERROR     
2026-05-24 12:06:44 | ERROR    | src.data.validator             | embi                  MISSING       MISSING           0      0  100.00%  ERROR     
2026-05-24 12:06:44 | ERROR    | src.data.validator             | reservas              MISSING       MISSING           0      0  100.00%  ERROR     
2026-05-24 12:06:44 | ERROR    | src.data.validator             | tc_oficial            MISSING       MISSING           0      0  100.00%  ERROR     
2026-05-24 12:06:44 | INFO     | src.data.validator             | ----------------------------------------------------------------------------------
2026-05-24 12:06:44 | ERROR    | src.data.loader                | Live-month validation failed — data NOT appended. 15 error(s):
2026-05-24 12:06:44 | ERROR    | src.data.loader                |   [YPF] series is entirely NaN (0 rows)
2026-05-24 12:06:44 | ERROR    | src.data.loader                |   [GGAL] series is entirely NaN (0 rows)
2026-05-24 12:06:44 | ERROR    | src.data.loader                |   [BMA] series is entirely NaN (0 rows)
2026-05-24 12:06:44 | ERROR    | src.data.loader                |   [PAM] series is entirely NaN (0 rows)
2026-05-24 12:06:44 | ERROR    | src.data.loader                |   [TGS] series is entirely NaN (0 rows)
2026-05-24 12:06:44 | ERROR    | src.data.loader                |   [CEPU] series is entirely NaN (0 rows)
2026-05-24 12:06:44 | ERROR    | src.data.loader                |   [EDN] series is entirely NaN (0 rows)
2026-05-24 12:06:44 | ERROR    | src.data.loader                |   [LOMA] series is entirely NaN (0 rows)
2026-05-24 12:06:44 | ERROR    | src.data.loader                |   [CRESY] series is entirely NaN (0 rows)
2026-05-24 12:06:44 | ERROR    | src.data.loader                |   [IRS] series is entirely NaN (0 rows)
2026-05-24 12:06:44 | ERROR    | src.data.loader                |   [merval] series is entirely NaN (0 rows)
2026-05-24 12:06:44 | ERROR    | src.data.loader                |   [ccl] series is entirely NaN (0 rows)
2026-05-24 12:06:44 | ERROR    | src.data.loader                |   [ipc] series is entirely NaN (0 rows)
2026-05-24 12:06:44 | ERROR    | src.data.loader                |   [reservas] series is entirely NaN (0 rows)
2026-05-24 12:06:44 | ERROR    | src.data.loader                |   [tc_oficial] series is entirely NaN (0 rows)
2026-05-24 12:06:44 | INFO     | src.features.features          | compute_features: 828 weekly rows | 10 tickers | warm-up = 30 rows
2026-05-24 12:06:44 | WARNING  | src.nlp.nlp                    | News directory not found: data\news\2024\10 — returning 0.0 (neutral)
2026-05-24 12:06:44 | WARNING  | src.signals.regime             | _build_monthly_feature_matrix: 'embi' is entirely NaN — filling with 0.0
2026-05-24 12:06:44 | INFO     | src.signals.regime             | Regime prediction: risk_on (p=0.902) | month=2024-10 | nlp_score=0.0000
2026-05-24 12:06:44 | INFO     | src.allocation.allocator       | compute_weights: risk_on (p=0.902) | active=[BMA=1.341, CEPU=1.178, CRESY=1.101, EDN=1.512, GGAL=1.480, IRS=1.251, LOMA=1.236, PAM=1.294, TGS=1.183, YPF=1.117] | excluded=[none] | BMA=0.1000 CEPU=0.1000 CRESY=0.1000 EDN=0.1000 GGAL=0.1000 IRS=0.1000 LOMA=0.1000 PAM=0.1000 TGS=0.1000 YPF=0.1000
2026-05-24 12:06:44 | INFO     | __main__                       | 2024-10 | risk_on (p=0.902) | nlp=0.0000 | active=10 excluded=0
2026-05-24 12:06:44 | INFO     | src.utils.utils                | [DONE]  live 2024-10 — 17.46s
2026-05-24 12:06:44 | INFO     | src.utils.utils                | [START] live 2024-11
2026-05-24 12:06:44 | INFO     | src.data.loader                | Starting live-month download: 2025-07-01 → 2024-11-30 (cutoff: 2024-11-30) | tickers: ['YPF', 'GGAL', 'BMA', 'PAM', 'TGS', 'CEPU', 'EDN', 'LOMA', 'CRESY', 'IRS']
2026-05-24 12:06:46 | ERROR    | yfinance                       | $YPF: possibly delisted; no price data found  (1wk 2025-07-01 -> 2024-11-30) (Yahoo error = "Invalid input - start date cannot be after end date. startDate = 1751342400, endDate = 1732942800")
2026-05-24 12:06:46 | WARNING  | src.data.downloader            | [YPF] yfinance returned empty DataFrame
2026-05-24 12:06:47 | ERROR    | yfinance                       | $GGAL: possibly delisted; no price data found  (1wk 2025-07-01 -> 2024-11-30) (Yahoo error = "Invalid input - start date cannot be after end date. startDate = 1751342400, endDate = 1732942800")
2026-05-24 12:06:47 | WARNING  | src.data.downloader            | [GGAL] yfinance returned empty DataFrame
2026-05-24 12:06:48 | ERROR    | yfinance                       | $BMA: possibly delisted; no price data found  (1wk 2025-07-01 -> 2024-11-30) (Yahoo error = "Invalid input - start date cannot be after end date. startDate = 1751342400, endDate = 1732942800")
2026-05-24 12:06:48 | WARNING  | src.data.downloader            | [BMA] yfinance returned empty DataFrame
2026-05-24 12:06:50 | ERROR    | yfinance                       | $PAM: possibly delisted; no price data found  (1wk 2025-07-01 -> 2024-11-30) (Yahoo error = "Invalid input - start date cannot be after end date. startDate = 1751342400, endDate = 1732942800")
2026-05-24 12:06:50 | WARNING  | src.data.downloader            | [PAM] yfinance returned empty DataFrame
2026-05-24 12:06:51 | ERROR    | yfinance                       | $TGS: possibly delisted; no price data found  (1wk 2025-07-01 -> 2024-11-30) (Yahoo error = "Invalid input - start date cannot be after end date. startDate = 1751342400, endDate = 1732942800")
2026-05-24 12:06:51 | WARNING  | src.data.downloader            | [TGS] yfinance returned empty DataFrame
2026-05-24 12:06:52 | ERROR    | yfinance                       | $CEPU: possibly delisted; no price data found  (1wk 2025-07-01 -> 2024-11-30) (Yahoo error = "Invalid input - start date cannot be after end date. startDate = 1751342400, endDate = 1732942800")
2026-05-24 12:06:52 | WARNING  | src.data.downloader            | [CEPU] yfinance returned empty DataFrame
2026-05-24 12:06:53 | ERROR    | yfinance                       | $EDN: possibly delisted; no price data found  (1wk 2025-07-01 -> 2024-11-30) (Yahoo error = "Invalid input - start date cannot be after end date. startDate = 1751342400, endDate = 1732942800")
2026-05-24 12:06:53 | WARNING  | src.data.downloader            | [EDN] yfinance returned empty DataFrame
2026-05-24 12:06:55 | ERROR    | yfinance                       | $LOMA: possibly delisted; no price data found  (1wk 2025-07-01 -> 2024-11-30) (Yahoo error = "Invalid input - start date cannot be after end date. startDate = 1751342400, endDate = 1732942800")
2026-05-24 12:06:55 | WARNING  | src.data.downloader            | [LOMA] yfinance returned empty DataFrame
2026-05-24 12:06:56 | ERROR    | yfinance                       | $CRESY: possibly delisted; no price data found  (1wk 2025-07-01 -> 2024-11-30) (Yahoo error = "Invalid input - start date cannot be after end date. startDate = 1751342400, endDate = 1732942800")
2026-05-24 12:06:56 | WARNING  | src.data.downloader            | [CRESY] yfinance returned empty DataFrame
2026-05-24 12:06:57 | ERROR    | yfinance                       | $IRS: possibly delisted; no price data found  (1wk 2025-07-01 -> 2024-11-30) (Yahoo error = "Invalid input - start date cannot be after end date. startDate = 1751342400, endDate = 1732942800")
2026-05-24 12:06:57 | WARNING  | src.data.downloader            | [IRS] yfinance returned empty DataFrame
2026-05-24 12:06:57 | WARNING  | src.data.downloader            | [YPF] no data downloaded
2026-05-24 12:06:57 | WARNING  | src.data.downloader            | [GGAL] no data downloaded
2026-05-24 12:06:57 | WARNING  | src.data.downloader            | [BMA] no data downloaded
2026-05-24 12:06:57 | WARNING  | src.data.downloader            | [PAM] no data downloaded
2026-05-24 12:06:57 | WARNING  | src.data.downloader            | [TGS] no data downloaded
2026-05-24 12:06:57 | WARNING  | src.data.downloader            | [CEPU] no data downloaded
2026-05-24 12:06:57 | WARNING  | src.data.downloader            | [EDN] no data downloaded
2026-05-24 12:06:57 | WARNING  | src.data.downloader            | [LOMA] no data downloaded
2026-05-24 12:06:57 | WARNING  | src.data.downloader            | [CRESY] no data downloaded
2026-05-24 12:06:57 | WARNING  | src.data.downloader            | [IRS] no data downloaded
2026-05-24 12:06:58 | ERROR    | yfinance                       | $^MERV: possibly delisted; no price data found  (1wk 2025-07-01 -> 2024-11-30) (Yahoo error = "Invalid input - start date cannot be after end date. startDate = 1751338800, endDate = 1732935600")
2026-05-24 12:06:58 | WARNING  | src.data.downloader            | [^MERV] yfinance returned empty DataFrame
2026-05-24 12:06:58 | ERROR    | yfinance                       | $AL30D.BA: possibly delisted; no timezone found
2026-05-24 12:06:58 | WARNING  | src.data.scraper_al30d         | [AL30D.BA] all sources failed and no cache available
2026-05-24 12:06:58 | WARNING  | src.data.scraper_al30d         | sovereign_bond: all sources failed — returning empty series
2026-05-24 12:06:59 | WARNING  | src.data.scraper_ccl           | CCL: all sources failed — returning empty series
2026-05-24 12:07:00 | WARNING  | src.data.scraper_macro         | [macro/ipc] extending last cached value (7275.6042) to fill 2025-07-01 → 2024-11-30
2026-05-24 12:07:00 | WARNING  | src.data.scraper_macro         | [macro/embi] cache has no valid values
2026-05-24 12:07:01 | WARNING  | src.data.scraper_macro         | [macro/reservas] extending last cached value (28706.3548) to fill 2025-07-01 → 2024-11-30
2026-05-24 12:07:02 | WARNING  | src.data.scraper_macro         | [macro/tc_oficial] extending last cached value (1031.0000) to fill 2025-07-01 → 2024-11-30
2026-05-24 12:07:02 | INFO     | src.data.validator             | Coverage report [prices]
2026-05-24 12:07:02 | INFO     | src.data.validator             | ----------------------------------------------------------------------------------
2026-05-24 12:07:02 | INFO     | src.data.validator             | asset                 first_date    last_date      rows    nan    nan%  status    
2026-05-24 12:07:02 | INFO     | src.data.validator             | ----------------------------------------------------------------------------------
2026-05-24 12:07:02 | ERROR    | src.data.validator             | YPF                   MISSING       MISSING           0      0  100.00%  ERROR     
2026-05-24 12:07:02 | ERROR    | src.data.validator             | GGAL                  MISSING       MISSING           0      0  100.00%  ERROR     
2026-05-24 12:07:02 | ERROR    | src.data.validator             | BMA                   MISSING       MISSING           0      0  100.00%  ERROR     
2026-05-24 12:07:02 | ERROR    | src.data.validator             | PAM                   MISSING       MISSING           0      0  100.00%  ERROR     
2026-05-24 12:07:02 | ERROR    | src.data.validator             | TGS                   MISSING       MISSING           0      0  100.00%  ERROR     
2026-05-24 12:07:02 | ERROR    | src.data.validator             | CEPU                  MISSING       MISSING           0      0  100.00%  ERROR     
2026-05-24 12:07:02 | ERROR    | src.data.validator             | EDN                   MISSING       MISSING           0      0  100.00%  ERROR     
2026-05-24 12:07:02 | ERROR    | src.data.validator             | LOMA                  MISSING       MISSING           0      0  100.00%  ERROR     
2026-05-24 12:07:02 | ERROR    | src.data.validator             | CRESY                 MISSING       MISSING           0      0  100.00%  ERROR     
2026-05-24 12:07:02 | ERROR    | src.data.validator             | IRS                   MISSING       MISSING           0      0  100.00%  ERROR     
2026-05-24 12:07:02 | ERROR    | src.data.validator             | sovereign_bond        MISSING       MISSING           0      0  100.00%  ERROR     
2026-05-24 12:07:02 | ERROR    | src.data.validator             | merval                MISSING       MISSING           0      0  100.00%  ERROR     
2026-05-24 12:07:02 | ERROR    | src.data.validator             | ccl                   MISSING       MISSING           0      0  100.00%  ERROR     
2026-05-24 12:07:02 | INFO     | src.data.validator             | ----------------------------------------------------------------------------------
2026-05-24 12:07:02 | INFO     | src.data.validator             | Coverage report [macro]
2026-05-24 12:07:02 | INFO     | src.data.validator             | ----------------------------------------------------------------------------------
2026-05-24 12:07:02 | INFO     | src.data.validator             | asset                 first_date    last_date      rows    nan    nan%  status    
2026-05-24 12:07:02 | INFO     | src.data.validator             | ----------------------------------------------------------------------------------
2026-05-24 12:07:02 | ERROR    | src.data.validator             | ipc                   MISSING       MISSING           0      0  100.00%  ERROR     
2026-05-24 12:07:02 | ERROR    | src.data.validator             | embi                  MISSING       MISSING           0      0  100.00%  ERROR     
2026-05-24 12:07:02 | ERROR    | src.data.validator             | reservas              MISSING       MISSING           0      0  100.00%  ERROR     
2026-05-24 12:07:02 | ERROR    | src.data.validator             | tc_oficial            MISSING       MISSING           0      0  100.00%  ERROR     
2026-05-24 12:07:02 | INFO     | src.data.validator             | ----------------------------------------------------------------------------------
2026-05-24 12:07:02 | ERROR    | src.data.loader                | Live-month validation failed — data NOT appended. 15 error(s):
2026-05-24 12:07:02 | ERROR    | src.data.loader                |   [YPF] series is entirely NaN (0 rows)
2026-05-24 12:07:02 | ERROR    | src.data.loader                |   [GGAL] series is entirely NaN (0 rows)
2026-05-24 12:07:02 | ERROR    | src.data.loader                |   [BMA] series is entirely NaN (0 rows)
2026-05-24 12:07:02 | ERROR    | src.data.loader                |   [PAM] series is entirely NaN (0 rows)
2026-05-24 12:07:02 | ERROR    | src.data.loader                |   [TGS] series is entirely NaN (0 rows)
2026-05-24 12:07:02 | ERROR    | src.data.loader                |   [CEPU] series is entirely NaN (0 rows)
2026-05-24 12:07:02 | ERROR    | src.data.loader                |   [EDN] series is entirely NaN (0 rows)
2026-05-24 12:07:02 | ERROR    | src.data.loader                |   [LOMA] series is entirely NaN (0 rows)
2026-05-24 12:07:02 | ERROR    | src.data.loader                |   [CRESY] series is entirely NaN (0 rows)
2026-05-24 12:07:02 | ERROR    | src.data.loader                |   [IRS] series is entirely NaN (0 rows)
2026-05-24 12:07:02 | ERROR    | src.data.loader                |   [merval] series is entirely NaN (0 rows)
2026-05-24 12:07:02 | ERROR    | src.data.loader                |   [ccl] series is entirely NaN (0 rows)
2026-05-24 12:07:02 | ERROR    | src.data.loader                |   [ipc] series is entirely NaN (0 rows)
2026-05-24 12:07:02 | ERROR    | src.data.loader                |   [reservas] series is entirely NaN (0 rows)
2026-05-24 12:07:02 | ERROR    | src.data.loader                |   [tc_oficial] series is entirely NaN (0 rows)
2026-05-24 12:07:02 | INFO     | src.features.features          | compute_features: 832 weekly rows | 10 tickers | warm-up = 30 rows
2026-05-24 12:07:02 | WARNING  | src.nlp.nlp                    | News directory not found: data\news\2024\11 — returning 0.0 (neutral)
2026-05-24 12:07:02 | WARNING  | src.signals.regime             | _build_monthly_feature_matrix: 'embi' is entirely NaN — filling with 0.0
2026-05-24 12:07:02 | INFO     | src.signals.regime             | Regime prediction: risk_off (p=0.484) | month=2024-11 | nlp_score=0.0000
2026-05-24 12:07:02 | INFO     | src.allocation.allocator       | compute_weights: risk_off (p=0.484) | active=[BMA=1.350, CEPU=1.358, CRESY=1.446, EDN=1.839, GGAL=1.437, IRS=1.521, LOMA=1.503, PAM=1.518, TGS=1.459, YPF=1.687] | excluded=[none] | BMA=0.0800 CEPU=0.0800 CRESY=0.0800 EDN=0.0800 GGAL=0.0800 IRS=0.0800 LOMA=0.0800 PAM=0.0800 TGS=0.0800 YPF=0.0800 AL30D=0.2000
2026-05-24 12:07:02 | INFO     | __main__                       | 2024-11 | risk_off (p=0.484) | nlp=0.0000 | active=10 excluded=0
2026-05-24 12:07:02 | INFO     | src.utils.utils                | [DONE]  live 2024-11 — 17.48s
2026-05-24 12:07:02 | INFO     | src.utils.utils                | [START] live 2024-12
2026-05-24 12:07:02 | INFO     | src.data.loader                | Starting live-month download: 2025-07-01 → 2024-12-31 (cutoff: 2024-12-31) | tickers: ['YPF', 'GGAL', 'BMA', 'PAM', 'TGS', 'CEPU', 'EDN', 'LOMA', 'CRESY', 'IRS']
2026-05-24 12:07:04 | ERROR    | yfinance                       | $YPF: possibly delisted; no price data found  (1wk 2025-07-01 -> 2024-12-31) (Yahoo error = "Invalid input - start date cannot be after end date. startDate = 1751342400, endDate = 1735621200")
2026-05-24 12:07:04 | WARNING  | src.data.downloader            | [YPF] yfinance returned empty DataFrame
2026-05-24 12:07:05 | ERROR    | yfinance                       | $GGAL: possibly delisted; no price data found  (1wk 2025-07-01 -> 2024-12-31) (Yahoo error = "Invalid input - start date cannot be after end date. startDate = 1751342400, endDate = 1735621200")
2026-05-24 12:07:05 | WARNING  | src.data.downloader            | [GGAL] yfinance returned empty DataFrame
2026-05-24 12:07:06 | ERROR    | yfinance                       | $BMA: possibly delisted; no price data found  (1wk 2025-07-01 -> 2024-12-31) (Yahoo error = "Invalid input - start date cannot be after end date. startDate = 1751342400, endDate = 1735621200")
2026-05-24 12:07:06 | WARNING  | src.data.downloader            | [BMA] yfinance returned empty DataFrame
2026-05-24 12:07:07 | ERROR    | yfinance                       | $PAM: possibly delisted; no price data found  (1wk 2025-07-01 -> 2024-12-31) (Yahoo error = "Invalid input - start date cannot be after end date. startDate = 1751342400, endDate = 1735621200")
2026-05-24 12:07:07 | WARNING  | src.data.downloader            | [PAM] yfinance returned empty DataFrame
2026-05-24 12:07:08 | ERROR    | yfinance                       | $TGS: possibly delisted; no price data found  (1wk 2025-07-01 -> 2024-12-31) (Yahoo error = "Invalid input - start date cannot be after end date. startDate = 1751342400, endDate = 1735621200")
2026-05-24 12:07:08 | WARNING  | src.data.downloader            | [TGS] yfinance returned empty DataFrame
2026-05-24 12:07:10 | ERROR    | yfinance                       | $CEPU: possibly delisted; no price data found  (1wk 2025-07-01 -> 2024-12-31) (Yahoo error = "Invalid input - start date cannot be after end date. startDate = 1751342400, endDate = 1735621200")
2026-05-24 12:07:10 | WARNING  | src.data.downloader            | [CEPU] yfinance returned empty DataFrame
2026-05-24 12:07:11 | ERROR    | yfinance                       | $EDN: possibly delisted; no price data found  (1wk 2025-07-01 -> 2024-12-31) (Yahoo error = "Invalid input - start date cannot be after end date. startDate = 1751342400, endDate = 1735621200")
2026-05-24 12:07:11 | WARNING  | src.data.downloader            | [EDN] yfinance returned empty DataFrame
2026-05-24 12:07:12 | ERROR    | yfinance                       | $LOMA: possibly delisted; no price data found  (1wk 2025-07-01 -> 2024-12-31) (Yahoo error = "Invalid input - start date cannot be after end date. startDate = 1751342400, endDate = 1735621200")
2026-05-24 12:07:12 | WARNING  | src.data.downloader            | [LOMA] yfinance returned empty DataFrame
2026-05-24 12:07:14 | ERROR    | yfinance                       | $CRESY: possibly delisted; no price data found  (1wk 2025-07-01 -> 2024-12-31) (Yahoo error = "Invalid input - start date cannot be after end date. startDate = 1751342400, endDate = 1735621200")
2026-05-24 12:07:14 | WARNING  | src.data.downloader            | [CRESY] yfinance returned empty DataFrame
2026-05-24 12:07:15 | ERROR    | yfinance                       | $IRS: possibly delisted; no price data found  (1wk 2025-07-01 -> 2024-12-31) (Yahoo error = "Invalid input - start date cannot be after end date. startDate = 1751342400, endDate = 1735621200")
2026-05-24 12:07:15 | WARNING  | src.data.downloader            | [IRS] yfinance returned empty DataFrame
2026-05-24 12:07:15 | WARNING  | src.data.downloader            | [YPF] no data downloaded
2026-05-24 12:07:15 | WARNING  | src.data.downloader            | [GGAL] no data downloaded
2026-05-24 12:07:15 | WARNING  | src.data.downloader            | [BMA] no data downloaded
2026-05-24 12:07:15 | WARNING  | src.data.downloader            | [PAM] no data downloaded
2026-05-24 12:07:15 | WARNING  | src.data.downloader            | [TGS] no data downloaded
2026-05-24 12:07:15 | WARNING  | src.data.downloader            | [CEPU] no data downloaded
2026-05-24 12:07:15 | WARNING  | src.data.downloader            | [EDN] no data downloaded
2026-05-24 12:07:15 | WARNING  | src.data.downloader            | [LOMA] no data downloaded
2026-05-24 12:07:15 | WARNING  | src.data.downloader            | [CRESY] no data downloaded
2026-05-24 12:07:15 | WARNING  | src.data.downloader            | [IRS] no data downloaded
2026-05-24 12:07:16 | ERROR    | yfinance                       | $^MERV: possibly delisted; no price data found  (1wk 2025-07-01 -> 2024-12-31) (Yahoo error = "Invalid input - start date cannot be after end date. startDate = 1751338800, endDate = 1735614000")
2026-05-24 12:07:16 | WARNING  | src.data.downloader            | [^MERV] yfinance returned empty DataFrame
2026-05-24 12:07:16 | ERROR    | yfinance                       | $AL30D.BA: possibly delisted; no timezone found
2026-05-24 12:07:16 | WARNING  | src.data.scraper_al30d         | [AL30D.BA] all sources failed and no cache available
2026-05-24 12:07:16 | WARNING  | src.data.scraper_al30d         | sovereign_bond: all sources failed — returning empty series
2026-05-24 12:07:17 | WARNING  | src.data.scraper_ccl           | CCL: all sources failed — returning empty series
2026-05-24 12:07:17 | WARNING  | src.data.scraper_macro         | [macro/ipc] extending last cached value (7678.7745) to fill 2025-07-01 → 2024-12-31
2026-05-24 12:07:18 | WARNING  | src.data.scraper_macro         | [macro/embi] cache has no valid values
2026-05-24 12:07:18 | WARNING  | src.data.scraper_macro         | [macro/reservas] extending last cached value (31751.7419) to fill 2025-07-01 → 2024-12-31
2026-05-24 12:07:20 | WARNING  | src.data.scraper_macro         | [macro/tc_oficial] extending last cached value (1052.5000) to fill 2025-07-01 → 2024-12-31
2026-05-24 12:07:20 | INFO     | src.data.validator             | Coverage report [prices]
2026-05-24 12:07:20 | INFO     | src.data.validator             | ----------------------------------------------------------------------------------
2026-05-24 12:07:20 | INFO     | src.data.validator             | asset                 first_date    last_date      rows    nan    nan%  status    
2026-05-24 12:07:20 | INFO     | src.data.validator             | ----------------------------------------------------------------------------------
2026-05-24 12:07:20 | ERROR    | src.data.validator             | YPF                   MISSING       MISSING           0      0  100.00%  ERROR     
2026-05-24 12:07:20 | ERROR    | src.data.validator             | GGAL                  MISSING       MISSING           0      0  100.00%  ERROR     
2026-05-24 12:07:20 | ERROR    | src.data.validator             | BMA                   MISSING       MISSING           0      0  100.00%  ERROR     
2026-05-24 12:07:20 | ERROR    | src.data.validator             | PAM                   MISSING       MISSING           0      0  100.00%  ERROR     
2026-05-24 12:07:20 | ERROR    | src.data.validator             | TGS                   MISSING       MISSING           0      0  100.00%  ERROR     
2026-05-24 12:07:20 | ERROR    | src.data.validator             | CEPU                  MISSING       MISSING           0      0  100.00%  ERROR     
2026-05-24 12:07:20 | ERROR    | src.data.validator             | EDN                   MISSING       MISSING           0      0  100.00%  ERROR     
2026-05-24 12:07:20 | ERROR    | src.data.validator             | LOMA                  MISSING       MISSING           0      0  100.00%  ERROR     
2026-05-24 12:07:20 | ERROR    | src.data.validator             | CRESY                 MISSING       MISSING           0      0  100.00%  ERROR     
2026-05-24 12:07:20 | ERROR    | src.data.validator             | IRS                   MISSING       MISSING           0      0  100.00%  ERROR     
2026-05-24 12:07:20 | ERROR    | src.data.validator             | sovereign_bond        MISSING       MISSING           0      0  100.00%  ERROR     
2026-05-24 12:07:20 | ERROR    | src.data.validator             | merval                MISSING       MISSING           0      0  100.00%  ERROR     
2026-05-24 12:07:20 | ERROR    | src.data.validator             | ccl                   MISSING       MISSING           0      0  100.00%  ERROR     
2026-05-24 12:07:20 | INFO     | src.data.validator             | ----------------------------------------------------------------------------------
2026-05-24 12:07:20 | INFO     | src.data.validator             | Coverage report [macro]
2026-05-24 12:07:20 | INFO     | src.data.validator             | ----------------------------------------------------------------------------------
2026-05-24 12:07:20 | INFO     | src.data.validator             | asset                 first_date    last_date      rows    nan    nan%  status    
2026-05-24 12:07:20 | INFO     | src.data.validator             | ----------------------------------------------------------------------------------
2026-05-24 12:07:20 | ERROR    | src.data.validator             | ipc                   MISSING       MISSING           0      0  100.00%  ERROR     
2026-05-24 12:07:20 | ERROR    | src.data.validator             | embi                  MISSING       MISSING           0      0  100.00%  ERROR     
2026-05-24 12:07:20 | ERROR    | src.data.validator             | reservas              MISSING       MISSING           0      0  100.00%  ERROR     
2026-05-24 12:07:20 | ERROR    | src.data.validator             | tc_oficial            MISSING       MISSING           0      0  100.00%  ERROR     
2026-05-24 12:07:20 | INFO     | src.data.validator             | ----------------------------------------------------------------------------------
2026-05-24 12:07:20 | ERROR    | src.data.loader                | Live-month validation failed — data NOT appended. 15 error(s):
2026-05-24 12:07:20 | ERROR    | src.data.loader                |   [YPF] series is entirely NaN (0 rows)
2026-05-24 12:07:20 | ERROR    | src.data.loader                |   [GGAL] series is entirely NaN (0 rows)
2026-05-24 12:07:20 | ERROR    | src.data.loader                |   [BMA] series is entirely NaN (0 rows)
2026-05-24 12:07:20 | ERROR    | src.data.loader                |   [PAM] series is entirely NaN (0 rows)
2026-05-24 12:07:20 | ERROR    | src.data.loader                |   [TGS] series is entirely NaN (0 rows)
2026-05-24 12:07:20 | ERROR    | src.data.loader                |   [CEPU] series is entirely NaN (0 rows)
2026-05-24 12:07:20 | ERROR    | src.data.loader                |   [EDN] series is entirely NaN (0 rows)
2026-05-24 12:07:20 | ERROR    | src.data.loader                |   [LOMA] series is entirely NaN (0 rows)
2026-05-24 12:07:20 | ERROR    | src.data.loader                |   [CRESY] series is entirely NaN (0 rows)
2026-05-24 12:07:20 | ERROR    | src.data.loader                |   [IRS] series is entirely NaN (0 rows)
2026-05-24 12:07:20 | ERROR    | src.data.loader                |   [merval] series is entirely NaN (0 rows)
2026-05-24 12:07:20 | ERROR    | src.data.loader                |   [ccl] series is entirely NaN (0 rows)
2026-05-24 12:07:20 | ERROR    | src.data.loader                |   [ipc] series is entirely NaN (0 rows)
2026-05-24 12:07:20 | ERROR    | src.data.loader                |   [reservas] series is entirely NaN (0 rows)
2026-05-24 12:07:20 | ERROR    | src.data.loader                |   [tc_oficial] series is entirely NaN (0 rows)
2026-05-24 12:07:20 | INFO     | src.features.features          | compute_features: 837 weekly rows | 10 tickers | warm-up = 30 rows
2026-05-24 12:07:20 | WARNING  | src.nlp.nlp                    | News directory not found: data\news\2024\12 — returning 0.0 (neutral)
2026-05-24 12:07:20 | WARNING  | src.signals.regime             | _build_monthly_feature_matrix: 'embi' is entirely NaN — filling with 0.0
2026-05-24 12:07:20 | INFO     | src.signals.regime             | Regime prediction: risk_on (p=0.683) | month=2024-12 | nlp_score=0.0000
2026-05-24 12:07:20 | INFO     | src.allocation.allocator       | compute_weights: risk_on (p=0.683) | active=[BMA=1.397, CEPU=1.367, CRESY=1.371, EDN=1.634, GGAL=1.405, IRS=1.287, LOMA=1.368, PAM=1.391, TGS=1.323, YPF=1.562] | excluded=[none] | BMA=0.1000 CEPU=0.1000 CRESY=0.1000 EDN=0.1000 GGAL=0.1000 IRS=0.1000 LOMA=0.1000 PAM=0.1000 TGS=0.1000 YPF=0.1000
2026-05-24 12:07:20 | INFO     | __main__                       | 2024-12 | risk_on (p=0.683) | nlp=0.0000 | active=10 excluded=0
2026-05-24 12:07:20 | INFO     | src.utils.utils                | [DONE]  live 2024-12 — 17.81s
2026-05-24 12:07:20 | INFO     | src.utils.utils                | [START] live 2025-01
2026-05-24 12:07:20 | INFO     | src.data.loader                | Starting live-month download: 2025-07-01 → 2025-01-31 (cutoff: 2025-01-31) | tickers: ['YPF', 'GGAL', 'BMA', 'PAM', 'TGS', 'CEPU', 'EDN', 'LOMA', 'CRESY', 'IRS']
2026-05-24 12:07:21 | ERROR    | yfinance                       | $YPF: possibly delisted; no price data found  (1wk 2025-07-01 -> 2025-01-31) (Yahoo error = "Invalid input - start date cannot be after end date. startDate = 1751342400, endDate = 1738299600")
2026-05-24 12:07:21 | WARNING  | src.data.downloader            | [YPF] yfinance returned empty DataFrame
2026-05-24 12:07:22 | ERROR    | yfinance                       | $GGAL: possibly delisted; no price data found  (1wk 2025-07-01 -> 2025-01-31) (Yahoo error = "Invalid input - start date cannot be after end date. startDate = 1751342400, endDate = 1738299600")
2026-05-24 12:07:22 | WARNING  | src.data.downloader            | [GGAL] yfinance returned empty DataFrame
2026-05-24 12:07:23 | ERROR    | yfinance                       | $BMA: possibly delisted; no price data found  (1wk 2025-07-01 -> 2025-01-31) (Yahoo error = "Invalid input - start date cannot be after end date. startDate = 1751342400, endDate = 1738299600")
2026-05-24 12:07:23 | WARNING  | src.data.downloader            | [BMA] yfinance returned empty DataFrame
2026-05-24 12:07:25 | ERROR    | yfinance                       | $PAM: possibly delisted; no price data found  (1wk 2025-07-01 -> 2025-01-31) (Yahoo error = "Invalid input - start date cannot be after end date. startDate = 1751342400, endDate = 1738299600")
2026-05-24 12:07:25 | WARNING  | src.data.downloader            | [PAM] yfinance returned empty DataFrame
2026-05-24 12:07:26 | ERROR    | yfinance                       | $TGS: possibly delisted; no price data found  (1wk 2025-07-01 -> 2025-01-31) (Yahoo error = "Invalid input - start date cannot be after end date. startDate = 1751342400, endDate = 1738299600")
2026-05-24 12:07:26 | WARNING  | src.data.downloader            | [TGS] yfinance returned empty DataFrame
2026-05-24 12:07:27 | ERROR    | yfinance                       | $CEPU: possibly delisted; no price data found  (1wk 2025-07-01 -> 2025-01-31) (Yahoo error = "Invalid input - start date cannot be after end date. startDate = 1751342400, endDate = 1738299600")
2026-05-24 12:07:27 | WARNING  | src.data.downloader            | [CEPU] yfinance returned empty DataFrame
2026-05-24 12:07:29 | ERROR    | yfinance                       | $EDN: possibly delisted; no price data found  (1wk 2025-07-01 -> 2025-01-31) (Yahoo error = "Invalid input - start date cannot be after end date. startDate = 1751342400, endDate = 1738299600")
2026-05-24 12:07:29 | WARNING  | src.data.downloader            | [EDN] yfinance returned empty DataFrame
2026-05-24 12:07:30 | ERROR    | yfinance                       | $LOMA: possibly delisted; no price data found  (1wk 2025-07-01 -> 2025-01-31) (Yahoo error = "Invalid input - start date cannot be after end date. startDate = 1751342400, endDate = 1738299600")
2026-05-24 12:07:30 | WARNING  | src.data.downloader            | [LOMA] yfinance returned empty DataFrame
2026-05-24 12:07:31 | ERROR    | yfinance                       | $CRESY: possibly delisted; no price data found  (1wk 2025-07-01 -> 2025-01-31) (Yahoo error = "Invalid input - start date cannot be after end date. startDate = 1751342400, endDate = 1738299600")
2026-05-24 12:07:31 | WARNING  | src.data.downloader            | [CRESY] yfinance returned empty DataFrame
2026-05-24 12:07:32 | ERROR    | yfinance                       | $IRS: possibly delisted; no price data found  (1wk 2025-07-01 -> 2025-01-31) (Yahoo error = "Invalid input - start date cannot be after end date. startDate = 1751342400, endDate = 1738299600")
2026-05-24 12:07:32 | WARNING  | src.data.downloader            | [IRS] yfinance returned empty DataFrame
2026-05-24 12:07:32 | WARNING  | src.data.downloader            | [YPF] no data downloaded
2026-05-24 12:07:32 | WARNING  | src.data.downloader            | [GGAL] no data downloaded
2026-05-24 12:07:32 | WARNING  | src.data.downloader            | [BMA] no data downloaded
2026-05-24 12:07:32 | WARNING  | src.data.downloader            | [PAM] no data downloaded
2026-05-24 12:07:32 | WARNING  | src.data.downloader            | [TGS] no data downloaded
2026-05-24 12:07:32 | WARNING  | src.data.downloader            | [CEPU] no data downloaded
2026-05-24 12:07:32 | WARNING  | src.data.downloader            | [EDN] no data downloaded
2026-05-24 12:07:32 | WARNING  | src.data.downloader            | [LOMA] no data downloaded
2026-05-24 12:07:32 | WARNING  | src.data.downloader            | [CRESY] no data downloaded
2026-05-24 12:07:32 | WARNING  | src.data.downloader            | [IRS] no data downloaded
2026-05-24 12:07:33 | ERROR    | yfinance                       | $^MERV: possibly delisted; no price data found  (1wk 2025-07-01 -> 2025-01-31) (Yahoo error = "Invalid input - start date cannot be after end date. startDate = 1751338800, endDate = 1738292400")
2026-05-24 12:07:33 | WARNING  | src.data.downloader            | [^MERV] yfinance returned empty DataFrame
2026-05-24 12:07:33 | ERROR    | yfinance                       | $AL30D.BA: possibly delisted; no timezone found
2026-05-24 12:07:34 | WARNING  | src.data.scraper_al30d         | [AL30D.BA] all sources failed and no cache available
2026-05-24 12:07:34 | WARNING  | src.data.scraper_al30d         | sovereign_bond: all sources failed — returning empty series
2026-05-24 12:07:34 | WARNING  | src.data.scraper_ccl           | CCL: all sources failed — returning empty series
2026-05-24 12:07:35 | WARNING  | src.data.scraper_macro         | [macro/ipc] extending last cached value (7678.7745) to fill 2025-07-01 → 2025-01-31
2026-05-24 12:07:35 | WARNING  | src.data.scraper_macro         | [macro/embi] cache has no valid values
2026-05-24 12:07:36 | WARNING  | src.data.scraper_macro         | [macro/reservas] extending last cached value (31751.7419) to fill 2025-07-01 → 2025-01-31
2026-05-24 12:07:37 | WARNING  | src.data.scraper_macro         | [macro/tc_oficial] extending last cached value (1073.5000) to fill 2025-07-01 → 2025-01-31
2026-05-24 12:07:37 | INFO     | src.data.validator             | Coverage report [prices]
2026-05-24 12:07:37 | INFO     | src.data.validator             | ----------------------------------------------------------------------------------
2026-05-24 12:07:37 | INFO     | src.data.validator             | asset                 first_date    last_date      rows    nan    nan%  status    
2026-05-24 12:07:37 | INFO     | src.data.validator             | ----------------------------------------------------------------------------------
2026-05-24 12:07:37 | ERROR    | src.data.validator             | YPF                   MISSING       MISSING           0      0  100.00%  ERROR     
2026-05-24 12:07:37 | ERROR    | src.data.validator             | GGAL                  MISSING       MISSING           0      0  100.00%  ERROR     
2026-05-24 12:07:37 | ERROR    | src.data.validator             | BMA                   MISSING       MISSING           0      0  100.00%  ERROR     
2026-05-24 12:07:37 | ERROR    | src.data.validator             | PAM                   MISSING       MISSING           0      0  100.00%  ERROR     
2026-05-24 12:07:37 | ERROR    | src.data.validator             | TGS                   MISSING       MISSING           0      0  100.00%  ERROR     
2026-05-24 12:07:37 | ERROR    | src.data.validator             | CEPU                  MISSING       MISSING           0      0  100.00%  ERROR     
2026-05-24 12:07:37 | ERROR    | src.data.validator             | EDN                   MISSING       MISSING           0      0  100.00%  ERROR     
2026-05-24 12:07:37 | ERROR    | src.data.validator             | LOMA                  MISSING       MISSING           0      0  100.00%  ERROR     
2026-05-24 12:07:37 | ERROR    | src.data.validator             | CRESY                 MISSING       MISSING           0      0  100.00%  ERROR     
2026-05-24 12:07:37 | ERROR    | src.data.validator             | IRS                   MISSING       MISSING           0      0  100.00%  ERROR     
2026-05-24 12:07:37 | ERROR    | src.data.validator             | sovereign_bond        MISSING       MISSING           0      0  100.00%  ERROR     
2026-05-24 12:07:37 | ERROR    | src.data.validator             | merval                MISSING       MISSING           0      0  100.00%  ERROR     
2026-05-24 12:07:37 | ERROR    | src.data.validator             | ccl                   MISSING       MISSING           0      0  100.00%  ERROR     
2026-05-24 12:07:37 | INFO     | src.data.validator             | ----------------------------------------------------------------------------------
2026-05-24 12:07:37 | INFO     | src.data.validator             | Coverage report [macro]
2026-05-24 12:07:37 | INFO     | src.data.validator             | ----------------------------------------------------------------------------------
2026-05-24 12:07:37 | INFO     | src.data.validator             | asset                 first_date    last_date      rows    nan    nan%  status    
2026-05-24 12:07:37 | INFO     | src.data.validator             | ----------------------------------------------------------------------------------
2026-05-24 12:07:37 | ERROR    | src.data.validator             | ipc                   MISSING       MISSING           0      0  100.00%  ERROR     
2026-05-24 12:07:37 | ERROR    | src.data.validator             | embi                  MISSING       MISSING           0      0  100.00%  ERROR     
2026-05-24 12:07:37 | ERROR    | src.data.validator             | reservas              MISSING       MISSING           0      0  100.00%  ERROR     
2026-05-24 12:07:37 | ERROR    | src.data.validator             | tc_oficial            MISSING       MISSING           0      0  100.00%  ERROR     
2026-05-24 12:07:37 | INFO     | src.data.validator             | ----------------------------------------------------------------------------------
2026-05-24 12:07:37 | ERROR    | src.data.loader                | Live-month validation failed — data NOT appended. 15 error(s):
2026-05-24 12:07:37 | ERROR    | src.data.loader                |   [YPF] series is entirely NaN (0 rows)
2026-05-24 12:07:37 | ERROR    | src.data.loader                |   [GGAL] series is entirely NaN (0 rows)
2026-05-24 12:07:37 | ERROR    | src.data.loader                |   [BMA] series is entirely NaN (0 rows)
2026-05-24 12:07:37 | ERROR    | src.data.loader                |   [PAM] series is entirely NaN (0 rows)
2026-05-24 12:07:37 | ERROR    | src.data.loader                |   [TGS] series is entirely NaN (0 rows)
2026-05-24 12:07:37 | ERROR    | src.data.loader                |   [CEPU] series is entirely NaN (0 rows)
2026-05-24 12:07:37 | ERROR    | src.data.loader                |   [EDN] series is entirely NaN (0 rows)
2026-05-24 12:07:37 | ERROR    | src.data.loader                |   [LOMA] series is entirely NaN (0 rows)
2026-05-24 12:07:37 | ERROR    | src.data.loader                |   [CRESY] series is entirely NaN (0 rows)
2026-05-24 12:07:37 | ERROR    | src.data.loader                |   [IRS] series is entirely NaN (0 rows)
2026-05-24 12:07:37 | ERROR    | src.data.loader                |   [merval] series is entirely NaN (0 rows)
2026-05-24 12:07:37 | ERROR    | src.data.loader                |   [ccl] series is entirely NaN (0 rows)
2026-05-24 12:07:37 | ERROR    | src.data.loader                |   [ipc] series is entirely NaN (0 rows)
2026-05-24 12:07:37 | ERROR    | src.data.loader                |   [reservas] series is entirely NaN (0 rows)
2026-05-24 12:07:37 | ERROR    | src.data.loader                |   [tc_oficial] series is entirely NaN (0 rows)
2026-05-24 12:07:37 | INFO     | src.features.features          | compute_features: 842 weekly rows | 10 tickers | warm-up = 30 rows
2026-05-24 12:07:37 | WARNING  | src.nlp.nlp                    | News directory not found: data\news\2025\01 — returning 0.0 (neutral)
2026-05-24 12:07:37 | WARNING  | src.signals.regime             | _build_monthly_feature_matrix: 'embi' is entirely NaN — filling with 0.0
2026-05-24 12:07:37 | INFO     | src.signals.regime             | Regime prediction: risk_on (p=0.981) | month=2025-01 | nlp_score=0.0000
2026-05-24 12:07:37 | INFO     | src.allocation.allocator       | compute_weights: risk_on (p=0.981) | active=[BMA=1.270, CEPU=1.259, CRESY=1.273, EDN=1.306, GGAL=1.323, IRS=1.165, LOMA=1.265, PAM=1.267, TGS=1.179, YPF=1.278] | excluded=[none] | BMA=0.1000 CEPU=0.1000 CRESY=0.1000 EDN=0.1000 GGAL=0.1000 IRS=0.1000 LOMA=0.1000 PAM=0.1000 TGS=0.1000 YPF=0.1000
2026-05-24 12:07:37 | INFO     | __main__                       | 2025-01 | risk_on (p=0.981) | nlp=0.0000 | active=10 excluded=0
2026-05-24 12:07:37 | INFO     | src.utils.utils                | [DONE]  live 2025-01 — 17.47s
2026-05-24 12:07:37 | INFO     | src.utils.utils                | [START] live 2025-02
2026-05-24 12:07:37 | INFO     | src.data.loader                | Starting live-month download: 2025-07-01 → 2025-02-28 (cutoff: 2025-02-28) | tickers: ['YPF', 'GGAL', 'BMA', 'PAM', 'TGS', 'CEPU', 'EDN', 'LOMA', 'CRESY', 'IRS']
2026-05-24 12:07:39 | ERROR    | yfinance                       | $YPF: possibly delisted; no price data found  (1wk 2025-07-01 -> 2025-02-28) (Yahoo error = "Invalid input - start date cannot be after end date. startDate = 1751342400, endDate = 1740718800")
2026-05-24 12:07:39 | WARNING  | src.data.downloader            | [YPF] yfinance returned empty DataFrame
2026-05-24 12:07:40 | ERROR    | yfinance                       | $GGAL: possibly delisted; no price data found  (1wk 2025-07-01 -> 2025-02-28) (Yahoo error = "Invalid input - start date cannot be after end date. startDate = 1751342400, endDate = 1740718800")
2026-05-24 12:07:40 | WARNING  | src.data.downloader            | [GGAL] yfinance returned empty DataFrame
2026-05-24 12:07:41 | ERROR    | yfinance                       | $BMA: possibly delisted; no price data found  (1wk 2025-07-01 -> 2025-02-28) (Yahoo error = "Invalid input - start date cannot be after end date. startDate = 1751342400, endDate = 1740718800")
2026-05-24 12:07:41 | WARNING  | src.data.downloader            | [BMA] yfinance returned empty DataFrame
2026-05-24 12:07:42 | ERROR    | yfinance                       | $PAM: possibly delisted; no price data found  (1wk 2025-07-01 -> 2025-02-28) (Yahoo error = "Invalid input - start date cannot be after end date. startDate = 1751342400, endDate = 1740718800")
2026-05-24 12:07:42 | WARNING  | src.data.downloader            | [PAM] yfinance returned empty DataFrame
2026-05-24 12:07:44 | ERROR    | yfinance                       | $TGS: possibly delisted; no price data found  (1wk 2025-07-01 -> 2025-02-28) (Yahoo error = "Invalid input - start date cannot be after end date. startDate = 1751342400, endDate = 1740718800")
2026-05-24 12:07:44 | WARNING  | src.data.downloader            | [TGS] yfinance returned empty DataFrame
2026-05-24 12:07:45 | ERROR    | yfinance                       | $CEPU: possibly delisted; no price data found  (1wk 2025-07-01 -> 2025-02-28) (Yahoo error = "Invalid input - start date cannot be after end date. startDate = 1751342400, endDate = 1740718800")
2026-05-24 12:07:45 | WARNING  | src.data.downloader            | [CEPU] yfinance returned empty DataFrame
2026-05-24 12:07:46 | ERROR    | yfinance                       | $EDN: possibly delisted; no price data found  (1wk 2025-07-01 -> 2025-02-28) (Yahoo error = "Invalid input - start date cannot be after end date. startDate = 1751342400, endDate = 1740718800")
2026-05-24 12:07:46 | WARNING  | src.data.downloader            | [EDN] yfinance returned empty DataFrame
2026-05-24 12:07:47 | ERROR    | yfinance                       | $LOMA: possibly delisted; no price data found  (1wk 2025-07-01 -> 2025-02-28) (Yahoo error = "Invalid input - start date cannot be after end date. startDate = 1751342400, endDate = 1740718800")
2026-05-24 12:07:47 | WARNING  | src.data.downloader            | [LOMA] yfinance returned empty DataFrame
2026-05-24 12:07:49 | ERROR    | yfinance                       | $CRESY: possibly delisted; no price data found  (1wk 2025-07-01 -> 2025-02-28) (Yahoo error = "Invalid input - start date cannot be after end date. startDate = 1751342400, endDate = 1740718800")
2026-05-24 12:07:49 | WARNING  | src.data.downloader            | [CRESY] yfinance returned empty DataFrame
2026-05-24 12:07:50 | ERROR    | yfinance                       | $IRS: possibly delisted; no price data found  (1wk 2025-07-01 -> 2025-02-28) (Yahoo error = "Invalid input - start date cannot be after end date. startDate = 1751342400, endDate = 1740718800")
2026-05-24 12:07:50 | WARNING  | src.data.downloader            | [IRS] yfinance returned empty DataFrame
2026-05-24 12:07:50 | WARNING  | src.data.downloader            | [YPF] no data downloaded
2026-05-24 12:07:50 | WARNING  | src.data.downloader            | [GGAL] no data downloaded
2026-05-24 12:07:50 | WARNING  | src.data.downloader            | [BMA] no data downloaded
2026-05-24 12:07:50 | WARNING  | src.data.downloader            | [PAM] no data downloaded
2026-05-24 12:07:50 | WARNING  | src.data.downloader            | [TGS] no data downloaded
2026-05-24 12:07:50 | WARNING  | src.data.downloader            | [CEPU] no data downloaded
2026-05-24 12:07:50 | WARNING  | src.data.downloader            | [EDN] no data downloaded
2026-05-24 12:07:50 | WARNING  | src.data.downloader            | [LOMA] no data downloaded
2026-05-24 12:07:50 | WARNING  | src.data.downloader            | [CRESY] no data downloaded
2026-05-24 12:07:50 | WARNING  | src.data.downloader            | [IRS] no data downloaded
2026-05-24 12:07:52 | ERROR    | yfinance                       | $^MERV: possibly delisted; no price data found  (1wk 2025-07-01 -> 2025-02-28) (Yahoo error = "Invalid input - start date cannot be after end date. startDate = 1751338800, endDate = 1740711600")
2026-05-24 12:07:52 | WARNING  | src.data.downloader            | [^MERV] yfinance returned empty DataFrame
2026-05-24 12:07:52 | ERROR    | yfinance                       | $AL30D.BA: possibly delisted; no timezone found
2026-05-24 12:07:52 | WARNING  | src.data.scraper_al30d         | [AL30D.BA] all sources failed and no cache available
2026-05-24 12:07:52 | WARNING  | src.data.scraper_al30d         | sovereign_bond: all sources failed — returning empty series
2026-05-24 12:07:52 | WARNING  | src.data.scraper_ccl           | CCL: all sources failed — returning empty series
2026-05-24 12:07:53 | WARNING  | src.data.scraper_macro         | [macro/ipc] extending last cached value (8009.2272) to fill 2025-07-01 → 2025-02-28
2026-05-24 12:07:53 | WARNING  | src.data.scraper_macro         | [macro/embi] cache has no valid values
2026-05-24 12:07:54 | WARNING  | src.data.scraper_macro         | [macro/reservas] extending last cached value (28735.8571) to fill 2025-07-01 → 2025-02-28
2026-05-24 12:07:55 | WARNING  | src.data.scraper_macro         | [macro/tc_oficial] extending last cached value (1084.2500) to fill 2025-07-01 → 2025-02-28
2026-05-24 12:07:55 | INFO     | src.data.validator             | Coverage report [prices]
2026-05-24 12:07:55 | INFO     | src.data.validator             | ----------------------------------------------------------------------------------
2026-05-24 12:07:55 | INFO     | src.data.validator             | asset                 first_date    last_date      rows    nan    nan%  status    
2026-05-24 12:07:55 | INFO     | src.data.validator             | ----------------------------------------------------------------------------------
2026-05-24 12:07:55 | ERROR    | src.data.validator             | YPF                   MISSING       MISSING           0      0  100.00%  ERROR     
2026-05-24 12:07:55 | ERROR    | src.data.validator             | GGAL                  MISSING       MISSING           0      0  100.00%  ERROR     
2026-05-24 12:07:55 | ERROR    | src.data.validator             | BMA                   MISSING       MISSING           0      0  100.00%  ERROR     
2026-05-24 12:07:55 | ERROR    | src.data.validator             | PAM                   MISSING       MISSING           0      0  100.00%  ERROR     
2026-05-24 12:07:55 | ERROR    | src.data.validator             | TGS                   MISSING       MISSING           0      0  100.00%  ERROR     
2026-05-24 12:07:55 | ERROR    | src.data.validator             | CEPU                  MISSING       MISSING           0      0  100.00%  ERROR     
2026-05-24 12:07:55 | ERROR    | src.data.validator             | EDN                   MISSING       MISSING           0      0  100.00%  ERROR     
2026-05-24 12:07:55 | ERROR    | src.data.validator             | LOMA                  MISSING       MISSING           0      0  100.00%  ERROR     
2026-05-24 12:07:55 | ERROR    | src.data.validator             | CRESY                 MISSING       MISSING           0      0  100.00%  ERROR     
2026-05-24 12:07:55 | ERROR    | src.data.validator             | IRS                   MISSING       MISSING           0      0  100.00%  ERROR     
2026-05-24 12:07:55 | ERROR    | src.data.validator             | sovereign_bond        MISSING       MISSING           0      0  100.00%  ERROR     
2026-05-24 12:07:55 | ERROR    | src.data.validator             | merval                MISSING       MISSING           0      0  100.00%  ERROR     
2026-05-24 12:07:55 | ERROR    | src.data.validator             | ccl                   MISSING       MISSING           0      0  100.00%  ERROR     
2026-05-24 12:07:55 | INFO     | src.data.validator             | ----------------------------------------------------------------------------------
2026-05-24 12:07:55 | INFO     | src.data.validator             | Coverage report [macro]
2026-05-24 12:07:55 | INFO     | src.data.validator             | ----------------------------------------------------------------------------------
2026-05-24 12:07:55 | INFO     | src.data.validator             | asset                 first_date    last_date      rows    nan    nan%  status    
2026-05-24 12:07:55 | INFO     | src.data.validator             | ----------------------------------------------------------------------------------
2026-05-24 12:07:55 | ERROR    | src.data.validator             | ipc                   MISSING       MISSING           0      0  100.00%  ERROR     
2026-05-24 12:07:55 | ERROR    | src.data.validator             | embi                  MISSING       MISSING           0      0  100.00%  ERROR     
2026-05-24 12:07:55 | ERROR    | src.data.validator             | reservas              MISSING       MISSING           0      0  100.00%  ERROR     
2026-05-24 12:07:55 | ERROR    | src.data.validator             | tc_oficial            MISSING       MISSING           0      0  100.00%  ERROR     
2026-05-24 12:07:55 | INFO     | src.data.validator             | ----------------------------------------------------------------------------------
2026-05-24 12:07:55 | ERROR    | src.data.loader                | Live-month validation failed — data NOT appended. 15 error(s):
2026-05-24 12:07:55 | ERROR    | src.data.loader                |   [YPF] series is entirely NaN (0 rows)
2026-05-24 12:07:55 | ERROR    | src.data.loader                |   [GGAL] series is entirely NaN (0 rows)
2026-05-24 12:07:55 | ERROR    | src.data.loader                |   [BMA] series is entirely NaN (0 rows)
2026-05-24 12:07:55 | ERROR    | src.data.loader                |   [PAM] series is entirely NaN (0 rows)
2026-05-24 12:07:55 | ERROR    | src.data.loader                |   [TGS] series is entirely NaN (0 rows)
2026-05-24 12:07:55 | ERROR    | src.data.loader                |   [CEPU] series is entirely NaN (0 rows)
2026-05-24 12:07:55 | ERROR    | src.data.loader                |   [EDN] series is entirely NaN (0 rows)
2026-05-24 12:07:55 | ERROR    | src.data.loader                |   [LOMA] series is entirely NaN (0 rows)
2026-05-24 12:07:55 | ERROR    | src.data.loader                |   [CRESY] series is entirely NaN (0 rows)
2026-05-24 12:07:55 | ERROR    | src.data.loader                |   [IRS] series is entirely NaN (0 rows)
2026-05-24 12:07:55 | ERROR    | src.data.loader                |   [merval] series is entirely NaN (0 rows)
2026-05-24 12:07:55 | ERROR    | src.data.loader                |   [ccl] series is entirely NaN (0 rows)
2026-05-24 12:07:55 | ERROR    | src.data.loader                |   [ipc] series is entirely NaN (0 rows)
2026-05-24 12:07:55 | ERROR    | src.data.loader                |   [reservas] series is entirely NaN (0 rows)
2026-05-24 12:07:55 | ERROR    | src.data.loader                |   [tc_oficial] series is entirely NaN (0 rows)
2026-05-24 12:07:55 | INFO     | src.features.features          | compute_features: 846 weekly rows | 10 tickers | warm-up = 30 rows
2026-05-24 12:07:55 | WARNING  | src.nlp.nlp                    | News directory not found: data\news\2025\02 — returning 0.0 (neutral)
2026-05-24 12:07:55 | WARNING  | src.signals.regime             | _build_monthly_feature_matrix: 'embi' is entirely NaN — filling with 0.0
2026-05-24 12:07:55 | INFO     | src.signals.regime             | Regime prediction: risk_off (p=0.484) | month=2025-02 | nlp_score=0.0000
2026-05-24 12:07:55 | INFO     | src.allocation.allocator       | compute_weights: risk_off (p=0.484) | active=[BMA=1.003, CRESY=1.002, EDN=1.057, GGAL=1.039, LOMA=1.034, PAM=1.025, TGS=1.011, YPF=1.059] | excluded=[CEPU=0.980, IRS=0.996] | BMA=0.1000 CRESY=0.1000 EDN=0.1000 GGAL=0.1000 LOMA=0.1000 PAM=0.1000 TGS=0.1000 YPF=0.1000 AL30D=0.2000
2026-05-24 12:07:55 | INFO     | __main__                       | 2025-02 | risk_off (p=0.484) | nlp=0.0000 | active=8 excluded=2
2026-05-24 12:07:55 | INFO     | src.utils.utils                | [DONE]  live 2025-02 — 18.01s
2026-05-24 12:07:55 | INFO     | src.utils.utils                | [START] live 2025-03
2026-05-24 12:07:55 | INFO     | src.data.loader                | Starting live-month download: 2025-07-01 → 2025-03-31 (cutoff: 2025-03-31) | tickers: ['YPF', 'GGAL', 'BMA', 'PAM', 'TGS', 'CEPU', 'EDN', 'LOMA', 'CRESY', 'IRS']
2026-05-24 12:07:56 | ERROR    | yfinance                       | $YPF: possibly delisted; no price data found  (1wk 2025-07-01 -> 2025-03-31) (Yahoo error = "Invalid input - start date cannot be after end date. startDate = 1751342400, endDate = 1743393600")
2026-05-24 12:07:56 | WARNING  | src.data.downloader            | [YPF] yfinance returned empty DataFrame
2026-05-24 12:07:58 | ERROR    | yfinance                       | $GGAL: possibly delisted; no price data found  (1wk 2025-07-01 -> 2025-03-31) (Yahoo error = "Invalid input - start date cannot be after end date. startDate = 1751342400, endDate = 1743393600")
2026-05-24 12:07:58 | WARNING  | src.data.downloader            | [GGAL] yfinance returned empty DataFrame
2026-05-24 12:07:59 | ERROR    | yfinance                       | $BMA: possibly delisted; no price data found  (1wk 2025-07-01 -> 2025-03-31) (Yahoo error = "Invalid input - start date cannot be after end date. startDate = 1751342400, endDate = 1743393600")
2026-05-24 12:07:59 | WARNING  | src.data.downloader            | [BMA] yfinance returned empty DataFrame
2026-05-24 12:08:00 | ERROR    | yfinance                       | $PAM: possibly delisted; no price data found  (1wk 2025-07-01 -> 2025-03-31) (Yahoo error = "Invalid input - start date cannot be after end date. startDate = 1751342400, endDate = 1743393600")
2026-05-24 12:08:00 | WARNING  | src.data.downloader            | [PAM] yfinance returned empty DataFrame
2026-05-24 12:08:01 | ERROR    | yfinance                       | $TGS: possibly delisted; no price data found  (1wk 2025-07-01 -> 2025-03-31) (Yahoo error = "Invalid input - start date cannot be after end date. startDate = 1751342400, endDate = 1743393600")
2026-05-24 12:08:01 | WARNING  | src.data.downloader            | [TGS] yfinance returned empty DataFrame
2026-05-24 12:08:03 | ERROR    | yfinance                       | $CEPU: possibly delisted; no price data found  (1wk 2025-07-01 -> 2025-03-31) (Yahoo error = "Invalid input - start date cannot be after end date. startDate = 1751342400, endDate = 1743393600")
2026-05-24 12:08:03 | WARNING  | src.data.downloader            | [CEPU] yfinance returned empty DataFrame
2026-05-24 12:08:04 | ERROR    | yfinance                       | $EDN: possibly delisted; no price data found  (1wk 2025-07-01 -> 2025-03-31) (Yahoo error = "Invalid input - start date cannot be after end date. startDate = 1751342400, endDate = 1743393600")
2026-05-24 12:08:04 | WARNING  | src.data.downloader            | [EDN] yfinance returned empty DataFrame
2026-05-24 12:08:05 | ERROR    | yfinance                       | $LOMA: possibly delisted; no price data found  (1wk 2025-07-01 -> 2025-03-31) (Yahoo error = "Invalid input - start date cannot be after end date. startDate = 1751342400, endDate = 1743393600")
2026-05-24 12:08:05 | WARNING  | src.data.downloader            | [LOMA] yfinance returned empty DataFrame
2026-05-24 12:08:06 | ERROR    | yfinance                       | $CRESY: possibly delisted; no price data found  (1wk 2025-07-01 -> 2025-03-31) (Yahoo error = "Invalid input - start date cannot be after end date. startDate = 1751342400, endDate = 1743393600")
2026-05-24 12:08:06 | WARNING  | src.data.downloader            | [CRESY] yfinance returned empty DataFrame
2026-05-24 12:08:08 | ERROR    | yfinance                       | $IRS: possibly delisted; no price data found  (1wk 2025-07-01 -> 2025-03-31) (Yahoo error = "Invalid input - start date cannot be after end date. startDate = 1751342400, endDate = 1743393600")
2026-05-24 12:08:08 | WARNING  | src.data.downloader            | [IRS] yfinance returned empty DataFrame
2026-05-24 12:08:08 | WARNING  | src.data.downloader            | [YPF] no data downloaded
2026-05-24 12:08:08 | WARNING  | src.data.downloader            | [GGAL] no data downloaded
2026-05-24 12:08:08 | WARNING  | src.data.downloader            | [BMA] no data downloaded
2026-05-24 12:08:08 | WARNING  | src.data.downloader            | [PAM] no data downloaded
2026-05-24 12:08:08 | WARNING  | src.data.downloader            | [TGS] no data downloaded
2026-05-24 12:08:08 | WARNING  | src.data.downloader            | [CEPU] no data downloaded
2026-05-24 12:08:08 | WARNING  | src.data.downloader            | [EDN] no data downloaded
2026-05-24 12:08:08 | WARNING  | src.data.downloader            | [LOMA] no data downloaded
2026-05-24 12:08:08 | WARNING  | src.data.downloader            | [CRESY] no data downloaded
2026-05-24 12:08:08 | WARNING  | src.data.downloader            | [IRS] no data downloaded
2026-05-24 12:08:09 | ERROR    | yfinance                       | $^MERV: possibly delisted; no price data found  (1wk 2025-07-01 -> 2025-03-31) (Yahoo error = "Invalid input - start date cannot be after end date. startDate = 1751338800, endDate = 1743390000")
2026-05-24 12:08:09 | WARNING  | src.data.downloader            | [^MERV] yfinance returned empty DataFrame
2026-05-24 12:08:09 | ERROR    | yfinance                       | $AL30D.BA: possibly delisted; no timezone found
2026-05-24 12:08:09 | WARNING  | src.data.scraper_al30d         | [AL30D.BA] all sources failed and no cache available
2026-05-24 12:08:09 | WARNING  | src.data.scraper_al30d         | sovereign_bond: all sources failed — returning empty series
2026-05-24 12:08:10 | WARNING  | src.data.scraper_ccl           | CCL: all sources failed — returning empty series
2026-05-24 12:08:10 | WARNING  | src.data.scraper_macro         | [macro/ipc] extending last cached value (8317.9250) to fill 2025-07-01 → 2025-03-31
2026-05-24 12:08:11 | WARNING  | src.data.scraper_macro         | [macro/embi] cache has no valid values
2026-05-24 12:08:11 | WARNING  | src.data.scraper_macro         | [macro/reservas] extending last cached value (27251.2258) to fill 2025-07-01 → 2025-03-31
2026-05-24 12:08:13 | WARNING  | src.data.scraper_macro         | [macro/tc_oficial] extending last cached value (1093.5000) to fill 2025-07-01 → 2025-03-31
2026-05-24 12:08:13 | INFO     | src.data.validator             | Coverage report [prices]
2026-05-24 12:08:13 | INFO     | src.data.validator             | ----------------------------------------------------------------------------------
2026-05-24 12:08:13 | INFO     | src.data.validator             | asset                 first_date    last_date      rows    nan    nan%  status    
2026-05-24 12:08:13 | INFO     | src.data.validator             | ----------------------------------------------------------------------------------
2026-05-24 12:08:13 | ERROR    | src.data.validator             | YPF                   MISSING       MISSING           0      0  100.00%  ERROR     
2026-05-24 12:08:13 | ERROR    | src.data.validator             | GGAL                  MISSING       MISSING           0      0  100.00%  ERROR     
2026-05-24 12:08:13 | ERROR    | src.data.validator             | BMA                   MISSING       MISSING           0      0  100.00%  ERROR     
2026-05-24 12:08:13 | ERROR    | src.data.validator             | PAM                   MISSING       MISSING           0      0  100.00%  ERROR     
2026-05-24 12:08:13 | ERROR    | src.data.validator             | TGS                   MISSING       MISSING           0      0  100.00%  ERROR     
2026-05-24 12:08:13 | ERROR    | src.data.validator             | CEPU                  MISSING       MISSING           0      0  100.00%  ERROR     
2026-05-24 12:08:13 | ERROR    | src.data.validator             | EDN                   MISSING       MISSING           0      0  100.00%  ERROR     
2026-05-24 12:08:13 | ERROR    | src.data.validator             | LOMA                  MISSING       MISSING           0      0  100.00%  ERROR     
2026-05-24 12:08:13 | ERROR    | src.data.validator             | CRESY                 MISSING       MISSING           0      0  100.00%  ERROR     
2026-05-24 12:08:13 | ERROR    | src.data.validator             | IRS                   MISSING       MISSING           0      0  100.00%  ERROR     
2026-05-24 12:08:13 | ERROR    | src.data.validator             | sovereign_bond        MISSING       MISSING           0      0  100.00%  ERROR     
2026-05-24 12:08:13 | ERROR    | src.data.validator             | merval                MISSING       MISSING           0      0  100.00%  ERROR     
2026-05-24 12:08:13 | ERROR    | src.data.validator             | ccl                   MISSING       MISSING           0      0  100.00%  ERROR     
2026-05-24 12:08:13 | INFO     | src.data.validator             | ----------------------------------------------------------------------------------
2026-05-24 12:08:13 | INFO     | src.data.validator             | Coverage report [macro]
2026-05-24 12:08:13 | INFO     | src.data.validator             | ----------------------------------------------------------------------------------
2026-05-24 12:08:13 | INFO     | src.data.validator             | asset                 first_date    last_date      rows    nan    nan%  status    
2026-05-24 12:08:13 | INFO     | src.data.validator             | ----------------------------------------------------------------------------------
2026-05-24 12:08:13 | ERROR    | src.data.validator             | ipc                   MISSING       MISSING           0      0  100.00%  ERROR     
2026-05-24 12:08:13 | ERROR    | src.data.validator             | embi                  MISSING       MISSING           0      0  100.00%  ERROR     
2026-05-24 12:08:13 | ERROR    | src.data.validator             | reservas              MISSING       MISSING           0      0  100.00%  ERROR     
2026-05-24 12:08:13 | ERROR    | src.data.validator             | tc_oficial            MISSING       MISSING           0      0  100.00%  ERROR     
2026-05-24 12:08:13 | INFO     | src.data.validator             | ----------------------------------------------------------------------------------
2026-05-24 12:08:13 | ERROR    | src.data.loader                | Live-month validation failed — data NOT appended. 15 error(s):
2026-05-24 12:08:13 | ERROR    | src.data.loader                |   [YPF] series is entirely NaN (0 rows)
2026-05-24 12:08:13 | ERROR    | src.data.loader                |   [GGAL] series is entirely NaN (0 rows)
2026-05-24 12:08:13 | ERROR    | src.data.loader                |   [BMA] series is entirely NaN (0 rows)
2026-05-24 12:08:13 | ERROR    | src.data.loader                |   [PAM] series is entirely NaN (0 rows)
2026-05-24 12:08:13 | ERROR    | src.data.loader                |   [TGS] series is entirely NaN (0 rows)
2026-05-24 12:08:13 | ERROR    | src.data.loader                |   [CEPU] series is entirely NaN (0 rows)
2026-05-24 12:08:13 | ERROR    | src.data.loader                |   [EDN] series is entirely NaN (0 rows)
2026-05-24 12:08:13 | ERROR    | src.data.loader                |   [LOMA] series is entirely NaN (0 rows)
2026-05-24 12:08:13 | ERROR    | src.data.loader                |   [CRESY] series is entirely NaN (0 rows)
2026-05-24 12:08:13 | ERROR    | src.data.loader                |   [IRS] series is entirely NaN (0 rows)
2026-05-24 12:08:13 | ERROR    | src.data.loader                |   [merval] series is entirely NaN (0 rows)
2026-05-24 12:08:13 | ERROR    | src.data.loader                |   [ccl] series is entirely NaN (0 rows)
2026-05-24 12:08:13 | ERROR    | src.data.loader                |   [ipc] series is entirely NaN (0 rows)
2026-05-24 12:08:13 | ERROR    | src.data.loader                |   [reservas] series is entirely NaN (0 rows)
2026-05-24 12:08:13 | ERROR    | src.data.loader                |   [tc_oficial] series is entirely NaN (0 rows)
2026-05-24 12:08:13 | INFO     | src.features.features          | compute_features: 851 weekly rows | 10 tickers | warm-up = 30 rows
2026-05-24 12:08:13 | WARNING  | src.nlp.nlp                    | News directory not found: data\news\2025\03 — returning 0.0 (neutral)
2026-05-24 12:08:13 | WARNING  | src.signals.regime             | _build_monthly_feature_matrix: 'embi' is entirely NaN — filling with 0.0
2026-05-24 12:08:13 | INFO     | src.signals.regime             | Regime prediction: risk_off (p=0.802) | month=2025-03 | nlp_score=0.0000
2026-05-24 12:08:13 | INFO     | src.allocation.allocator       | compute_weights: risk_off (p=0.802) | active=[none] | excluded=[BMA=0.780, CEPU=0.795, CRESY=0.955, EDN=0.768, GGAL=0.832, IRS=0.907, LOMA=0.913, PAM=0.869, TGS=0.898, YPF=0.856] | AL30D=1.0000
2026-05-24 12:08:13 | INFO     | __main__                       | 2025-03 | risk_off (p=0.802) | nlp=0.0000 | active=0 excluded=10
2026-05-24 12:08:13 | INFO     | src.utils.utils                | [DONE]  live 2025-03 — 17.51s
2026-05-24 12:08:13 | INFO     | src.utils.utils                | [START] live 2025-04
2026-05-24 12:08:13 | INFO     | src.data.loader                | Starting live-month download: 2025-07-01 → 2025-04-30 (cutoff: 2025-04-30) | tickers: ['YPF', 'GGAL', 'BMA', 'PAM', 'TGS', 'CEPU', 'EDN', 'LOMA', 'CRESY', 'IRS']
2026-05-24 12:08:14 | ERROR    | yfinance                       | $YPF: possibly delisted; no price data found  (1wk 2025-07-01 -> 2025-04-30) (Yahoo error = "Invalid input - start date cannot be after end date. startDate = 1751342400, endDate = 1745985600")
2026-05-24 12:08:14 | WARNING  | src.data.downloader            | [YPF] yfinance returned empty DataFrame
2026-05-24 12:08:15 | ERROR    | yfinance                       | $GGAL: possibly delisted; no price data found  (1wk 2025-07-01 -> 2025-04-30) (Yahoo error = "Invalid input - start date cannot be after end date. startDate = 1751342400, endDate = 1745985600")
2026-05-24 12:08:15 | WARNING  | src.data.downloader            | [GGAL] yfinance returned empty DataFrame
2026-05-24 12:08:16 | ERROR    | yfinance                       | $BMA: possibly delisted; no price data found  (1wk 2025-07-01 -> 2025-04-30) (Yahoo error = "Invalid input - start date cannot be after end date. startDate = 1751342400, endDate = 1745985600")
2026-05-24 12:08:16 | WARNING  | src.data.downloader            | [BMA] yfinance returned empty DataFrame
2026-05-24 12:08:18 | ERROR    | yfinance                       | $PAM: possibly delisted; no price data found  (1wk 2025-07-01 -> 2025-04-30) (Yahoo error = "Invalid input - start date cannot be after end date. startDate = 1751342400, endDate = 1745985600")
2026-05-24 12:08:18 | WARNING  | src.data.downloader            | [PAM] yfinance returned empty DataFrame
2026-05-24 12:08:19 | ERROR    | yfinance                       | $TGS: possibly delisted; no price data found  (1wk 2025-07-01 -> 2025-04-30) (Yahoo error = "Invalid input - start date cannot be after end date. startDate = 1751342400, endDate = 1745985600")
2026-05-24 12:08:19 | WARNING  | src.data.downloader            | [TGS] yfinance returned empty DataFrame
2026-05-24 12:08:20 | ERROR    | yfinance                       | $CEPU: possibly delisted; no price data found  (1wk 2025-07-01 -> 2025-04-30) (Yahoo error = "Invalid input - start date cannot be after end date. startDate = 1751342400, endDate = 1745985600")
2026-05-24 12:08:20 | WARNING  | src.data.downloader            | [CEPU] yfinance returned empty DataFrame
2026-05-24 12:08:22 | ERROR    | yfinance                       | $EDN: possibly delisted; no price data found  (1wk 2025-07-01 -> 2025-04-30) (Yahoo error = "Invalid input - start date cannot be after end date. startDate = 1751342400, endDate = 1745985600")
2026-05-24 12:08:22 | WARNING  | src.data.downloader            | [EDN] yfinance returned empty DataFrame
2026-05-24 12:08:23 | ERROR    | yfinance                       | $LOMA: possibly delisted; no price data found  (1wk 2025-07-01 -> 2025-04-30) (Yahoo error = "Invalid input - start date cannot be after end date. startDate = 1751342400, endDate = 1745985600")
2026-05-24 12:08:23 | WARNING  | src.data.downloader            | [LOMA] yfinance returned empty DataFrame
2026-05-24 12:08:24 | ERROR    | yfinance                       | $CRESY: possibly delisted; no price data found  (1wk 2025-07-01 -> 2025-04-30) (Yahoo error = "Invalid input - start date cannot be after end date. startDate = 1751342400, endDate = 1745985600")
2026-05-24 12:08:24 | WARNING  | src.data.downloader            | [CRESY] yfinance returned empty DataFrame
2026-05-24 12:08:26 | ERROR    | yfinance                       | $IRS: possibly delisted; no price data found  (1wk 2025-07-01 -> 2025-04-30) (Yahoo error = "Invalid input - start date cannot be after end date. startDate = 1751342400, endDate = 1745985600")
2026-05-24 12:08:26 | WARNING  | src.data.downloader            | [IRS] yfinance returned empty DataFrame
2026-05-24 12:08:26 | WARNING  | src.data.downloader            | [YPF] no data downloaded
2026-05-24 12:08:26 | WARNING  | src.data.downloader            | [GGAL] no data downloaded
2026-05-24 12:08:26 | WARNING  | src.data.downloader            | [BMA] no data downloaded
2026-05-24 12:08:26 | WARNING  | src.data.downloader            | [PAM] no data downloaded
2026-05-24 12:08:26 | WARNING  | src.data.downloader            | [TGS] no data downloaded
2026-05-24 12:08:26 | WARNING  | src.data.downloader            | [CEPU] no data downloaded
2026-05-24 12:08:26 | WARNING  | src.data.downloader            | [EDN] no data downloaded
2026-05-24 12:08:26 | WARNING  | src.data.downloader            | [LOMA] no data downloaded
2026-05-24 12:08:26 | WARNING  | src.data.downloader            | [CRESY] no data downloaded
2026-05-24 12:08:26 | WARNING  | src.data.downloader            | [IRS] no data downloaded
2026-05-24 12:08:27 | ERROR    | yfinance                       | $^MERV: possibly delisted; no price data found  (1wk 2025-07-01 -> 2025-04-30) (Yahoo error = "Invalid input - start date cannot be after end date. startDate = 1751338800, endDate = 1745982000")
2026-05-24 12:08:27 | WARNING  | src.data.downloader            | [^MERV] yfinance returned empty DataFrame
2026-05-24 12:08:27 | ERROR    | yfinance                       | $AL30D.BA: possibly delisted; no timezone found
2026-05-24 12:08:27 | WARNING  | src.data.scraper_al30d         | [AL30D.BA] all sources failed and no cache available
2026-05-24 12:08:27 | WARNING  | src.data.scraper_al30d         | sovereign_bond: all sources failed — returning empty series
2026-05-24 12:08:27 | WARNING  | src.data.scraper_ccl           | CCL: all sources failed — returning empty series
2026-05-24 12:08:28 | WARNING  | src.data.scraper_macro         | [macro/ipc] extending last cached value (8547.3129) to fill 2025-07-01 → 2025-04-30
2026-05-24 12:08:29 | WARNING  | src.data.scraper_macro         | [macro/embi] cache has no valid values
2026-05-24 12:08:29 | WARNING  | src.data.scraper_macro         | [macro/reservas] extending last cached value (32301.2000) to fill 2025-07-01 → 2025-04-30
2026-05-24 12:08:30 | WARNING  | src.data.scraper_macro         | [macro/tc_oficial] extending last cached value (1190.0000) to fill 2025-07-01 → 2025-04-30
2026-05-24 12:08:30 | INFO     | src.data.validator             | Coverage report [prices]
2026-05-24 12:08:30 | INFO     | src.data.validator             | ----------------------------------------------------------------------------------
2026-05-24 12:08:30 | INFO     | src.data.validator             | asset                 first_date    last_date      rows    nan    nan%  status    
2026-05-24 12:08:30 | INFO     | src.data.validator             | ----------------------------------------------------------------------------------
2026-05-24 12:08:30 | ERROR    | src.data.validator             | YPF                   MISSING       MISSING           0      0  100.00%  ERROR     
2026-05-24 12:08:30 | ERROR    | src.data.validator             | GGAL                  MISSING       MISSING           0      0  100.00%  ERROR     
2026-05-24 12:08:30 | ERROR    | src.data.validator             | BMA                   MISSING       MISSING           0      0  100.00%  ERROR     
2026-05-24 12:08:30 | ERROR    | src.data.validator             | PAM                   MISSING       MISSING           0      0  100.00%  ERROR     
2026-05-24 12:08:30 | ERROR    | src.data.validator             | TGS                   MISSING       MISSING           0      0  100.00%  ERROR     
2026-05-24 12:08:30 | ERROR    | src.data.validator             | CEPU                  MISSING       MISSING           0      0  100.00%  ERROR     
2026-05-24 12:08:30 | ERROR    | src.data.validator             | EDN                   MISSING       MISSING           0      0  100.00%  ERROR     
2026-05-24 12:08:30 | ERROR    | src.data.validator             | LOMA                  MISSING       MISSING           0      0  100.00%  ERROR     
2026-05-24 12:08:30 | ERROR    | src.data.validator             | CRESY                 MISSING       MISSING           0      0  100.00%  ERROR     
2026-05-24 12:08:30 | ERROR    | src.data.validator             | IRS                   MISSING       MISSING           0      0  100.00%  ERROR     
2026-05-24 12:08:30 | ERROR    | src.data.validator             | sovereign_bond        MISSING       MISSING           0      0  100.00%  ERROR     
2026-05-24 12:08:30 | ERROR    | src.data.validator             | merval                MISSING       MISSING           0      0  100.00%  ERROR     
2026-05-24 12:08:30 | ERROR    | src.data.validator             | ccl                   MISSING       MISSING           0      0  100.00%  ERROR     
2026-05-24 12:08:30 | INFO     | src.data.validator             | ----------------------------------------------------------------------------------
2026-05-24 12:08:30 | INFO     | src.data.validator             | Coverage report [macro]
2026-05-24 12:08:30 | INFO     | src.data.validator             | ----------------------------------------------------------------------------------
2026-05-24 12:08:30 | INFO     | src.data.validator             | asset                 first_date    last_date      rows    nan    nan%  status    
2026-05-24 12:08:30 | INFO     | src.data.validator             | ----------------------------------------------------------------------------------
2026-05-24 12:08:30 | ERROR    | src.data.validator             | ipc                   MISSING       MISSING           0      0  100.00%  ERROR     
2026-05-24 12:08:30 | ERROR    | src.data.validator             | embi                  MISSING       MISSING           0      0  100.00%  ERROR     
2026-05-24 12:08:30 | ERROR    | src.data.validator             | reservas              MISSING       MISSING           0      0  100.00%  ERROR     
2026-05-24 12:08:30 | ERROR    | src.data.validator             | tc_oficial            MISSING       MISSING           0      0  100.00%  ERROR     
2026-05-24 12:08:30 | INFO     | src.data.validator             | ----------------------------------------------------------------------------------
2026-05-24 12:08:30 | ERROR    | src.data.loader                | Live-month validation failed — data NOT appended. 15 error(s):
2026-05-24 12:08:30 | ERROR    | src.data.loader                |   [YPF] series is entirely NaN (0 rows)
2026-05-24 12:08:30 | ERROR    | src.data.loader                |   [GGAL] series is entirely NaN (0 rows)
2026-05-24 12:08:30 | ERROR    | src.data.loader                |   [BMA] series is entirely NaN (0 rows)
2026-05-24 12:08:30 | ERROR    | src.data.loader                |   [PAM] series is entirely NaN (0 rows)
2026-05-24 12:08:30 | ERROR    | src.data.loader                |   [TGS] series is entirely NaN (0 rows)
2026-05-24 12:08:30 | ERROR    | src.data.loader                |   [CEPU] series is entirely NaN (0 rows)
2026-05-24 12:08:30 | ERROR    | src.data.loader                |   [EDN] series is entirely NaN (0 rows)
2026-05-24 12:08:30 | ERROR    | src.data.loader                |   [LOMA] series is entirely NaN (0 rows)
2026-05-24 12:08:30 | ERROR    | src.data.loader                |   [CRESY] series is entirely NaN (0 rows)
2026-05-24 12:08:30 | ERROR    | src.data.loader                |   [IRS] series is entirely NaN (0 rows)
2026-05-24 12:08:30 | ERROR    | src.data.loader                |   [merval] series is entirely NaN (0 rows)
2026-05-24 12:08:30 | ERROR    | src.data.loader                |   [ccl] series is entirely NaN (0 rows)
2026-05-24 12:08:30 | ERROR    | src.data.loader                |   [ipc] series is entirely NaN (0 rows)
2026-05-24 12:08:30 | ERROR    | src.data.loader                |   [reservas] series is entirely NaN (0 rows)
2026-05-24 12:08:30 | ERROR    | src.data.loader                |   [tc_oficial] series is entirely NaN (0 rows)
2026-05-24 12:08:30 | INFO     | src.features.features          | compute_features: 855 weekly rows | 10 tickers | warm-up = 30 rows
2026-05-24 12:08:30 | WARNING  | src.nlp.nlp                    | News directory not found: data\news\2025\04 — returning 0.0 (neutral)
2026-05-24 12:08:30 | WARNING  | src.signals.regime             | _build_monthly_feature_matrix: 'embi' is entirely NaN — filling with 0.0
2026-05-24 12:08:30 | INFO     | src.signals.regime             | Regime prediction: risk_off (p=0.666) | month=2025-04 | nlp_score=0.0000
2026-05-24 12:08:30 | INFO     | src.allocation.allocator       | compute_weights: risk_off (p=0.666) | active=[GGAL=1.010, LOMA=1.007] | excluded=[BMA=0.992, CEPU=0.826, CRESY=0.959, EDN=0.846, IRS=0.979, PAM=0.883, TGS=0.941, YPF=0.825] | GGAL=0.4000 LOMA=0.4000 AL30D=0.2000
2026-05-24 12:08:30 | INFO     | __main__                       | 2025-04 | risk_off (p=0.666) | nlp=0.0000 | active=2 excluded=8
2026-05-24 12:08:30 | INFO     | src.utils.utils                | [DONE]  live 2025-04 — 17.82s
2026-05-24 12:08:30 | INFO     | src.utils.utils                | [START] live 2025-05
2026-05-24 12:08:30 | INFO     | src.data.loader                | Starting live-month download: 2025-07-01 → 2025-05-31 (cutoff: 2025-05-31) | tickers: ['YPF', 'GGAL', 'BMA', 'PAM', 'TGS', 'CEPU', 'EDN', 'LOMA', 'CRESY', 'IRS']
2026-05-24 12:08:32 | ERROR    | yfinance                       | $YPF: possibly delisted; no price data found  (1wk 2025-07-01 -> 2025-05-31) (Yahoo error = "Invalid input - start date cannot be after end date. startDate = 1751342400, endDate = 1748664000")
2026-05-24 12:08:32 | WARNING  | src.data.downloader            | [YPF] yfinance returned empty DataFrame
2026-05-24 12:08:33 | ERROR    | yfinance                       | $GGAL: possibly delisted; no price data found  (1wk 2025-07-01 -> 2025-05-31) (Yahoo error = "Invalid input - start date cannot be after end date. startDate = 1751342400, endDate = 1748664000")
2026-05-24 12:08:33 | WARNING  | src.data.downloader            | [GGAL] yfinance returned empty DataFrame
2026-05-24 12:08:34 | ERROR    | yfinance                       | $BMA: possibly delisted; no price data found  (1wk 2025-07-01 -> 2025-05-31) (Yahoo error = "Invalid input - start date cannot be after end date. startDate = 1751342400, endDate = 1748664000")
2026-05-24 12:08:34 | WARNING  | src.data.downloader            | [BMA] yfinance returned empty DataFrame
2026-05-24 12:08:36 | ERROR    | yfinance                       | $PAM: possibly delisted; no price data found  (1wk 2025-07-01 -> 2025-05-31) (Yahoo error = "Invalid input - start date cannot be after end date. startDate = 1751342400, endDate = 1748664000")
2026-05-24 12:08:36 | WARNING  | src.data.downloader            | [PAM] yfinance returned empty DataFrame
2026-05-24 12:08:37 | ERROR    | yfinance                       | $TGS: possibly delisted; no price data found  (1wk 2025-07-01 -> 2025-05-31) (Yahoo error = "Invalid input - start date cannot be after end date. startDate = 1751342400, endDate = 1748664000")
2026-05-24 12:08:37 | WARNING  | src.data.downloader            | [TGS] yfinance returned empty DataFrame
2026-05-24 12:08:38 | ERROR    | yfinance                       | $CEPU: possibly delisted; no price data found  (1wk 2025-07-01 -> 2025-05-31) (Yahoo error = "Invalid input - start date cannot be after end date. startDate = 1751342400, endDate = 1748664000")
2026-05-24 12:08:38 | WARNING  | src.data.downloader            | [CEPU] yfinance returned empty DataFrame
2026-05-24 12:08:39 | ERROR    | yfinance                       | $EDN: possibly delisted; no price data found  (1wk 2025-07-01 -> 2025-05-31) (Yahoo error = "Invalid input - start date cannot be after end date. startDate = 1751342400, endDate = 1748664000")
2026-05-24 12:08:39 | WARNING  | src.data.downloader            | [EDN] yfinance returned empty DataFrame
2026-05-24 12:08:41 | ERROR    | yfinance                       | $LOMA: possibly delisted; no price data found  (1wk 2025-07-01 -> 2025-05-31) (Yahoo error = "Invalid input - start date cannot be after end date. startDate = 1751342400, endDate = 1748664000")
2026-05-24 12:08:41 | WARNING  | src.data.downloader            | [LOMA] yfinance returned empty DataFrame
2026-05-24 12:08:42 | ERROR    | yfinance                       | $CRESY: possibly delisted; no price data found  (1wk 2025-07-01 -> 2025-05-31) (Yahoo error = "Invalid input - start date cannot be after end date. startDate = 1751342400, endDate = 1748664000")
2026-05-24 12:08:42 | WARNING  | src.data.downloader            | [CRESY] yfinance returned empty DataFrame
2026-05-24 12:08:43 | ERROR    | yfinance                       | $IRS: possibly delisted; no price data found  (1wk 2025-07-01 -> 2025-05-31) (Yahoo error = "Invalid input - start date cannot be after end date. startDate = 1751342400, endDate = 1748664000")
2026-05-24 12:08:43 | WARNING  | src.data.downloader            | [IRS] yfinance returned empty DataFrame
2026-05-24 12:08:43 | WARNING  | src.data.downloader            | [YPF] no data downloaded
2026-05-24 12:08:43 | WARNING  | src.data.downloader            | [GGAL] no data downloaded
2026-05-24 12:08:43 | WARNING  | src.data.downloader            | [BMA] no data downloaded
2026-05-24 12:08:43 | WARNING  | src.data.downloader            | [PAM] no data downloaded
2026-05-24 12:08:43 | WARNING  | src.data.downloader            | [TGS] no data downloaded
2026-05-24 12:08:43 | WARNING  | src.data.downloader            | [CEPU] no data downloaded
2026-05-24 12:08:43 | WARNING  | src.data.downloader            | [EDN] no data downloaded
2026-05-24 12:08:43 | WARNING  | src.data.downloader            | [LOMA] no data downloaded
2026-05-24 12:08:43 | WARNING  | src.data.downloader            | [CRESY] no data downloaded
2026-05-24 12:08:43 | WARNING  | src.data.downloader            | [IRS] no data downloaded
2026-05-24 12:08:44 | ERROR    | yfinance                       | $^MERV: possibly delisted; no price data found  (1wk 2025-07-01 -> 2025-05-31) (Yahoo error = "Invalid input - start date cannot be after end date. startDate = 1751338800, endDate = 1748660400")
2026-05-24 12:08:44 | WARNING  | src.data.downloader            | [^MERV] yfinance returned empty DataFrame
2026-05-24 12:08:44 | ERROR    | yfinance                       | $AL30D.BA: possibly delisted; no timezone found
2026-05-24 12:08:44 | WARNING  | src.data.scraper_al30d         | [AL30D.BA] all sources failed and no cache available
2026-05-24 12:08:44 | WARNING  | src.data.scraper_al30d         | sovereign_bond: all sources failed — returning empty series
2026-05-24 12:08:45 | WARNING  | src.data.scraper_ccl           | CCL: all sources failed — returning empty series
2026-05-24 12:08:45 | WARNING  | src.data.scraper_macro         | [macro/ipc] extending last cached value (8547.3129) to fill 2025-07-01 → 2025-05-31
2026-05-24 12:08:46 | WARNING  | src.data.scraper_macro         | [macro/embi] cache has no valid values
2026-05-24 12:08:47 | WARNING  | src.data.scraper_macro         | [macro/reservas] extending last cached value (32301.2000) to fill 2025-07-01 → 2025-05-31
2026-05-24 12:08:48 | WARNING  | src.data.scraper_macro         | [macro/tc_oficial] extending last cached value (1200.0000) to fill 2025-07-01 → 2025-05-31
2026-05-24 12:08:48 | INFO     | src.data.validator             | Coverage report [prices]
2026-05-24 12:08:48 | INFO     | src.data.validator             | ----------------------------------------------------------------------------------
2026-05-24 12:08:48 | INFO     | src.data.validator             | asset                 first_date    last_date      rows    nan    nan%  status    
2026-05-24 12:08:48 | INFO     | src.data.validator             | ----------------------------------------------------------------------------------
2026-05-24 12:08:48 | ERROR    | src.data.validator             | YPF                   MISSING       MISSING           0      0  100.00%  ERROR     
2026-05-24 12:08:48 | ERROR    | src.data.validator             | GGAL                  MISSING       MISSING           0      0  100.00%  ERROR     
2026-05-24 12:08:48 | ERROR    | src.data.validator             | BMA                   MISSING       MISSING           0      0  100.00%  ERROR     
2026-05-24 12:08:48 | ERROR    | src.data.validator             | PAM                   MISSING       MISSING           0      0  100.00%  ERROR     
2026-05-24 12:08:48 | ERROR    | src.data.validator             | TGS                   MISSING       MISSING           0      0  100.00%  ERROR     
2026-05-24 12:08:48 | ERROR    | src.data.validator             | CEPU                  MISSING       MISSING           0      0  100.00%  ERROR     
2026-05-24 12:08:48 | ERROR    | src.data.validator             | EDN                   MISSING       MISSING           0      0  100.00%  ERROR     
2026-05-24 12:08:48 | ERROR    | src.data.validator             | LOMA                  MISSING       MISSING           0      0  100.00%  ERROR     
2026-05-24 12:08:48 | ERROR    | src.data.validator             | CRESY                 MISSING       MISSING           0      0  100.00%  ERROR     
2026-05-24 12:08:48 | ERROR    | src.data.validator             | IRS                   MISSING       MISSING           0      0  100.00%  ERROR     
2026-05-24 12:08:48 | ERROR    | src.data.validator             | sovereign_bond        MISSING       MISSING           0      0  100.00%  ERROR     
2026-05-24 12:08:48 | ERROR    | src.data.validator             | merval                MISSING       MISSING           0      0  100.00%  ERROR     
2026-05-24 12:08:48 | ERROR    | src.data.validator             | ccl                   MISSING       MISSING           0      0  100.00%  ERROR     
2026-05-24 12:08:48 | INFO     | src.data.validator             | ----------------------------------------------------------------------------------
2026-05-24 12:08:48 | INFO     | src.data.validator             | Coverage report [macro]
2026-05-24 12:08:48 | INFO     | src.data.validator             | ----------------------------------------------------------------------------------
2026-05-24 12:08:48 | INFO     | src.data.validator             | asset                 first_date    last_date      rows    nan    nan%  status    
2026-05-24 12:08:48 | INFO     | src.data.validator             | ----------------------------------------------------------------------------------
2026-05-24 12:08:48 | ERROR    | src.data.validator             | ipc                   MISSING       MISSING           0      0  100.00%  ERROR     
2026-05-24 12:08:48 | ERROR    | src.data.validator             | embi                  MISSING       MISSING           0      0  100.00%  ERROR     
2026-05-24 12:08:48 | ERROR    | src.data.validator             | reservas              MISSING       MISSING           0      0  100.00%  ERROR     
2026-05-24 12:08:48 | ERROR    | src.data.validator             | tc_oficial            MISSING       MISSING           0      0  100.00%  ERROR     
2026-05-24 12:08:48 | INFO     | src.data.validator             | ----------------------------------------------------------------------------------
2026-05-24 12:08:48 | ERROR    | src.data.loader                | Live-month validation failed — data NOT appended. 15 error(s):
2026-05-24 12:08:48 | ERROR    | src.data.loader                |   [YPF] series is entirely NaN (0 rows)
2026-05-24 12:08:48 | ERROR    | src.data.loader                |   [GGAL] series is entirely NaN (0 rows)
2026-05-24 12:08:48 | ERROR    | src.data.loader                |   [BMA] series is entirely NaN (0 rows)
2026-05-24 12:08:48 | ERROR    | src.data.loader                |   [PAM] series is entirely NaN (0 rows)
2026-05-24 12:08:48 | ERROR    | src.data.loader                |   [TGS] series is entirely NaN (0 rows)
2026-05-24 12:08:48 | ERROR    | src.data.loader                |   [CEPU] series is entirely NaN (0 rows)
2026-05-24 12:08:48 | ERROR    | src.data.loader                |   [EDN] series is entirely NaN (0 rows)
2026-05-24 12:08:48 | ERROR    | src.data.loader                |   [LOMA] series is entirely NaN (0 rows)
2026-05-24 12:08:48 | ERROR    | src.data.loader                |   [CRESY] series is entirely NaN (0 rows)
2026-05-24 12:08:48 | ERROR    | src.data.loader                |   [IRS] series is entirely NaN (0 rows)
2026-05-24 12:08:48 | ERROR    | src.data.loader                |   [merval] series is entirely NaN (0 rows)
2026-05-24 12:08:48 | ERROR    | src.data.loader                |   [ccl] series is entirely NaN (0 rows)
2026-05-24 12:08:48 | ERROR    | src.data.loader                |   [ipc] series is entirely NaN (0 rows)
2026-05-24 12:08:48 | ERROR    | src.data.loader                |   [reservas] series is entirely NaN (0 rows)
2026-05-24 12:08:48 | ERROR    | src.data.loader                |   [tc_oficial] series is entirely NaN (0 rows)
2026-05-24 12:08:48 | INFO     | src.features.features          | compute_features: 859 weekly rows | 10 tickers | warm-up = 30 rows
2026-05-24 12:08:48 | WARNING  | src.nlp.nlp                    | News directory not found: data\news\2025\05 — returning 0.0 (neutral)
2026-05-24 12:08:48 | WARNING  | src.signals.regime             | _build_monthly_feature_matrix: 'embi' is entirely NaN — filling with 0.0
2026-05-24 12:08:48 | INFO     | src.signals.regime             | Regime prediction: risk_on (p=0.997) | month=2025-05 | nlp_score=0.0000
2026-05-24 12:08:48 | INFO     | src.allocation.allocator       | compute_weights: risk_on (p=0.997) | active=[CEPU=1.002, CRESY=1.013, IRS=1.037, LOMA=1.095, TGS=1.001] | excluded=[BMA=0.930, EDN=0.903, GGAL=0.954, PAM=0.936, YPF=0.947] | CEPU=0.2000 CRESY=0.2000 IRS=0.2000 LOMA=0.2000 TGS=0.2000
2026-05-24 12:08:48 | INFO     | __main__                       | 2025-05 | risk_on (p=0.997) | nlp=0.0000 | active=5 excluded=5
2026-05-24 12:08:48 | INFO     | src.utils.utils                | [DONE]  live 2025-05 — 17.37s
2026-05-24 12:08:48 | INFO     | src.utils.utils                | [START] live 2025-06
2026-05-24 12:08:48 | INFO     | src.data.loader                | Starting live-month download: 2025-07-01 → 2025-06-30 (cutoff: 2025-06-30) | tickers: ['YPF', 'GGAL', 'BMA', 'PAM', 'TGS', 'CEPU', 'EDN', 'LOMA', 'CRESY', 'IRS']
2026-05-24 12:08:49 | ERROR    | yfinance                       | $YPF: possibly delisted; no price data found  (1wk 2025-07-01 -> 2025-06-30) (Yahoo error = "Invalid input - start date cannot be after end date. startDate = 1751342400, endDate = 1751256000")
2026-05-24 12:08:49 | WARNING  | src.data.downloader            | [YPF] yfinance returned empty DataFrame
2026-05-24 12:08:50 | ERROR    | yfinance                       | $GGAL: possibly delisted; no price data found  (1wk 2025-07-01 -> 2025-06-30) (Yahoo error = "Invalid input - start date cannot be after end date. startDate = 1751342400, endDate = 1751256000")
2026-05-24 12:08:50 | WARNING  | src.data.downloader            | [GGAL] yfinance returned empty DataFrame
2026-05-24 12:08:52 | ERROR    | yfinance                       | $BMA: possibly delisted; no price data found  (1wk 2025-07-01 -> 2025-06-30) (Yahoo error = "Invalid input - start date cannot be after end date. startDate = 1751342400, endDate = 1751256000")
2026-05-24 12:08:52 | WARNING  | src.data.downloader            | [BMA] yfinance returned empty DataFrame
2026-05-24 12:08:53 | ERROR    | yfinance                       | $PAM: possibly delisted; no price data found  (1wk 2025-07-01 -> 2025-06-30) (Yahoo error = "Invalid input - start date cannot be after end date. startDate = 1751342400, endDate = 1751256000")
2026-05-24 12:08:53 | WARNING  | src.data.downloader            | [PAM] yfinance returned empty DataFrame
2026-05-24 12:08:54 | ERROR    | yfinance                       | $TGS: possibly delisted; no price data found  (1wk 2025-07-01 -> 2025-06-30) (Yahoo error = "Invalid input - start date cannot be after end date. startDate = 1751342400, endDate = 1751256000")
2026-05-24 12:08:54 | WARNING  | src.data.downloader            | [TGS] yfinance returned empty DataFrame
2026-05-24 12:08:56 | ERROR    | yfinance                       | $CEPU: possibly delisted; no price data found  (1wk 2025-07-01 -> 2025-06-30) (Yahoo error = "Invalid input - start date cannot be after end date. startDate = 1751342400, endDate = 1751256000")
2026-05-24 12:08:56 | WARNING  | src.data.downloader            | [CEPU] yfinance returned empty DataFrame
2026-05-24 12:08:57 | ERROR    | yfinance                       | $EDN: possibly delisted; no price data found  (1wk 2025-07-01 -> 2025-06-30) (Yahoo error = "Invalid input - start date cannot be after end date. startDate = 1751342400, endDate = 1751256000")
2026-05-24 12:08:57 | WARNING  | src.data.downloader            | [EDN] yfinance returned empty DataFrame
2026-05-24 12:08:58 | ERROR    | yfinance                       | $LOMA: possibly delisted; no price data found  (1wk 2025-07-01 -> 2025-06-30) (Yahoo error = "Invalid input - start date cannot be after end date. startDate = 1751342400, endDate = 1751256000")
2026-05-24 12:08:58 | WARNING  | src.data.downloader            | [LOMA] yfinance returned empty DataFrame
2026-05-24 12:09:00 | ERROR    | yfinance                       | $CRESY: possibly delisted; no price data found  (1wk 2025-07-01 -> 2025-06-30) (Yahoo error = "Invalid input - start date cannot be after end date. startDate = 1751342400, endDate = 1751256000")
2026-05-24 12:09:00 | WARNING  | src.data.downloader            | [CRESY] yfinance returned empty DataFrame
2026-05-24 12:09:01 | ERROR    | yfinance                       | $IRS: possibly delisted; no price data found  (1wk 2025-07-01 -> 2025-06-30) (Yahoo error = "Invalid input - start date cannot be after end date. startDate = 1751342400, endDate = 1751256000")
2026-05-24 12:09:01 | WARNING  | src.data.downloader            | [IRS] yfinance returned empty DataFrame
2026-05-24 12:09:01 | WARNING  | src.data.downloader            | [YPF] no data downloaded
2026-05-24 12:09:01 | WARNING  | src.data.downloader            | [GGAL] no data downloaded
2026-05-24 12:09:01 | WARNING  | src.data.downloader            | [BMA] no data downloaded
2026-05-24 12:09:01 | WARNING  | src.data.downloader            | [PAM] no data downloaded
2026-05-24 12:09:01 | WARNING  | src.data.downloader            | [TGS] no data downloaded
2026-05-24 12:09:01 | WARNING  | src.data.downloader            | [CEPU] no data downloaded
2026-05-24 12:09:01 | WARNING  | src.data.downloader            | [EDN] no data downloaded
2026-05-24 12:09:01 | WARNING  | src.data.downloader            | [LOMA] no data downloaded
2026-05-24 12:09:01 | WARNING  | src.data.downloader            | [CRESY] no data downloaded
2026-05-24 12:09:01 | WARNING  | src.data.downloader            | [IRS] no data downloaded
2026-05-24 12:09:02 | ERROR    | yfinance                       | $^MERV: possibly delisted; no price data found  (1wk 2025-07-01 -> 2025-06-30) (Yahoo error = "Invalid input - start date cannot be after end date. startDate = 1751338800, endDate = 1751252400")
2026-05-24 12:09:02 | WARNING  | src.data.downloader            | [^MERV] yfinance returned empty DataFrame
2026-05-24 12:09:02 | ERROR    | yfinance                       | $AL30D.BA: possibly delisted; no timezone found
2026-05-24 12:09:02 | WARNING  | src.data.scraper_al30d         | [AL30D.BA] all sources failed and no cache available
2026-05-24 12:09:02 | WARNING  | src.data.scraper_al30d         | sovereign_bond: all sources failed — returning empty series
2026-05-24 12:09:03 | WARNING  | src.data.scraper_ccl           | CCL: all sources failed — returning empty series
2026-05-24 12:09:03 | WARNING  | src.data.scraper_macro         | [macro/ipc] extending last cached value (8851.2214) to fill 2025-07-01 → 2025-06-30
2026-05-24 12:09:04 | WARNING  | src.data.scraper_macro         | [macro/embi] cache has no valid values
2026-05-24 12:09:05 | WARNING  | src.data.scraper_macro         | [macro/reservas] extending last cached value (39759.5333) to fill 2025-07-01 → 2025-06-30
2026-05-24 12:09:06 | WARNING  | src.data.scraper_macro         | [macro/tc_oficial] extending last cached value (1215.0000) to fill 2025-07-01 → 2025-06-30
2026-05-24 12:09:06 | INFO     | src.data.validator             | Coverage report [prices]
2026-05-24 12:09:06 | INFO     | src.data.validator             | ----------------------------------------------------------------------------------
2026-05-24 12:09:06 | INFO     | src.data.validator             | asset                 first_date    last_date      rows    nan    nan%  status    
2026-05-24 12:09:06 | INFO     | src.data.validator             | ----------------------------------------------------------------------------------
2026-05-24 12:09:06 | ERROR    | src.data.validator             | YPF                   MISSING       MISSING           0      0  100.00%  ERROR     
2026-05-24 12:09:06 | ERROR    | src.data.validator             | GGAL                  MISSING       MISSING           0      0  100.00%  ERROR     
2026-05-24 12:09:06 | ERROR    | src.data.validator             | BMA                   MISSING       MISSING           0      0  100.00%  ERROR     
2026-05-24 12:09:06 | ERROR    | src.data.validator             | PAM                   MISSING       MISSING           0      0  100.00%  ERROR     
2026-05-24 12:09:06 | ERROR    | src.data.validator             | TGS                   MISSING       MISSING           0      0  100.00%  ERROR     
2026-05-24 12:09:06 | ERROR    | src.data.validator             | CEPU                  MISSING       MISSING           0      0  100.00%  ERROR     
2026-05-24 12:09:06 | ERROR    | src.data.validator             | EDN                   MISSING       MISSING           0      0  100.00%  ERROR     
2026-05-24 12:09:06 | ERROR    | src.data.validator             | LOMA                  MISSING       MISSING           0      0  100.00%  ERROR     
2026-05-24 12:09:06 | ERROR    | src.data.validator             | CRESY                 MISSING       MISSING           0      0  100.00%  ERROR     
2026-05-24 12:09:06 | ERROR    | src.data.validator             | IRS                   MISSING       MISSING           0      0  100.00%  ERROR     
2026-05-24 12:09:06 | ERROR    | src.data.validator             | sovereign_bond        MISSING       MISSING           0      0  100.00%  ERROR     
2026-05-24 12:09:06 | ERROR    | src.data.validator             | merval                MISSING       MISSING           0      0  100.00%  ERROR     
2026-05-24 12:09:06 | ERROR    | src.data.validator             | ccl                   MISSING       MISSING           0      0  100.00%  ERROR     
2026-05-24 12:09:06 | INFO     | src.data.validator             | ----------------------------------------------------------------------------------
2026-05-24 12:09:06 | INFO     | src.data.validator             | Coverage report [macro]
2026-05-24 12:09:06 | INFO     | src.data.validator             | ----------------------------------------------------------------------------------
2026-05-24 12:09:06 | INFO     | src.data.validator             | asset                 first_date    last_date      rows    nan    nan%  status    
2026-05-24 12:09:06 | INFO     | src.data.validator             | ----------------------------------------------------------------------------------
2026-05-24 12:09:06 | ERROR    | src.data.validator             | ipc                   MISSING       MISSING           0      0  100.00%  ERROR     
2026-05-24 12:09:06 | ERROR    | src.data.validator             | embi                  MISSING       MISSING           0      0  100.00%  ERROR     
2026-05-24 12:09:06 | ERROR    | src.data.validator             | reservas              MISSING       MISSING           0      0  100.00%  ERROR     
2026-05-24 12:09:06 | ERROR    | src.data.validator             | tc_oficial            MISSING       MISSING           0      0  100.00%  ERROR     
2026-05-24 12:09:06 | INFO     | src.data.validator             | ----------------------------------------------------------------------------------
2026-05-24 12:09:06 | ERROR    | src.data.loader                | Live-month validation failed — data NOT appended. 15 error(s):
2026-05-24 12:09:06 | ERROR    | src.data.loader                |   [YPF] series is entirely NaN (0 rows)
2026-05-24 12:09:06 | ERROR    | src.data.loader                |   [GGAL] series is entirely NaN (0 rows)
2026-05-24 12:09:06 | ERROR    | src.data.loader                |   [BMA] series is entirely NaN (0 rows)
2026-05-24 12:09:06 | ERROR    | src.data.loader                |   [PAM] series is entirely NaN (0 rows)
2026-05-24 12:09:06 | ERROR    | src.data.loader                |   [TGS] series is entirely NaN (0 rows)
2026-05-24 12:09:06 | ERROR    | src.data.loader                |   [CEPU] series is entirely NaN (0 rows)
2026-05-24 12:09:06 | ERROR    | src.data.loader                |   [EDN] series is entirely NaN (0 rows)
2026-05-24 12:09:06 | ERROR    | src.data.loader                |   [LOMA] series is entirely NaN (0 rows)
2026-05-24 12:09:06 | ERROR    | src.data.loader                |   [CRESY] series is entirely NaN (0 rows)
2026-05-24 12:09:06 | ERROR    | src.data.loader                |   [IRS] series is entirely NaN (0 rows)
2026-05-24 12:09:06 | ERROR    | src.data.loader                |   [merval] series is entirely NaN (0 rows)
2026-05-24 12:09:06 | ERROR    | src.data.loader                |   [ccl] series is entirely NaN (0 rows)
2026-05-24 12:09:06 | ERROR    | src.data.loader                |   [ipc] series is entirely NaN (0 rows)
2026-05-24 12:09:06 | ERROR    | src.data.loader                |   [reservas] series is entirely NaN (0 rows)
2026-05-24 12:09:06 | ERROR    | src.data.loader                |   [tc_oficial] series is entirely NaN (0 rows)
2026-05-24 12:09:06 | INFO     | src.features.features          | compute_features: 863 weekly rows | 10 tickers | warm-up = 30 rows
2026-05-24 12:09:06 | WARNING  | src.nlp.nlp                    | News directory not found: data\news\2025\06 — returning 0.0 (neutral)
2026-05-24 12:09:06 | WARNING  | src.signals.regime             | _build_monthly_feature_matrix: 'embi' is entirely NaN — filling with 0.0
2026-05-24 12:09:06 | INFO     | src.signals.regime             | Regime prediction: risk_on (p=0.950) | month=2025-06 | nlp_score=0.0000
2026-05-24 12:09:06 | INFO     | src.allocation.allocator       | compute_weights: double-filter defensive (p=0.950) | active=[none] | excluded=[BMA=0.800, CEPU=0.925, CRESY=0.926, EDN=0.782, GGAL=0.859, IRS=0.980, LOMA=0.977, PAM=0.875, TGS=0.981, YPF=0.903] | AL30D=1.0000
2026-05-24 12:09:06 | INFO     | __main__                       | 2025-06 | risk_on (p=0.950) | nlp=0.0000 | active=0 excluded=10
2026-05-24 12:09:06 | INFO     | src.utils.utils                | [DONE]  live 2025-06 — 17.94s
2026-05-24 12:09:06 | INFO     | src.utils.utils                | [START] live 2025-07
2026-05-24 12:09:06 | INFO     | src.data.loader                | Starting live-month download: 2025-07-01 → 2025-07-31 (cutoff: 2025-07-31) | tickers: ['YPF', 'GGAL', 'BMA', 'PAM', 'TGS', 'CEPU', 'EDN', 'LOMA', 'CRESY', 'IRS']
2026-05-24 12:09:11 | INFO     | src.data.downloader            | [YPF] 5 weekly rows (2025-06-30 → 2025-07-28)
2026-05-24 12:09:11 | INFO     | src.data.downloader            | [GGAL] 5 weekly rows (2025-06-30 → 2025-07-28)
2026-05-24 12:09:11 | INFO     | src.data.downloader            | [BMA] 5 weekly rows (2025-06-30 → 2025-07-28)
2026-05-24 12:09:11 | INFO     | src.data.downloader            | [PAM] 5 weekly rows (2025-06-30 → 2025-07-28)
2026-05-24 12:09:11 | INFO     | src.data.downloader            | [TGS] 5 weekly rows (2025-06-30 → 2025-07-28)
2026-05-24 12:09:11 | INFO     | src.data.downloader            | [CEPU] 5 weekly rows (2025-06-30 → 2025-07-28)
2026-05-24 12:09:11 | INFO     | src.data.downloader            | [EDN] 5 weekly rows (2025-06-30 → 2025-07-28)
2026-05-24 12:09:11 | INFO     | src.data.downloader            | [LOMA] 5 weekly rows (2025-06-30 → 2025-07-28)
2026-05-24 12:09:11 | INFO     | src.data.downloader            | [CRESY] 5 weekly rows (2025-06-30 → 2025-07-28)
2026-05-24 12:09:11 | INFO     | src.data.downloader            | [IRS] 5 weekly rows (2025-06-30 → 2025-07-28)
2026-05-24 12:09:11 | ERROR    | yfinance                       | $AL30D.BA: possibly delisted; no timezone found
2026-05-24 12:09:11 | WARNING  | src.data.scraper_al30d         | [AL30D.BA] all sources failed and no cache available
2026-05-24 12:09:11 | WARNING  | src.data.scraper_al30d         | sovereign_bond: all sources failed — returning empty series
2026-05-24 12:09:12 | INFO     | src.data.scraper_ccl           | CCL: GGAL ratio fallback used (5 observations)
2026-05-24 12:09:13 | INFO     | src.data.scraper_macro         | [macro/ipc] datos.gob.ar: 1 rows
2026-05-24 12:09:14 | WARNING  | src.data.scraper_macro         | [macro/embi] cache has no valid values
2026-05-24 12:09:15 | INFO     | src.data.scraper_macro         | [macro/reservas] datos.gob.ar: 1 rows
2026-05-24 12:09:16 | INFO     | src.data.scraper_macro         | [macro/tc_oficial] datos.gob.ar: 1 rows
2026-05-24 12:09:16 | INFO     | src.data.validator             | Coverage report [prices]
2026-05-24 12:09:16 | INFO     | src.data.validator             | ----------------------------------------------------------------------------------
2026-05-24 12:09:16 | INFO     | src.data.validator             | asset                 first_date    last_date      rows    nan    nan%  status    
2026-05-24 12:09:16 | INFO     | src.data.validator             | ----------------------------------------------------------------------------------
2026-05-24 12:09:16 | INFO     | src.data.validator             | YPF                   2025-06-30    2025-07-28        5      0   0.00%  LATE +3833d
2026-05-24 12:09:16 | INFO     | src.data.validator             | GGAL                  2025-06-30    2025-07-28        5      0   0.00%  LATE +3833d
2026-05-24 12:09:16 | INFO     | src.data.validator             | BMA                   2025-06-30    2025-07-28        5      0   0.00%  LATE +3833d
2026-05-24 12:09:16 | INFO     | src.data.validator             | PAM                   2025-06-30    2025-07-28        5      0   0.00%  LATE +3833d
2026-05-24 12:09:16 | INFO     | src.data.validator             | TGS                   2025-06-30    2025-07-28        5      0   0.00%  LATE +3833d
2026-05-24 12:09:16 | INFO     | src.data.validator             | CEPU                  2025-06-30    2025-07-28        5      0   0.00%  LATE +3833d
2026-05-24 12:09:16 | INFO     | src.data.validator             | EDN                   2025-06-30    2025-07-28        5      0   0.00%  LATE +3833d
2026-05-24 12:09:16 | INFO     | src.data.validator             | LOMA                  2025-06-30    2025-07-28        5      0   0.00%  LATE +3833d
2026-05-24 12:09:16 | INFO     | src.data.validator             | CRESY                 2025-06-30    2025-07-28        5      0   0.00%  LATE +3833d
2026-05-24 12:09:16 | INFO     | src.data.validator             | IRS                   2025-06-30    2025-07-28        5      0   0.00%  LATE +3833d
2026-05-24 12:09:16 | ERROR    | src.data.validator             | sovereign_bond        MISSING       MISSING           0      0  100.00%  ERROR     
2026-05-24 12:09:16 | INFO     | src.data.validator             | merval                2025-06-30    2025-07-28        5      0   0.00%  LATE +3833d
2026-05-24 12:09:16 | INFO     | src.data.validator             | ccl                   2025-07-04    2025-08-01        5      0   0.00%  LATE +3837d
2026-05-24 12:09:16 | INFO     | src.data.validator             | ----------------------------------------------------------------------------------
2026-05-24 12:09:16 | INFO     | src.data.validator             | Coverage report [macro]
2026-05-24 12:09:16 | INFO     | src.data.validator             | ----------------------------------------------------------------------------------
2026-05-24 12:09:16 | INFO     | src.data.validator             | asset                 first_date    last_date      rows    nan    nan%  status    
2026-05-24 12:09:16 | INFO     | src.data.validator             | ----------------------------------------------------------------------------------
2026-05-24 12:09:16 | INFO     | src.data.validator             | ipc                   2025-07-31    2025-07-31        1      0   0.00%  LATE +3864d
2026-05-24 12:09:16 | ERROR    | src.data.validator             | embi                  MISSING       MISSING           1      1  100.00%  ERROR     
2026-05-24 12:09:16 | INFO     | src.data.validator             | reservas              2025-07-31    2025-07-31        1      0   0.00%  LATE +3864d
2026-05-24 12:09:16 | INFO     | src.data.validator             | tc_oficial            2025-07-31    2025-07-31        1      0   0.00%  LATE +3864d
2026-05-24 12:09:16 | INFO     | src.data.validator             | ----------------------------------------------------------------------------------
2026-05-24 12:09:16 | WARNING  | src.data.loader                | 17 validation warning(s) — data will still be appended.
2026-05-24 12:09:16 | INFO     | src.data.cache_manager         | Appending live month to cache
2026-05-24 12:09:16 | INFO     | src.data.cache_manager         | Live month appended. New last cached date: 2025-08-01
2026-05-24 12:09:16 | INFO     | src.data.loader                | Live month appended successfully. Cutoff: 2025-07-31
2026-05-24 12:09:16 | INFO     | src.features.features          | compute_features: 868 weekly rows | 10 tickers | warm-up = 30 rows
2026-05-24 12:09:16 | WARNING  | src.nlp.nlp                    | News directory not found: data\news\2025\07 — returning 0.0 (neutral)
2026-05-24 12:09:16 | WARNING  | src.signals.regime             | _build_monthly_feature_matrix: 'embi' is entirely NaN — filling with 0.0
2026-05-24 12:09:16 | INFO     | src.signals.regime             | Regime prediction: risk_on (p=0.900) | month=2025-07 | nlp_score=0.0000
2026-05-24 12:09:16 | INFO     | src.allocation.allocator       | compute_weights: risk_on (p=0.900) | active=[IRS=1.041, LOMA=1.022, TGS=1.051] | excluded=[BMA=0.835, CEPU=0.993, CRESY=0.978, EDN=0.886, GGAL=0.876, PAM=0.980, YPF=0.958] | IRS=0.3333 LOMA=0.3333 TGS=0.3333
2026-05-24 12:09:16 | INFO     | __main__                       | 2025-07 | risk_on (p=0.900) | nlp=0.0000 | active=3 excluded=7
2026-05-24 12:09:16 | INFO     | src.utils.utils                | [DONE]  live 2025-07 — 10.09s
2026-05-24 12:09:16 | INFO     | src.utils.utils                | [START] live 2025-08
2026-05-24 12:09:16 | INFO     | src.data.loader                | Starting live-month download: 2025-08-02 → 2025-08-31 (cutoff: 2025-08-31) | tickers: ['YPF', 'GGAL', 'BMA', 'PAM', 'TGS', 'CEPU', 'EDN', 'LOMA', 'CRESY', 'IRS']
2026-05-24 12:09:21 | INFO     | src.data.downloader            | [YPF] 4 weekly rows (2025-08-04 → 2025-08-25)
2026-05-24 12:09:21 | INFO     | src.data.downloader            | [GGAL] 4 weekly rows (2025-08-04 → 2025-08-25)
2026-05-24 12:09:21 | INFO     | src.data.downloader            | [BMA] 4 weekly rows (2025-08-04 → 2025-08-25)
2026-05-24 12:09:21 | INFO     | src.data.downloader            | [PAM] 4 weekly rows (2025-08-04 → 2025-08-25)
2026-05-24 12:09:21 | INFO     | src.data.downloader            | [TGS] 4 weekly rows (2025-08-04 → 2025-08-25)
2026-05-24 12:09:21 | INFO     | src.data.downloader            | [CEPU] 4 weekly rows (2025-08-04 → 2025-08-25)
2026-05-24 12:09:21 | INFO     | src.data.downloader            | [EDN] 4 weekly rows (2025-08-04 → 2025-08-25)
2026-05-24 12:09:21 | INFO     | src.data.downloader            | [LOMA] 4 weekly rows (2025-08-04 → 2025-08-25)
2026-05-24 12:09:21 | INFO     | src.data.downloader            | [CRESY] 4 weekly rows (2025-08-04 → 2025-08-25)
2026-05-24 12:09:21 | INFO     | src.data.downloader            | [IRS] 4 weekly rows (2025-08-04 → 2025-08-25)
2026-05-24 12:09:21 | ERROR    | yfinance                       | $AL30D.BA: possibly delisted; no timezone found
2026-05-24 12:09:21 | WARNING  | src.data.scraper_al30d         | [AL30D.BA] all sources failed and no cache available
2026-05-24 12:09:21 | WARNING  | src.data.scraper_al30d         | sovereign_bond: all sources failed — returning empty series
2026-05-24 12:09:22 | INFO     | src.data.scraper_ccl           | CCL: GGAL ratio fallback used (4 observations)
2026-05-24 12:09:23 | WARNING  | src.data.scraper_macro         | [macro/ipc] extending last cached value (9016.5562) to fill 2025-08-02 → 2025-08-31
2026-05-24 12:09:24 | WARNING  | src.data.scraper_macro         | [macro/embi] cache has no valid values
2026-05-24 12:09:25 | WARNING  | src.data.scraper_macro         | [macro/reservas] extending last cached value (40286.0323) to fill 2025-08-02 → 2025-08-31
2026-05-24 12:09:26 | INFO     | src.data.scraper_macro         | [macro/tc_oficial] datos.gob.ar: 1 rows
2026-05-24 12:09:26 | INFO     | src.data.validator             | Coverage report [prices]
2026-05-24 12:09:26 | INFO     | src.data.validator             | ----------------------------------------------------------------------------------
2026-05-24 12:09:26 | INFO     | src.data.validator             | asset                 first_date    last_date      rows    nan    nan%  status    
2026-05-24 12:09:26 | INFO     | src.data.validator             | ----------------------------------------------------------------------------------
2026-05-24 12:09:26 | INFO     | src.data.validator             | YPF                   2025-08-04    2025-08-25        4      0   0.00%  LATE +3868d
2026-05-24 12:09:26 | INFO     | src.data.validator             | GGAL                  2025-08-04    2025-08-25        4      0   0.00%  LATE +3868d
2026-05-24 12:09:26 | INFO     | src.data.validator             | BMA                   2025-08-04    2025-08-25        4      0   0.00%  LATE +3868d
2026-05-24 12:09:26 | INFO     | src.data.validator             | PAM                   2025-08-04    2025-08-25        4      0   0.00%  LATE +3868d
2026-05-24 12:09:26 | INFO     | src.data.validator             | TGS                   2025-08-04    2025-08-25        4      0   0.00%  LATE +3868d
2026-05-24 12:09:26 | INFO     | src.data.validator             | CEPU                  2025-08-04    2025-08-25        4      0   0.00%  LATE +3868d
2026-05-24 12:09:26 | INFO     | src.data.validator             | EDN                   2025-08-04    2025-08-25        4      0   0.00%  LATE +3868d
2026-05-24 12:09:26 | INFO     | src.data.validator             | LOMA                  2025-08-04    2025-08-25        4      0   0.00%  LATE +3868d
2026-05-24 12:09:26 | INFO     | src.data.validator             | CRESY                 2025-08-04    2025-08-25        4      0   0.00%  LATE +3868d
2026-05-24 12:09:26 | INFO     | src.data.validator             | IRS                   2025-08-04    2025-08-25        4      0   0.00%  LATE +3868d
2026-05-24 12:09:26 | ERROR    | src.data.validator             | sovereign_bond        MISSING       MISSING           0      0  100.00%  ERROR     
2026-05-24 12:09:26 | INFO     | src.data.validator             | merval                2025-08-04    2025-08-25        4      0   0.00%  LATE +3868d
2026-05-24 12:09:26 | INFO     | src.data.validator             | ccl                   2025-08-08    2025-08-29        4      0   0.00%  LATE +3872d
2026-05-24 12:09:26 | INFO     | src.data.validator             | ----------------------------------------------------------------------------------
2026-05-24 12:09:26 | INFO     | src.data.validator             | Coverage report [macro]
2026-05-24 12:09:26 | INFO     | src.data.validator             | ----------------------------------------------------------------------------------
2026-05-24 12:09:26 | INFO     | src.data.validator             | asset                 first_date    last_date      rows    nan    nan%  status    
2026-05-24 12:09:26 | INFO     | src.data.validator             | ----------------------------------------------------------------------------------
2026-05-24 12:09:26 | INFO     | src.data.validator             | ipc                   2025-08-31    2025-08-31        1      0   0.00%  LATE +3895d
2026-05-24 12:09:26 | ERROR    | src.data.validator             | embi                  MISSING       MISSING           1      1  100.00%  ERROR     
2026-05-24 12:09:26 | INFO     | src.data.validator             | reservas              2025-08-31    2025-08-31        1      0   0.00%  LATE +3895d
2026-05-24 12:09:26 | INFO     | src.data.validator             | tc_oficial            2025-08-31    2025-08-31        1      0   0.00%  LATE +3895d
2026-05-24 12:09:26 | INFO     | src.data.validator             | ----------------------------------------------------------------------------------
2026-05-24 12:09:26 | WARNING  | src.data.loader                | 17 validation warning(s) — data will still be appended.
2026-05-24 12:09:26 | INFO     | src.data.cache_manager         | Appending live month to cache
2026-05-24 12:09:26 | INFO     | src.data.cache_manager         | Live month appended. New last cached date: 2025-08-31
2026-05-24 12:09:26 | INFO     | src.data.loader                | Live month appended successfully. Cutoff: 2025-08-31
2026-05-24 12:09:26 | INFO     | src.features.features          | compute_features: 872 weekly rows | 10 tickers | warm-up = 30 rows
2026-05-24 12:09:26 | WARNING  | src.nlp.nlp                    | News directory not found: data\news\2025\08 — returning 0.0 (neutral)
2026-05-24 12:09:26 | WARNING  | src.signals.regime             | _build_monthly_feature_matrix: 'embi' is entirely NaN — filling with 0.0
2026-05-24 12:09:26 | INFO     | src.signals.regime             | Regime prediction: risk_off (p=0.965) | month=2025-08 | nlp_score=0.0000
2026-05-24 12:09:26 | INFO     | src.allocation.allocator       | compute_weights: risk_off (p=0.965) | active=[IRS=1.026] | excluded=[BMA=0.738, CEPU=0.894, CRESY=0.911, EDN=0.702, GGAL=0.721, LOMA=0.830, PAM=0.896, TGS=0.999, YPF=0.902] | IRS=0.8000 AL30D=0.2000
2026-05-24 12:09:26 | INFO     | __main__                       | 2025-08 | risk_off (p=0.965) | nlp=0.0000 | active=1 excluded=9
2026-05-24 12:09:26 | INFO     | src.utils.utils                | [DONE]  live 2025-08 — 9.83s
2026-05-24 12:09:26 | INFO     | src.utils.utils                | [START] live 2025-09
2026-05-24 12:09:26 | INFO     | src.data.loader                | Starting live-month download: 2025-09-01 → 2025-09-30 (cutoff: 2025-09-30) | tickers: ['YPF', 'GGAL', 'BMA', 'PAM', 'TGS', 'CEPU', 'EDN', 'LOMA', 'CRESY', 'IRS']
2026-05-24 12:09:31 | INFO     | src.data.downloader            | [YPF] 5 weekly rows (2025-09-01 → 2025-09-29)
2026-05-24 12:09:31 | INFO     | src.data.downloader            | [GGAL] 5 weekly rows (2025-09-01 → 2025-09-29)
2026-05-24 12:09:31 | INFO     | src.data.downloader            | [BMA] 5 weekly rows (2025-09-01 → 2025-09-29)
2026-05-24 12:09:31 | INFO     | src.data.downloader            | [PAM] 5 weekly rows (2025-09-01 → 2025-09-29)
2026-05-24 12:09:31 | INFO     | src.data.downloader            | [TGS] 5 weekly rows (2025-09-01 → 2025-09-29)
2026-05-24 12:09:31 | INFO     | src.data.downloader            | [CEPU] 5 weekly rows (2025-09-01 → 2025-09-29)
2026-05-24 12:09:31 | INFO     | src.data.downloader            | [EDN] 5 weekly rows (2025-09-01 → 2025-09-29)
2026-05-24 12:09:31 | INFO     | src.data.downloader            | [LOMA] 5 weekly rows (2025-09-01 → 2025-09-29)
2026-05-24 12:09:31 | INFO     | src.data.downloader            | [CRESY] 5 weekly rows (2025-09-01 → 2025-09-29)
2026-05-24 12:09:31 | INFO     | src.data.downloader            | [IRS] 5 weekly rows (2025-09-01 → 2025-09-29)
2026-05-24 12:09:31 | ERROR    | yfinance                       | $AL30D.BA: possibly delisted; no timezone found
2026-05-24 12:09:31 | WARNING  | src.data.scraper_al30d         | [AL30D.BA] all sources failed and no cache available
2026-05-24 12:09:31 | WARNING  | src.data.scraper_al30d         | sovereign_bond: all sources failed — returning empty series
2026-05-24 12:09:32 | INFO     | src.data.scraper_ccl           | CCL: GGAL ratio fallback used (5 observations)
2026-05-24 12:09:33 | INFO     | src.data.scraper_macro         | [macro/ipc] datos.gob.ar: 1 rows
2026-05-24 12:09:34 | WARNING  | src.data.scraper_macro         | [macro/embi] cache has no valid values
2026-05-24 12:09:35 | INFO     | src.data.scraper_macro         | [macro/reservas] datos.gob.ar: 1 rows
2026-05-24 12:09:36 | INFO     | src.data.scraper_macro         | [macro/tc_oficial] datos.gob.ar: 1 rows
2026-05-24 12:09:36 | INFO     | src.data.validator             | Coverage report [prices]
2026-05-24 12:09:36 | INFO     | src.data.validator             | ----------------------------------------------------------------------------------
2026-05-24 12:09:36 | INFO     | src.data.validator             | asset                 first_date    last_date      rows    nan    nan%  status    
2026-05-24 12:09:36 | INFO     | src.data.validator             | ----------------------------------------------------------------------------------
2026-05-24 12:09:36 | INFO     | src.data.validator             | YPF                   2025-09-01    2025-09-29        5      0   0.00%  LATE +3896d
2026-05-24 12:09:36 | INFO     | src.data.validator             | GGAL                  2025-09-01    2025-09-29        5      0   0.00%  LATE +3896d
2026-05-24 12:09:36 | INFO     | src.data.validator             | BMA                   2025-09-01    2025-09-29        5      0   0.00%  LATE +3896d
2026-05-24 12:09:36 | INFO     | src.data.validator             | PAM                   2025-09-01    2025-09-29        5      0   0.00%  LATE +3896d
2026-05-24 12:09:36 | INFO     | src.data.validator             | TGS                   2025-09-01    2025-09-29        5      0   0.00%  LATE +3896d
2026-05-24 12:09:36 | INFO     | src.data.validator             | CEPU                  2025-09-01    2025-09-29        5      0   0.00%  LATE +3896d
2026-05-24 12:09:36 | INFO     | src.data.validator             | EDN                   2025-09-01    2025-09-29        5      0   0.00%  LATE +3896d
2026-05-24 12:09:36 | INFO     | src.data.validator             | LOMA                  2025-09-01    2025-09-29        5      0   0.00%  LATE +3896d
2026-05-24 12:09:36 | INFO     | src.data.validator             | CRESY                 2025-09-01    2025-09-29        5      0   0.00%  LATE +3896d
2026-05-24 12:09:36 | INFO     | src.data.validator             | IRS                   2025-09-01    2025-09-29        5      0   0.00%  LATE +3896d
2026-05-24 12:09:36 | ERROR    | src.data.validator             | sovereign_bond        MISSING       MISSING           0      0  100.00%  ERROR     
2026-05-24 12:09:36 | INFO     | src.data.validator             | merval                2025-09-01    2025-09-29        5      0   0.00%  LATE +3896d
2026-05-24 12:09:36 | INFO     | src.data.validator             | ccl                   2025-09-05    2025-10-03        5      0   0.00%  LATE +3900d
2026-05-24 12:09:36 | INFO     | src.data.validator             | ----------------------------------------------------------------------------------
2026-05-24 12:09:36 | INFO     | src.data.validator             | Coverage report [macro]
2026-05-24 12:09:36 | INFO     | src.data.validator             | ----------------------------------------------------------------------------------
2026-05-24 12:09:36 | INFO     | src.data.validator             | asset                 first_date    last_date      rows    nan    nan%  status    
2026-05-24 12:09:36 | INFO     | src.data.validator             | ----------------------------------------------------------------------------------
2026-05-24 12:09:36 | INFO     | src.data.validator             | ipc                   2025-09-30    2025-09-30        1      0   0.00%  LATE +3925d
2026-05-24 12:09:36 | ERROR    | src.data.validator             | embi                  MISSING       MISSING           1      1  100.00%  ERROR     
2026-05-24 12:09:36 | INFO     | src.data.validator             | reservas              2025-09-30    2025-09-30        1      0   0.00%  LATE +3925d
2026-05-24 12:09:36 | INFO     | src.data.validator             | tc_oficial            2025-09-30    2025-09-30        1      0   0.00%  LATE +3925d
2026-05-24 12:09:36 | INFO     | src.data.validator             | ----------------------------------------------------------------------------------
2026-05-24 12:09:36 | WARNING  | src.data.loader                | 17 validation warning(s) — data will still be appended.
2026-05-24 12:09:36 | INFO     | src.data.cache_manager         | Appending live month to cache
2026-05-24 12:09:36 | INFO     | src.data.cache_manager         | Live month appended. New last cached date: 2025-10-03
2026-05-24 12:09:36 | INFO     | src.data.loader                | Live month appended successfully. Cutoff: 2025-09-30
2026-05-24 12:09:36 | INFO     | src.features.features          | compute_features: 877 weekly rows | 10 tickers | warm-up = 30 rows
2026-05-24 12:09:36 | WARNING  | src.nlp.nlp                    | News directory not found: data\news\2025\09 — returning 0.0 (neutral)
2026-05-24 12:09:36 | WARNING  | src.signals.regime             | _build_monthly_feature_matrix: 'embi' is entirely NaN — filling with 0.0
2026-05-24 12:09:36 | INFO     | src.signals.regime             | Regime prediction: risk_off (p=0.556) | month=2025-09 | nlp_score=0.0000
2026-05-24 12:09:36 | INFO     | src.allocation.allocator       | compute_weights: risk_off (p=0.556) | active=[none] | excluded=[BMA=0.592, CEPU=0.712, CRESY=0.854, EDN=0.571, GGAL=0.555, IRS=0.839, LOMA=0.693, PAM=0.830, TGS=0.794, YPF=0.755] | AL30D=1.0000
2026-05-24 12:09:36 | INFO     | __main__                       | 2025-09 | risk_off (p=0.556) | nlp=0.0000 | active=0 excluded=10
2026-05-24 12:09:36 | INFO     | src.utils.utils                | [DONE]  live 2025-09 — 9.94s
2026-05-24 12:09:36 | INFO     | src.utils.utils                | [START] live 2025-10
2026-05-24 12:09:36 | INFO     | src.data.loader                | Starting live-month download: 2025-10-04 → 2025-10-31 (cutoff: 2025-10-31) | tickers: ['YPF', 'GGAL', 'BMA', 'PAM', 'TGS', 'CEPU', 'EDN', 'LOMA', 'CRESY', 'IRS']
2026-05-24 12:09:41 | INFO     | src.data.downloader            | [YPF] 4 weekly rows (2025-10-06 → 2025-10-27)
2026-05-24 12:09:41 | INFO     | src.data.downloader            | [GGAL] 4 weekly rows (2025-10-06 → 2025-10-27)
2026-05-24 12:09:41 | INFO     | src.data.downloader            | [BMA] 4 weekly rows (2025-10-06 → 2025-10-27)
2026-05-24 12:09:41 | INFO     | src.data.downloader            | [PAM] 4 weekly rows (2025-10-06 → 2025-10-27)
2026-05-24 12:09:41 | INFO     | src.data.downloader            | [TGS] 4 weekly rows (2025-10-06 → 2025-10-27)
2026-05-24 12:09:41 | INFO     | src.data.downloader            | [CEPU] 4 weekly rows (2025-10-06 → 2025-10-27)
2026-05-24 12:09:41 | INFO     | src.data.downloader            | [EDN] 4 weekly rows (2025-10-06 → 2025-10-27)
2026-05-24 12:09:41 | INFO     | src.data.downloader            | [LOMA] 4 weekly rows (2025-10-06 → 2025-10-27)
2026-05-24 12:09:41 | INFO     | src.data.downloader            | [CRESY] 4 weekly rows (2025-10-06 → 2025-10-27)
2026-05-24 12:09:41 | INFO     | src.data.downloader            | [IRS] 4 weekly rows (2025-10-06 → 2025-10-27)
2026-05-24 12:09:41 | ERROR    | yfinance                       | $AL30D.BA: possibly delisted; no timezone found
2026-05-24 12:09:41 | WARNING  | src.data.scraper_al30d         | [AL30D.BA] all sources failed and no cache available
2026-05-24 12:09:41 | WARNING  | src.data.scraper_al30d         | sovereign_bond: all sources failed — returning empty series
2026-05-24 12:09:42 | INFO     | src.data.scraper_ccl           | CCL: GGAL ratio fallback used (4 observations)
2026-05-24 12:09:43 | WARNING  | src.data.scraper_macro         | [macro/ipc] extending last cached value (9377.7681) to fill 2025-10-04 → 2025-10-31
2026-05-24 12:09:43 | WARNING  | src.data.scraper_macro         | [macro/embi] cache has no valid values
2026-05-24 12:09:44 | WARNING  | src.data.scraper_macro         | [macro/reservas] extending last cached value (40158.4000) to fill 2025-10-04 → 2025-10-31
2026-05-24 12:09:45 | INFO     | src.data.scraper_macro         | [macro/tc_oficial] datos.gob.ar: 1 rows
2026-05-24 12:09:45 | INFO     | src.data.validator             | Coverage report [prices]
2026-05-24 12:09:45 | INFO     | src.data.validator             | ----------------------------------------------------------------------------------
2026-05-24 12:09:45 | INFO     | src.data.validator             | asset                 first_date    last_date      rows    nan    nan%  status    
2026-05-24 12:09:45 | INFO     | src.data.validator             | ----------------------------------------------------------------------------------
2026-05-24 12:09:45 | INFO     | src.data.validator             | YPF                   2025-10-06    2025-10-27        4      0   0.00%  LATE +3931d
2026-05-24 12:09:45 | INFO     | src.data.validator             | GGAL                  2025-10-06    2025-10-27        4      0   0.00%  LATE +3931d
2026-05-24 12:09:45 | INFO     | src.data.validator             | BMA                   2025-10-06    2025-10-27        4      0   0.00%  LATE +3931d
2026-05-24 12:09:45 | INFO     | src.data.validator             | PAM                   2025-10-06    2025-10-27        4      0   0.00%  LATE +3931d
2026-05-24 12:09:45 | INFO     | src.data.validator             | TGS                   2025-10-06    2025-10-27        4      0   0.00%  LATE +3931d
2026-05-24 12:09:45 | INFO     | src.data.validator             | CEPU                  2025-10-06    2025-10-27        4      0   0.00%  LATE +3931d
2026-05-24 12:09:45 | INFO     | src.data.validator             | EDN                   2025-10-06    2025-10-27        4      0   0.00%  LATE +3931d
2026-05-24 12:09:45 | INFO     | src.data.validator             | LOMA                  2025-10-06    2025-10-27        4      0   0.00%  LATE +3931d
2026-05-24 12:09:45 | INFO     | src.data.validator             | CRESY                 2025-10-06    2025-10-27        4      0   0.00%  LATE +3931d
2026-05-24 12:09:45 | INFO     | src.data.validator             | IRS                   2025-10-06    2025-10-27        4      0   0.00%  LATE +3931d
2026-05-24 12:09:45 | ERROR    | src.data.validator             | sovereign_bond        MISSING       MISSING           0      0  100.00%  ERROR     
2026-05-24 12:09:45 | INFO     | src.data.validator             | merval                2025-10-06    2025-10-27        4      0   0.00%  LATE +3931d
2026-05-24 12:09:45 | INFO     | src.data.validator             | ccl                   2025-10-10    2025-10-31        4      0   0.00%  LATE +3935d
2026-05-24 12:09:45 | INFO     | src.data.validator             | ----------------------------------------------------------------------------------
2026-05-24 12:09:45 | INFO     | src.data.validator             | Coverage report [macro]
2026-05-24 12:09:45 | INFO     | src.data.validator             | ----------------------------------------------------------------------------------
2026-05-24 12:09:45 | INFO     | src.data.validator             | asset                 first_date    last_date      rows    nan    nan%  status    
2026-05-24 12:09:45 | INFO     | src.data.validator             | ----------------------------------------------------------------------------------
2026-05-24 12:09:45 | INFO     | src.data.validator             | ipc                   2025-10-31    2025-10-31        1      0   0.00%  LATE +3956d
2026-05-24 12:09:45 | ERROR    | src.data.validator             | embi                  MISSING       MISSING           1      1  100.00%  ERROR     
2026-05-24 12:09:45 | INFO     | src.data.validator             | reservas              2025-10-31    2025-10-31        1      0   0.00%  LATE +3956d
2026-05-24 12:09:45 | INFO     | src.data.validator             | tc_oficial            2025-10-31    2025-10-31        1      0   0.00%  LATE +3956d
2026-05-24 12:09:45 | INFO     | src.data.validator             | ----------------------------------------------------------------------------------
2026-05-24 12:09:45 | WARNING  | src.data.loader                | 17 validation warning(s) — data will still be appended.
2026-05-24 12:09:45 | INFO     | src.data.cache_manager         | Appending live month to cache
2026-05-24 12:09:45 | INFO     | src.data.cache_manager         | Live month appended. New last cached date: 2025-10-31
2026-05-24 12:09:45 | INFO     | src.data.loader                | Live month appended successfully. Cutoff: 2025-10-31
2026-05-24 12:09:45 | INFO     | src.features.features          | compute_features: 881 weekly rows | 10 tickers | warm-up = 30 rows
2026-05-24 12:09:45 | WARNING  | src.nlp.nlp                    | News directory not found: data\news\2025\10 — returning 0.0 (neutral)
2026-05-24 12:09:45 | WARNING  | src.signals.regime             | _build_monthly_feature_matrix: 'embi' is entirely NaN — filling with 0.0
2026-05-24 12:09:45 | INFO     | src.signals.regime             | Regime prediction: risk_on (p=0.761) | month=2025-10 | nlp_score=0.0000
2026-05-24 12:09:45 | INFO     | src.allocation.allocator       | compute_weights: risk_on (p=0.761) | active=[BMA=1.302, CEPU=1.399, CRESY=1.159, EDN=1.279, GGAL=1.245, IRS=1.104, LOMA=1.061, PAM=1.207, TGS=1.186, YPF=1.160] | excluded=[none] | BMA=0.1000 CEPU=0.1000 CRESY=0.1000 EDN=0.1000 GGAL=0.1000 IRS=0.1000 LOMA=0.1000 PAM=0.1000 TGS=0.1000 YPF=0.1000
2026-05-24 12:09:45 | INFO     | __main__                       | 2025-10 | risk_on (p=0.761) | nlp=0.0000 | active=10 excluded=0
2026-05-24 12:09:45 | INFO     | src.utils.utils                | [DONE]  live 2025-10 — 9.71s
2026-05-24 12:09:45 | INFO     | src.utils.utils                | [START] live 2025-11
2026-05-24 12:09:45 | INFO     | src.data.loader                | Starting live-month download: 2025-11-01 → 2025-11-30 (cutoff: 2025-11-30) | tickers: ['YPF', 'GGAL', 'BMA', 'PAM', 'TGS', 'CEPU', 'EDN', 'LOMA', 'CRESY', 'IRS']
2026-05-24 12:09:50 | INFO     | src.data.downloader            | [YPF] 4 weekly rows (2025-11-03 → 2025-11-24)
2026-05-24 12:09:50 | INFO     | src.data.downloader            | [GGAL] 4 weekly rows (2025-11-03 → 2025-11-24)
2026-05-24 12:09:50 | INFO     | src.data.downloader            | [BMA] 4 weekly rows (2025-11-03 → 2025-11-24)
2026-05-24 12:09:50 | INFO     | src.data.downloader            | [PAM] 4 weekly rows (2025-11-03 → 2025-11-24)
2026-05-24 12:09:50 | INFO     | src.data.downloader            | [TGS] 4 weekly rows (2025-11-03 → 2025-11-24)
2026-05-24 12:09:50 | INFO     | src.data.downloader            | [CEPU] 4 weekly rows (2025-11-03 → 2025-11-24)
2026-05-24 12:09:50 | INFO     | src.data.downloader            | [EDN] 4 weekly rows (2025-11-03 → 2025-11-24)
2026-05-24 12:09:50 | INFO     | src.data.downloader            | [LOMA] 4 weekly rows (2025-11-03 → 2025-11-24)
2026-05-24 12:09:50 | INFO     | src.data.downloader            | [CRESY] 4 weekly rows (2025-11-03 → 2025-11-24)
2026-05-24 12:09:50 | INFO     | src.data.downloader            | [IRS] 4 weekly rows (2025-11-03 → 2025-11-24)
2026-05-24 12:09:51 | ERROR    | yfinance                       | $AL30D.BA: possibly delisted; no timezone found
2026-05-24 12:09:51 | WARNING  | src.data.scraper_al30d         | [AL30D.BA] all sources failed and no cache available
2026-05-24 12:09:51 | WARNING  | src.data.scraper_al30d         | sovereign_bond: all sources failed — returning empty series
2026-05-24 12:09:52 | INFO     | src.data.scraper_ccl           | CCL: GGAL ratio fallback used (4 observations)
2026-05-24 12:09:53 | INFO     | src.data.scraper_macro         | [macro/ipc] datos.gob.ar: 1 rows
2026-05-24 12:09:53 | WARNING  | src.data.scraper_macro         | [macro/embi] cache has no valid values
2026-05-24 12:09:54 | INFO     | src.data.scraper_macro         | [macro/reservas] datos.gob.ar: 1 rows
2026-05-24 12:09:55 | INFO     | src.data.scraper_macro         | [macro/tc_oficial] datos.gob.ar: 1 rows
2026-05-24 12:09:55 | INFO     | src.data.validator             | Coverage report [prices]
2026-05-24 12:09:55 | INFO     | src.data.validator             | ----------------------------------------------------------------------------------
2026-05-24 12:09:55 | INFO     | src.data.validator             | asset                 first_date    last_date      rows    nan    nan%  status    
2026-05-24 12:09:55 | INFO     | src.data.validator             | ----------------------------------------------------------------------------------
2026-05-24 12:09:55 | INFO     | src.data.validator             | YPF                   2025-11-03    2025-11-24        4      0   0.00%  LATE +3959d
2026-05-24 12:09:55 | INFO     | src.data.validator             | GGAL                  2025-11-03    2025-11-24        4      0   0.00%  LATE +3959d
2026-05-24 12:09:55 | INFO     | src.data.validator             | BMA                   2025-11-03    2025-11-24        4      0   0.00%  LATE +3959d
2026-05-24 12:09:55 | INFO     | src.data.validator             | PAM                   2025-11-03    2025-11-24        4      0   0.00%  LATE +3959d
2026-05-24 12:09:55 | INFO     | src.data.validator             | TGS                   2025-11-03    2025-11-24        4      0   0.00%  LATE +3959d
2026-05-24 12:09:55 | INFO     | src.data.validator             | CEPU                  2025-11-03    2025-11-24        4      0   0.00%  LATE +3959d
2026-05-24 12:09:55 | INFO     | src.data.validator             | EDN                   2025-11-03    2025-11-24        4      0   0.00%  LATE +3959d
2026-05-24 12:09:55 | INFO     | src.data.validator             | LOMA                  2025-11-03    2025-11-24        4      0   0.00%  LATE +3959d
2026-05-24 12:09:55 | INFO     | src.data.validator             | CRESY                 2025-11-03    2025-11-24        4      0   0.00%  LATE +3959d
2026-05-24 12:09:55 | INFO     | src.data.validator             | IRS                   2025-11-03    2025-11-24        4      0   0.00%  LATE +3959d
2026-05-24 12:09:55 | ERROR    | src.data.validator             | sovereign_bond        MISSING       MISSING           0      0  100.00%  ERROR     
2026-05-24 12:09:55 | INFO     | src.data.validator             | merval                2025-11-03    2025-11-24        4      0   0.00%  LATE +3959d
2026-05-24 12:09:55 | INFO     | src.data.validator             | ccl                   2025-11-07    2025-11-28        4      0   0.00%  LATE +3963d
2026-05-24 12:09:55 | INFO     | src.data.validator             | ----------------------------------------------------------------------------------
2026-05-24 12:09:55 | INFO     | src.data.validator             | Coverage report [macro]
2026-05-24 12:09:55 | INFO     | src.data.validator             | ----------------------------------------------------------------------------------
2026-05-24 12:09:55 | INFO     | src.data.validator             | asset                 first_date    last_date      rows    nan    nan%  status    
2026-05-24 12:09:55 | INFO     | src.data.validator             | ----------------------------------------------------------------------------------
2026-05-24 12:09:55 | INFO     | src.data.validator             | ipc                   2025-11-30    2025-11-30        1      0   0.00%  LATE +3986d
2026-05-24 12:09:55 | ERROR    | src.data.validator             | embi                  MISSING       MISSING           1      1  100.00%  ERROR     
2026-05-24 12:09:55 | INFO     | src.data.validator             | reservas              2025-11-30    2025-11-30        1      0   0.00%  LATE +3986d
2026-05-24 12:09:55 | INFO     | src.data.validator             | tc_oficial            2025-11-30    2025-11-30        1      0   0.00%  LATE +3986d
2026-05-24 12:09:55 | INFO     | src.data.validator             | ----------------------------------------------------------------------------------
2026-05-24 12:09:55 | WARNING  | src.data.loader                | 17 validation warning(s) — data will still be appended.
2026-05-24 12:09:55 | INFO     | src.data.cache_manager         | Appending live month to cache
2026-05-24 12:09:55 | INFO     | src.data.cache_manager         | Live month appended. New last cached date: 2025-11-30
2026-05-24 12:09:55 | INFO     | src.data.loader                | Live month appended successfully. Cutoff: 2025-11-30
2026-05-24 12:09:55 | INFO     | src.features.features          | compute_features: 885 weekly rows | 10 tickers | warm-up = 30 rows
2026-05-24 12:09:55 | WARNING  | src.nlp.nlp                    | News directory not found: data\news\2025\11 — returning 0.0 (neutral)
2026-05-24 12:09:55 | WARNING  | src.signals.regime             | _build_monthly_feature_matrix: 'embi' is entirely NaN — filling with 0.0
2026-05-24 12:09:55 | INFO     | src.signals.regime             | Regime prediction: risk_on (p=0.716) | month=2025-11 | nlp_score=0.0000
2026-05-24 12:09:55 | INFO     | src.allocation.allocator       | compute_weights: risk_on (p=0.716) | active=[BMA=1.247, CEPU=1.366, CRESY=1.142, EDN=1.325, GGAL=1.153, IRS=1.083, LOMA=1.197, PAM=1.242, TGS=1.170, YPF=1.145] | excluded=[none] | BMA=0.1000 CEPU=0.1000 CRESY=0.1000 EDN=0.1000 GGAL=0.1000 IRS=0.1000 LOMA=0.1000 PAM=0.1000 TGS=0.1000 YPF=0.1000
2026-05-24 12:09:55 | INFO     | __main__                       | 2025-11 | risk_on (p=0.716) | nlp=0.0000 | active=10 excluded=0
2026-05-24 12:09:55 | INFO     | src.utils.utils                | [DONE]  live 2025-11 — 9.57s
2026-05-24 12:09:55 | INFO     | src.utils.utils                | [START] live 2025-12
2026-05-24 12:09:55 | INFO     | src.data.loader                | Starting live-month download: 2025-12-01 → 2025-12-31 (cutoff: 2025-12-31) | tickers: ['YPF', 'GGAL', 'BMA', 'PAM', 'TGS', 'CEPU', 'EDN', 'LOMA', 'CRESY', 'IRS']
2026-05-24 12:10:00 | INFO     | src.data.downloader            | [YPF] 5 weekly rows (2025-12-01 → 2025-12-29)
2026-05-24 12:10:00 | INFO     | src.data.downloader            | [GGAL] 5 weekly rows (2025-12-01 → 2025-12-29)
2026-05-24 12:10:00 | INFO     | src.data.downloader            | [BMA] 5 weekly rows (2025-12-01 → 2025-12-29)
2026-05-24 12:10:00 | INFO     | src.data.downloader            | [PAM] 5 weekly rows (2025-12-01 → 2025-12-29)
2026-05-24 12:10:00 | INFO     | src.data.downloader            | [TGS] 5 weekly rows (2025-12-01 → 2025-12-29)
2026-05-24 12:10:00 | INFO     | src.data.downloader            | [CEPU] 5 weekly rows (2025-12-01 → 2025-12-29)
2026-05-24 12:10:00 | INFO     | src.data.downloader            | [EDN] 5 weekly rows (2025-12-01 → 2025-12-29)
2026-05-24 12:10:00 | INFO     | src.data.downloader            | [LOMA] 5 weekly rows (2025-12-01 → 2025-12-29)
2026-05-24 12:10:00 | INFO     | src.data.downloader            | [CRESY] 5 weekly rows (2025-12-01 → 2025-12-29)
2026-05-24 12:10:00 | INFO     | src.data.downloader            | [IRS] 5 weekly rows (2025-12-01 → 2025-12-29)
2026-05-24 12:10:00 | ERROR    | yfinance                       | $AL30D.BA: possibly delisted; no timezone found
2026-05-24 12:10:00 | WARNING  | src.data.scraper_al30d         | [AL30D.BA] all sources failed and no cache available
2026-05-24 12:10:00 | WARNING  | src.data.scraper_al30d         | sovereign_bond: all sources failed — returning empty series
2026-05-24 12:10:01 | INFO     | src.data.scraper_ccl           | CCL: GGAL ratio fallback used (5 observations)
2026-05-24 12:10:02 | INFO     | src.data.scraper_macro         | [macro/ipc] datos.gob.ar: 1 rows
2026-05-24 12:10:03 | WARNING  | src.data.scraper_macro         | [macro/embi] cache has no valid values
2026-05-24 12:10:03 | INFO     | src.data.scraper_macro         | [macro/reservas] datos.gob.ar: 1 rows
2026-05-24 12:10:04 | INFO     | src.data.scraper_macro         | [macro/tc_oficial] datos.gob.ar: 1 rows
2026-05-24 12:10:04 | INFO     | src.data.validator             | Coverage report [prices]
2026-05-24 12:10:04 | INFO     | src.data.validator             | ----------------------------------------------------------------------------------
2026-05-24 12:10:04 | INFO     | src.data.validator             | asset                 first_date    last_date      rows    nan    nan%  status    
2026-05-24 12:10:04 | INFO     | src.data.validator             | ----------------------------------------------------------------------------------
2026-05-24 12:10:04 | INFO     | src.data.validator             | YPF                   2025-12-01    2025-12-29        5      0   0.00%  LATE +3987d
2026-05-24 12:10:04 | INFO     | src.data.validator             | GGAL                  2025-12-01    2025-12-29        5      0   0.00%  LATE +3987d
2026-05-24 12:10:04 | INFO     | src.data.validator             | BMA                   2025-12-01    2025-12-29        5      0   0.00%  LATE +3987d
2026-05-24 12:10:04 | INFO     | src.data.validator             | PAM                   2025-12-01    2025-12-29        5      0   0.00%  LATE +3987d
2026-05-24 12:10:04 | INFO     | src.data.validator             | TGS                   2025-12-01    2025-12-29        5      0   0.00%  LATE +3987d
2026-05-24 12:10:04 | INFO     | src.data.validator             | CEPU                  2025-12-01    2025-12-29        5      0   0.00%  LATE +3987d
2026-05-24 12:10:04 | INFO     | src.data.validator             | EDN                   2025-12-01    2025-12-29        5      0   0.00%  LATE +3987d
2026-05-24 12:10:04 | INFO     | src.data.validator             | LOMA                  2025-12-01    2025-12-29        5      0   0.00%  LATE +3987d
2026-05-24 12:10:04 | INFO     | src.data.validator             | CRESY                 2025-12-01    2025-12-29        5      0   0.00%  LATE +3987d
2026-05-24 12:10:04 | INFO     | src.data.validator             | IRS                   2025-12-01    2025-12-29        5      0   0.00%  LATE +3987d
2026-05-24 12:10:04 | ERROR    | src.data.validator             | sovereign_bond        MISSING       MISSING           0      0  100.00%  ERROR     
2026-05-24 12:10:04 | INFO     | src.data.validator             | merval                2025-12-01    2025-12-29        5      0   0.00%  LATE +3987d
2026-05-24 12:10:04 | INFO     | src.data.validator             | ccl                   2025-12-05    2026-01-02        5      0   0.00%  LATE +3991d
2026-05-24 12:10:04 | INFO     | src.data.validator             | ----------------------------------------------------------------------------------
2026-05-24 12:10:04 | INFO     | src.data.validator             | Coverage report [macro]
2026-05-24 12:10:04 | INFO     | src.data.validator             | ----------------------------------------------------------------------------------
2026-05-24 12:10:04 | INFO     | src.data.validator             | asset                 first_date    last_date      rows    nan    nan%  status    
2026-05-24 12:10:04 | INFO     | src.data.validator             | ----------------------------------------------------------------------------------
2026-05-24 12:10:04 | INFO     | src.data.validator             | ipc                   2025-12-31    2025-12-31        1      0   0.00%  LATE +4017d
2026-05-24 12:10:04 | ERROR    | src.data.validator             | embi                  MISSING       MISSING           1      1  100.00%  ERROR     
2026-05-24 12:10:04 | INFO     | src.data.validator             | reservas              2025-12-31    2025-12-31        1      0   0.00%  LATE +4017d
2026-05-24 12:10:04 | INFO     | src.data.validator             | tc_oficial            2025-12-31    2025-12-31        1      0   0.00%  LATE +4017d
2026-05-24 12:10:04 | INFO     | src.data.validator             | ----------------------------------------------------------------------------------
2026-05-24 12:10:04 | WARNING  | src.data.loader                | 17 validation warning(s) — data will still be appended.
2026-05-24 12:10:04 | INFO     | src.data.cache_manager         | Appending live month to cache
2026-05-24 12:10:04 | INFO     | src.data.cache_manager         | Live month appended. New last cached date: 2026-01-02
2026-05-24 12:10:04 | INFO     | src.data.loader                | Live month appended successfully. Cutoff: 2025-12-31
2026-05-24 12:10:05 | INFO     | src.features.features          | compute_features: 890 weekly rows | 10 tickers | warm-up = 30 rows
2026-05-24 12:10:05 | WARNING  | src.nlp.nlp                    | News directory not found: data\news\2025\12 — returning 0.0 (neutral)
2026-05-24 12:10:05 | WARNING  | src.signals.regime             | _build_monthly_feature_matrix: 'embi' is entirely NaN — filling with 0.0
2026-05-24 12:10:05 | INFO     | src.signals.regime             | Regime prediction: risk_on (p=0.705) | month=2025-12 | nlp_score=0.0000
2026-05-24 12:10:05 | INFO     | src.allocation.allocator       | compute_weights: risk_on (p=0.705) | active=[BMA=1.303, CEPU=1.414, CRESY=1.251, EDN=1.159, GGAL=1.188, IRS=1.153, LOMA=1.237, PAM=1.182, TGS=1.145, YPF=1.120] | excluded=[none] | BMA=0.1000 CEPU=0.1000 CRESY=0.1000 EDN=0.1000 GGAL=0.1000 IRS=0.1000 LOMA=0.1000 PAM=0.1000 TGS=0.1000 YPF=0.1000
2026-05-24 12:10:05 | INFO     | __main__                       | 2025-12 | risk_on (p=0.705) | nlp=0.0000 | active=10 excluded=0
2026-05-24 12:10:05 | INFO     | src.utils.utils                | [DONE]  live 2025-12 — 9.61s
2026-05-24 12:10:05 | INFO     | __main__                       | Live loop complete: 24/24 months succeeded.
2026-05-24 12:10:05 | INFO     | src.utils.utils                | [START] backtest
2026-05-24 12:10:05 | INFO     | src.backtest.engine            | Rebalance: decision=2024-01 | initial → risk_off | execution=2024-02-05
2026-05-24 12:10:05 | INFO     | src.backtest.engine            | Rebalance: decision=2024-02 | risk_off → risk_on | execution=2024-03-04
2026-05-24 12:10:05 | INFO     | src.backtest.engine            | Rebalance: decision=2024-11 | risk_on → risk_off | execution=2024-12-02
2026-05-24 12:10:05 | INFO     | src.backtest.engine            | Rebalance: decision=2024-12 | risk_off → risk_on | execution=2025-01-01
2026-05-24 12:10:05 | INFO     | src.backtest.engine            | Rebalance: decision=2025-02 | risk_on → risk_off | execution=2025-03-03
2026-05-24 12:10:05 | INFO     | src.backtest.engine            | Rebalance: decision=2025-05 | risk_off → risk_on | execution=2025-06-02
2026-05-24 12:10:05 | INFO     | src.backtest.engine            | Rebalance: decision=2025-08 | risk_on → risk_off | execution=2025-09-01
2026-05-24 12:10:05 | INFO     | src.backtest.engine            | Rebalance: decision=2025-10 | risk_off → risk_on | execution=2025-11-03
2026-05-24 12:10:05 | WARNING  | src.backtest.benchmarks        | _al30d_static: no AL30D data for 2024-02-05 → 2025-12-29
2026-05-24 12:10:05 | INFO     | src.backtest.engine            | Backtest complete: 2024-02-05 → 2025-12-29 | 101 weeks | 8 rebalances
2026-05-24 12:10:05 | INFO     | src.utils.utils                | [DONE]  backtest — 0.10s
2026-05-24 12:10:05 | INFO     | src.utils.utils                | [START] metrics + outputs 2024
2026-05-24 12:10:05 | INFO     | src.metrics.metrics            | Portfolio — total_return=133.04%  ann_return=150.07%  sharpe=3.93  max_dd=-14.10%
2026-05-24 12:10:05 | INFO     | src.metrics.metrics            | EW B&H ADRs      — total_return=136.42%  ann_return=154.00%  sharpe=3.97
2026-05-24 12:10:05 | INFO     | src.metrics.metrics            | AL30D Static     — total_return=nan%  ann_return=nan%  sharpe=nan
2026-05-24 12:10:05 | INFO     | src.metrics.metrics            | Merval USD       — total_return=129.21%  ann_return=58.23%  sharpe=1.67
2026-05-24 12:10:05 | INFO     | src.metrics.metrics            | Saved: results\2024\performance_metrics.csv
2026-05-24 12:10:12 | INFO     | src.metrics.visualizer         | Saved: results\2024\figures\equity_curves.png (+ .pdf)
2026-05-24 12:10:13 | INFO     | src.metrics.visualizer         | Saved: results\2024\figures\drawdown.png (+ .pdf)
2026-05-24 12:10:13 | INFO     | __main__                       | portfolio_weights.csv → results\2024\portfolio_weights.csv (12 rows)
2026-05-24 12:10:13 | INFO     | src.utils.utils                | [DONE]  metrics + outputs 2024 — 8.07s
2026-05-24 12:10:13 | INFO     | src.utils.utils                | Snapshot saved: results\2024\snapshot_20260524_151013.json
2026-05-24 12:10:13 | INFO     | __main__                       | Year 2024 outputs saved → results\2024 | rebalances=3 | total_return=133.04%
2026-05-24 12:10:13 | INFO     | src.utils.utils                | [START] metrics + outputs 2025
2026-05-24 12:10:13 | INFO     | src.metrics.metrics            | Portfolio — total_return=-23.15%  ann_return=-22.77%  sharpe=-0.57  max_dd=-41.29%
2026-05-24 12:10:13 | INFO     | src.metrics.metrics            | EW B&H ADRs      — total_return=-11.85%  ann_return=-11.64%  sharpe=-0.19
2026-05-24 12:10:13 | INFO     | src.metrics.metrics            | AL30D Static     — total_return=nan%  ann_return=nan%  sharpe=nan
2026-05-24 12:10:13 | INFO     | src.metrics.metrics            | Merval USD       — total_return=-15.79%  ann_return=-8.16%  sharpe=-0.18
2026-05-24 12:10:13 | INFO     | src.metrics.metrics            | Saved: results\2025\performance_metrics.csv
2026-05-24 12:10:13 | INFO     | src.metrics.visualizer         | Saved: results\2025\figures\equity_curves.png (+ .pdf)
2026-05-24 12:10:14 | INFO     | src.metrics.visualizer         | Saved: results\2025\figures\drawdown.png (+ .pdf)
2026-05-24 12:10:14 | INFO     | __main__                       | portfolio_weights.csv → results\2025\portfolio_weights.csv (12 rows)
2026-05-24 12:10:14 | INFO     | src.utils.utils                | [DONE]  metrics + outputs 2025 — 1.28s
2026-05-24 12:10:14 | INFO     | src.utils.utils                | Snapshot saved: results\2025\snapshot_20260524_151014.json
2026-05-24 12:10:14 | INFO     | __main__                       | Year 2025 outputs saved → results\2025 | rebalances=5 | total_return=-23.15%
2026-05-24 12:10:14 | INFO     | __main__                       | Live mode complete. All outputs written to results/
